recipe_id,recipe_name,image_url,ingredients,cooking_directions,nutritions
240488,"Pork Loin, Apples, and Sauerkraut",https://images.media-allrecipes.com/userphotos/720x405/1897772.jpg,sauerkraut drained^Granny Smith apples sliced^large onion^caraway seeds^apple cider divided^brown sugar^Rub:^Thai seasoning^salt^garlic powder^ground black pepper^boneless pork loin roast,"{'directions': u'Prep\n15 m\nCook\n2 h 30 m\nReady In\n2 h 45 m\nPreheat oven to 325 degrees F (165 degrees C).\nMix sauerkraut, apples, onion, and caraway seeds in a large roasting pan. Stir 1/4 cup apple cider and brown sugar together in a separate bowl; pour over sauerkraut mixture.\nStir Thai seasoning, salt, garlic powder, and black pepper together in a small bowl; rub onto the top and bottom of the roast.\nMake an indentation in the center of the sauerkraut mixture and place the seasoned roast in the indentation. Pour the remaining apple cider around the roast.\nBake in the preheated oven for 1 hour; baste roast with juices. Continue baking roast, basting every 30 minutes, until cooked through, 2 1/2 to 3 hours. An instant-read thermometer inserted into the center should read at least 145 degrees F (63 degrees C).'}","{u'niacin': {u'hasCompleteData': False, u'name': u'Niacin Equivalents', u'amount': 15.6016, u'percentDailyValue': u'120', u'displayValue': u'16', u'unit': u'mg'}, u'sugars': {u'hasCompleteData': False, u'name': u'Sugars', u'amount': 19.84146, u'percentDailyValue': u'0', u'displayValue': u'19.8', u'unit': u'g'}, u'sodium': {u'hasCompleteData': False, u'name': u'Sodium', u'amount': 2606.764, u'percentDailyValue': u'104', u'displayValue': u'2607', u'unit': u'mg'}, u'carbohydrates': {u'hasCompleteData': True, u'name': u'Carbohydrates', u'amount': 32.08176, u'percentDailyValue': u'10', u'displayValue': u'32.1', u'unit': u'g'}, u'vitaminB6': {u'hasCompleteData': False, u'name': u'Vitamin B6', u'amount': 1.328631, u'percentDailyValue': u'83', u'displayValue': u'1', u'unit': u'mg'}, u'calories': {u'hasCompleteData': True, u'name': u'Calories', u'amount': 371.7219, u'percentDailyValue': u'19', u'displayValue': u'372', u'unit': u'kcal'}, u'thiamin': {u'hasCompleteData': False, u'name': u'Thiamin', u'amount': 0.8423121, u'percentDailyValue': u'84', u'displayValue': u'< 1', u'unit': u'mg'}, u'fat': {u'hasCompleteData': True, u'name': u'Fat', u'amount': 11.67521, u'percentDailyValue': u'18', u'displayValue': u'11.7', u'unit': u'g'}, u'folate': {u'hasCompleteData': False, u'name': u'Folate', u'amount': 83.73925, u'percentDailyValue': u'47', u'displayValue': u'84', u'unit': u'mcg'}, u'caloriesFromFat': {u'hasCompleteData': True, u'name': u'Calories from Fat', u'amount': 105.0769, u'percentDailyValue': u'-', u'displayValue': u'105', u'unit': u'kcal'}, u'calcium': {u'hasCompleteData': True, u'name': u'Calcium', u'amount': 135.4538, u'percentDailyValue': u'17', u'displayValue': u'135', u'unit': u'mg'}, u'fiber': {u'hasCompleteData': False, u'name': u'Dietary Fiber', u'amount': 10.22336, u'percentDailyValue': u'41', u'displayValue': u'10.2', u'unit': u'g'}, u'magnesium': {u'hasCompleteData': False, u'name': u'Magnesium', u'amount': 80.73712, u'percentDailyValue': u'29', u'displayValue': u'81', u'unit': u'mg'}, u'iron': {u'hasCompleteData': True, u'name': u'Iron', u'amount': 6.622245, u'percentDailyValue': u'66', u'displayValue': u'7', u'unit': u'mg'}, u'cholesterol': {u'hasCompleteData': False, u'name': u'Cholesterol', u'amount': 99.2, u'percentDailyValue': u'33', u'displayValue': u'99', u'unit': u'mg'}, u'protein': {u'hasCompleteData': True, u'name': u'Protein', u'amount': 36.39878, u'percentDailyValue': u'73', u'displayValue': u'36.4', u'unit': u'g'}, u'vitaminA': {u'hasCompleteData': False, u'name': u'Vitamin A - IU', u'amount': 73.17785, u'percentDailyValue': u'1', u'displayValue': u'73', u'unit': u'IU'}, u'potassium': {u'hasCompleteData': False, u'name': u'Potassium', u'amount': 1088.923, u'percentDailyValue': u'31', u'displayValue': u'1089', u'unit': u'mg'}, u'saturatedFat': {u'hasCompleteData': False, u'name': u'Saturated Fat', u'amount': 3.646474, u'percentDailyValue': u'18', u'displayValue': u'3.6', u'unit': u'g'}, u'vitaminC': {u'hasCompleteData': False, u'name': u'Vitamin C', u'amount': 52.76848, u'percentDailyValue': u'88', u'displayValue': u'53', u'unit': u'mg'}}
"
218939,Foolproof Rosemary Chicken Wings,https://images.media-allrecipes.com/userphotos/720x405/3852182.jpg,chicken wings^sprigs rosemary^head garlic^olive oil^lemon pepper^seasoned salt,"{'directions': u""Prep\n20 m\nCook\n40 m\nReady In\n1 h\nPreheat an oven to 350 degrees F (175 degrees C).\nArrange the chicken wings, rosemary, and garlic cloves on a broiler-proof baking sheet, making sure the chicken pieces are not touching. Drizzle the olive oil over the chicken and garlic. Season the wings on all sides with the lemon pepper and seasoned salt.\nBake in the preheated oven until chicken meat is no longer pink at the bone and the juices run clear, 35 to 40 minutes, turning the wings once about halfway through the cooking time. An instant-read thermometer inserted into the thickest part of a wing should read at least 160 degrees F (70 degrees C).\nTake the baking sheet from the oven and set the oven's broiler to High. Remove the garlic and rosemary from the sheet and set aside. Turn the wings again.\nBroil the wings until golden brown, about 5 minutes. Garnish with the rosemary sprigs and garlic to serve.""}","{u'niacin': {u'hasCompleteData': True, u'name': u'Niacin Equivalents', u'amount': 10.06679, u'percentDailyValue': u'77', u'displayValue': u'10', u'unit': u'mg'}, u'sugars': {u'hasCompleteData': False, u'name': u'Sugars', u'amount': 0.2361299, u'percentDailyValue': u'0', u'displayValue': u'0.2', u'unit': u'g'}, u'sodium': {u'hasCompleteData': True, u'name': u'Sodium', u'amount': 762.805, u'percentDailyValue': u'31', u'displayValue': u'763', u'unit': u'mg'}, u'carbohydrates': {u'hasCompleteData': True, u'name': u'Carbohydrates', u'amount': 6.071931, u'percentDailyValue': u'2', u'displayValue': u'6.1', u'unit': u'g'}, u'vitaminB6': {u'hasCompleteData': True, u'name': u'Vitamin B6', u'amount': 0.5538, u'percentDailyValue': u'35', u'displayValue': u'< 1', u'unit': u'mg'}, u'calories': {u'hasCompleteData': True, u'name': u'Calories', u'amount': 335.1655, u'percentDailyValue': u'17', u'displayValue': u'335', u'unit': u'kcal'}, u'thiamin': {u'hasCompleteData': False, u'name': u'Thiamin', u'amount': 0.06496, u'percentDailyValue': u'6', u'displayValue': u'< 1', u'unit': u'mg'}, u'fat': {u'hasCompleteData': True, u'name': u'Fat', u'amount': 23.62519, u'percentDailyValue': u'36', u'displayValue': u'23.6', u'unit': u'g'}, u'folate': {u'hasCompleteData': True, u'name': u'Folate', u'amount': 6.907802, u'percentDailyValue': u'4', u'displayValue': u'7', u'unit': u'mcg'}, u'caloriesFromFat': {u'hasCompleteData': True, u'name': u'Calories from Fat', u'amount': 212.6267, u'percentDailyValue': u'-', u'displayValue': u'213', u'unit': u'kcal'}, u'calcium': {u'hasCompleteData': True, u'name': u'Calcium', u'amount': 60.08832, u'percentDailyValue': u'8', u'displayValue': u'60', u'unit': u'mg'}, u'fiber': {u'hasCompleteData': True, u'name': u'Dietary Fiber', u'amount': 0.8866814, u'percentDailyValue': u'4', u'displayValue': u'0.9', u'unit': u'g'}, u'magnesium': {u'hasCompleteData': True, u'name': u'Magnesium', u'amount': 24.21298, u'percentDailyValue': u'9', u'displayValue': u'24', u'unit': u'mg'}, u'iron': {u'hasCompleteData': True, u'name': u'Iron', u'amount': 1.704567, u'percentDailyValue': u'17', u'displayValue': u'2', u'unit': u'mg'}, u'cholesterol': {u'hasCompleteData': True, u'name': u'Cholesterol', u'amount': 71.4, u'percentDailyValue': u'24', u'displayValue': u'71', u'unit': u'mg'}, u'protein': {u'hasCompleteData': True, u'name': u'Protein', u'amount': 23.91265, u'percentDailyValue': u'48', u'displayValue': u'23.9', u'unit': u'g'}, u'vitaminA': {u'hasCompleteData': True, u'name': u'Vitamin A - IU', u'amount': 359.364, u'percentDailyValue': u'7', u'displayValue': u'359', u'unit': u'IU'}, u'potassium': {u'hasCompleteData': True, u'name': u'Potassium', u'amount': 249.1827, u'percentDailyValue': u'7', u'displayValue': u'249', u'unit': u'mg'}, u'saturatedFat': {u'hasCompleteData': True, u'name': u'Saturated Fat', u'amount': 5.683611, u'percentDailyValue': u'28', u'displayValue': u'5.7', u'unit': u'g'}, u'vitaminC': {u'hasCompleteData': True, u'name': u'Vitamin C', u'amount': 5.307448, u'percentDailyValue': u'9', u'displayValue': u'5', u'unit': u'mg'}}
"
87211,Chicken Pesto Paninis,https://images.media-allrecipes.com/userphotos/720x405/956156.jpg,focaccia bread quartered^prepared basil pesto^diced cooked chicken^diced green bell pepper^diced red onion^shredded Monterey Jack cheese,"{'directions': u'Prep\n15 m\nCook\n5 m\nReady In\n20 m\nPreheat a panini grill.\nSlice each quarter of focaccia bread in half horizontally. Spread each half with pesto. Layer bottom halves with equal amounts chicken, bell pepper, onion, and cheese. Top with remaining focaccia halves, forming 4 sandwiches.\nGrill paninis 5 minutes in the preheated grill, or until focaccia bread is golden brown and cheese is melted.'}","{u'niacin': {u'hasCompleteData': True, u'name': u'Niacin Equivalents', u'amount': 13.22826, u'percentDailyValue': u'102', u'displayValue': u'13', u'unit': u'mg'}, u'sugars': {u'hasCompleteData': False, u'name': u'Sugars', u'amount': 1.97421, u'percentDailyValue': u'0', u'displayValue': u'2', u'unit': u'g'}, u'sodium': {u'hasCompleteData': True, u'name': u'Sodium', u'amount': 1075.527, u'percentDailyValue': u'43', u'displayValue': u'1076', u'unit': u'mg'}, u'carbohydrates': {u'hasCompleteData': True, u'name': u'Carbohydrates', u'amount': 60.85943, u'percentDailyValue': u'20', u'displayValue': u'60.9', u'unit': u'g'}, u'vitaminB6': {u'hasCompleteData': True, u'name': u'Vitamin B6', u'amount': 0.2734955, u'percentDailyValue': u'17', u'displayValue': u'< 1', u'unit': u'mg'}, u'calories': {u'hasCompleteData': True, u'name': u'Calories', u'amount': 640.5617, u'percentDailyValue': u'32', u'displayValue': u'641', u'unit': u'kcal'}, u'thiamin': {u'hasCompleteData': False, u'name': u'Thiamin', u'amount': 0.03088, u'percentDailyValue': u'3', u'displayValue': u'< 1', u'unit': u'mg'}, u'fat': {u'hasCompleteData': True, u'name': u'Fat', u'amount': 29.36761, u'percentDailyValue': u'45', u'displayValue': u'29.4', u'unit': u'g'}, u'folate': {u'hasCompleteData': True, u'name': u'Folate', u'amount': 234.2137, u'percentDailyValue': u'130', u'displayValue': u'234', u'unit': u'mcg'}, u'caloriesFromFat': {u'hasCompleteData': True, u'name': u'Calories from Fat', u'amount': 264.3085, u'percentDailyValue': u'-', u'displayValue': u'264', u'unit': u'kcal'}, u'calcium': {u'hasCompleteData': True, u'name': u'Calcium', u'amount': 528.4617, u'percentDailyValue': u'66', u'displayValue': u'528', u'unit': u'mg'}, u'fiber': {u'hasCompleteData': True, u'name': u'Dietary Fiber', u'amount': 4.441335, u'percentDailyValue': u'18', u'displayValue': u'4.4', u'unit': u'g'}, u'magnesium': {u'hasCompleteData': True, u'name': u'Magnesium', u'amount': 64.67662, u'percentDailyValue': u'23', u'displayValue': u'65', u'unit': u'mg'}, u'iron': {u'hasCompleteData': True, u'name': u'Iron', u'amount': 5.01162, u'percentDailyValue': u'50', u'displayValue': u'5', u'unit': u'mg'}, u'cholesterol': {u'hasCompleteData': True, u'name': u'Cholesterol', u'amount': 61.38938, u'percentDailyValue': u'20', u'displayValue': u'61', u'unit': u'mg'}, u'protein': {u'hasCompleteData': True, u'name': u'Protein', u'amount': 32.37537, u'percentDailyValue': u'65', u'displayValue': u'32.4', u'unit': u'g'}, u'vitaminA': {u'hasCompleteData': True, u'name': u'Vitamin A - IU', u'amount': 604.7537, u'percentDailyValue': u'12', u'displayValue': u'605', u'unit': u'IU'}, u'potassium': {u'hasCompleteData': True, u'name': u'Potassium', u'amount': 348.8067, u'percentDailyValue': u'10', u'displayValue': u'349', u'unit': u'mg'}, u'saturatedFat': {u'hasCompleteData': True, u'name': u'Saturated Fat', u'amount': 10.91876, u'percentDailyValue': u'55', u'displayValue': u'10.9', u'unit': u'g'}, u'vitaminC': {u'hasCompleteData': True, u'name': u'Vitamin C', u'amount': 18.01502, u'percentDailyValue': u'30', u'displayValue': u'18', u'unit': u'mg'}}
"
245714,Potato Bacon Pizza,https://images.media-allrecipes.com/userphotos/720x405/3806117.jpg,red potatoes^strips bacon^Sauce:^heavy whipping cream^butter^minced garlic^grated Parmesan cheese^Crust:^warm water (125 degrees F 52 degrees C)^honey^active dry yeast^vegetable oil^all-purpose flour^shredded mozzarella cheese,"{'directions': u'Prep\n20 m\nCook\n45 m\nReady In\n1 h 10 m\nPlace potato slices in a deep skillet and cover with 1 inch of water. Bring to a boil; reduce heat and simmer until just tender, about 5 minutes. Drain; set aside to cool.\nPlace bacon slices in a large skillet and cook over medium-high heat, turning occasionally, until evenly browned, about 10 minutes. Drain bacon slices on paper towels; set aside to cool.\nHeat cream, butter, and garlic together in a small saucepan over medium heat, stirring occasionally, until butter is melted, about 5 minutes. Add Parmesan cheese; stir until melted. Reduce heat to low and simmer sauce, uncovered, until thick, about 5 minutes.\nPreheat oven to 425 degrees F (220 degrees C). Grease 2 pizza pans.\nCombine warm water, honey, and yeast in a large bowl. Let stand until yeast softens and begins to form a creamy foam, about 5 minutes.\nStir oil into yeast mixture. Mix in flour, 1 cup at a time, until dough starts to come together. Turn out dough onto a well-floured surface. Knead, adding more flour as you work, until dough is no longer sticky. Divide dough into 2 pieces and roll out to the size of your pizza pans; transfer to greased pans.\nBake in the preheated oven until crusts are lightly golden, about 5 minutes. Remove from oven and spread sauce over both crusts. Cover sauce with potato slices. Crumble bacon slices over potatoes and cover with mozzarella cheese.\nBake pizzas in the preheated oven until crusts are golden brown and cheese is bubbly, about 10 minutes.'}","{u'niacin': {u'hasCompleteData': True, u'name': u'Niacin Equivalents', u'amount': 3.013383, u'percentDailyValue': u'23', u'displayValue': u'3', u'unit': u'mg'}, u'sugars': {u'hasCompleteData': True, u'name': u'Sugars', u'amount': 2.452803, u'percentDailyValue': u'0', u'displayValue': u'2.5', u'unit': u'g'}, u'sodium': {u'hasCompleteData': True, u'name': u'Sodium', u'amount': 189.8088, u'percentDailyValue': u'8', u'displayValue': u'190', u'unit': u'mg'}, u'carbohydrates': {u'hasCompleteData': True, u'name': u'Carbohydrates', u'amount': 16.51869, u'percentDailyValue': u'5', u'displayValue': u'16.5', u'unit': u'g'}, u'vitaminB6': {u'hasCompleteData': True, u'name': u'Vitamin B6', u'amount': 0.05571834, u'percentDailyValue': u'3', u'displayValue': u'< 1', u'unit': u'mg'}, u'calories': {u'hasCompleteData': True, u'name': u'Calories', u'amount': 162.6685, u'percentDailyValue': u'8', u'displayValue': u'163', u'unit': u'kcal'}, u'thiamin': {u'hasCompleteData': True, u'name': u'Thiamin', u'amount': 0.1659426, u'percentDailyValue': u'17', u'displayValue': u'< 1', u'unit': u'mg'}, u'fat': {u'hasCompleteData': True, u'name': u'Fat', u'amount': 7.600288, u'percentDailyValue': u'12', u'displayValue': u'7.6', u'unit': u'g'}, u'folate': {u'hasCompleteData': True, u'name': u'Folate', u'amount': 49.48131, u'percentDailyValue': u'27', u'displayValue': u'49', u'unit': u'mcg'}, u'caloriesFromFat': {u'hasCompleteData': True, u'name': u'Calories from Fat', u'amount': 68.40259, u'percentDailyValue': u'-', u'displayValue': u'68', u'unit': u'kcal'}, u'calcium': {u'hasCompleteData': True, u'name': u'Calcium', u'amount': 132.2265, u'percentDailyValue': u'17', u'displayValue': u'132', u'unit': u'mg'}, u'fiber': {u'hasCompleteData': True, u'name': u'Dietary Fiber', u'amount': 0.7490915, u'percentDailyValue': u'3', u'displayValue': u'0.7', u'unit': u'g'}, u'magnesium': {u'hasCompleteData': True, u'name': u'Magnesium', u'amount': 11.4193, u'percentDailyValue': u'4', u'displayValue': u'11', u'unit': u'mg'}, u'iron': {u'hasCompleteData': True, u'name': u'Iron', u'amount': 1.024803, u'percentDailyValue': u'10', u'displayValue': u'1', u'unit': u'mg'}, u'cholesterol': {u'hasCompleteData': True, u'name': u'Cholesterol', u'amount': 21.5561, u'percentDailyValue': u'7', u'displayValue': u'22', u'unit': u'mg'}, u'protein': {u'hasCompleteData': True, u'name': u'Protein', u'amount': 7.059566, u'percentDailyValue': u'14', u'displayValue': u'7.1', u'unit': u'g'}, u'vitaminA': {u'hasCompleteData': True, u'name': u'Vitamin A - IU', u'amount': 168.3245, u'percentDailyValue': u'3', u'displayValue': u'168', u'unit': u'IU'}, u'potassium': {u'hasCompleteData': True, u'name': u'Potassium', u'amount': 106.8477, u'percentDailyValue': u'3', u'displayValue': u'107', u'unit': u'mg'}, u'saturatedFat': {u'hasCompleteData': True, u'name': u'Saturated Fat', u'amount': 3.975159, u'percentDailyValue': u'20', u'displayValue': u'4', u'unit': u'g'}, u'vitaminC': {u'hasCompleteData': True, u'name': u'Vitamin C', u'amount': 0.9057972, u'percentDailyValue': u'2', u'displayValue': u'< 1', u'unit': u'mg'}}
"
218545,Latin-Inspired Spicy Cream Chicken Stew,https://images.media-allrecipes.com/userphotos/720x405/1104734.jpg,skinless boneless chicken breast halves^diced tomatoes^green salsa^black beans rinsed and drained^pinto beans drained and rinsed^kernel corn^taco seasoning^chopped fresh cilantro^ground red chile pepper^ground cumin^cream cheese,"{'directions': u'Prep\n10 m\nCook\n8 h 15 m\nReady In\n8 h 25 m\nPlace the chicken breasts into the bottom of a slow cooker, and pour tomatoes, green salsa, black beans, pinto beans, and corn over the chicken. Sprinkle taco seasoning, cilantro, ground red chile, and cumin over the mixture, and stir to combine. Cover the cooker, set on Low, and cook until chicken is very tender and the mixture has thickened, 8 to 10 hours.\nFor soup, leave all liquid in the cooker; for a thicker stew, remove some liquid if desired. Mix 1 or 2 tablespoons of liquid with cream cheese in a bowl, stir until smooth, and mix the cream cheese into the cooker to make a creamy sauce. Continue to cook for 15 minutes, then serve.'}","{u'niacin': {u'hasCompleteData': False, u'name': u'Niacin Equivalents', u'amount': 10.37677, u'percentDailyValue': u'80', u'displayValue': u'10', u'unit': u'mg'}, u'sugars': {u'hasCompleteData': False, u'name': u'Sugars', u'amount': 8.222667, u'percentDailyValue': u'0', u'displayValue': u'8.2', u'unit': u'g'}, u'sodium': {u'hasCompleteData': True, u'name': u'Sodium', u'amount': 1301.888, u'percentDailyValue': u'52', u'displayValue': u'1302', u'unit': u'mg'}, u'carbohydrates': {u'hasCompleteData': True, u'name': u'Carbohydrates', u'amount': 37.40297, u'percentDailyValue': u'12', u'displayValue': u'37.4', u'unit': u'g'}, u'vitaminB6': {u'hasCompleteData': False, u'name': u'Vitamin B6', u'amount': 0.2954949, u'percentDailyValue': u'18', u'displayValue': u'< 1', u'unit': u'mg'}, u'calories': {u'hasCompleteData': True, u'name': u'Calories', u'amount': 334.0075, u'percentDailyValue': u'17', u'displayValue': u'334', u'unit': u'kcal'}, u'thiamin': {u'hasCompleteData': False, u'name': u'Thiamin', u'amount': 0.1588362, u'percentDailyValue': u'16', u'displayValue': u'< 1', u'unit': u'mg'}, u'fat': {u'hasCompleteData': True, u'name': u'Fat', u'amount': 7.977177, u'percentDailyValue': u'12', u'displayValue': u'8', u'unit': u'g'}, u'folate': {u'hasCompleteData': False, u'name': u'Folate', u'amount': 81.61906, u'percentDailyValue': u'45', u'displayValue': u'82', u'unit': u'mcg'}, u'caloriesFromFat': {u'hasCompleteData': True, u'name': u'Calories from Fat', u'amount': 71.79459, u'percentDailyValue': u'-', u'displayValue': u'72', u'unit': u'kcal'}, u'calcium': {u'hasCompleteData': True, u'name': u'Calcium', u'amount': 110.3477, u'percentDailyValue': u'14', u'displayValue': u'110', u'unit': u'mg'}, u'fiber': {u'hasCompleteData': False, u'name': u'Dietary Fiber', u'amount': 8.019139, u'percentDailyValue': u'32', u'displayValue': u'8', u'unit': u'g'}, u'magnesium': {u'hasCompleteData': False, u'name': u'Magnesium', u'amount': 52.80169, u'percentDailyValue': u'19', u'displayValue': u'53', u'unit': u'mg'}, u'iron': {u'hasCompleteData': True, u'name': u'Iron', u'amount': 6.285045, u'percentDailyValue': u'63', u'displayValue': u'6', u'unit': u'mg'}, u'cholesterol': {u'hasCompleteData': True, u'name': u'Cholesterol', u'amount': 61.5725, u'percentDailyValue': u'21', u'displayValue': u'62', u'unit': u'mg'}, u'protein': {u'hasCompleteData': True, u'name': u'Protein', u'amount': 26.12021, u'percentDailyValue': u'52', u'displayValue': u'26.1', u'unit': u'g'}, u'vitaminA': {u'hasCompleteData': True, u'name': u'Vitamin A - IU', u'amount': 1584.87, u'percentDailyValue': u'32', u'displayValue': u'1585', u'unit': u'IU'}, u'potassium': {u'hasCompleteData': False, u'name': u'Potassium', u'amount': 665.3068, u'percentDailyValue': u'19', u'displayValue': u'665', u'unit': u'mg'}, u'saturatedFat': {u'hasCompleteData': False, u'name': u'Saturated Fat', u'amount': 3.887164, u'percentDailyValue': u'19', u'displayValue': u'3.9', u'unit': u'g'}, u'vitaminC': {u'hasCompleteData': True, u'name': u'Vitamin C', u'amount': 14.06487, u'percentDailyValue': u'23', u'displayValue': u'14', u'unit': u'mg'}}
"
20453,Reuben Sandwich I,https://images.media-allrecipes.com/userphotos/250x250/225943.jpg,rye bread^butter^thinly sliced corned beef^sauerkraut^mozzarella cheese,"{'directions': u'Cook\n5 m\nReady In\n5 m\nHeat medium skillet over medium heat. Butter bread on one side. Place one slice of bread, buttered side down, in skillet. Layer corned beef, sauerkraut and mozzarella on bread. Top with remaining slice of bread. Cook, turning once, until bread is browned, sandwich is heated through and cheese is melted. Serve immediately.'}","{u'niacin': {u'hasCompleteData': True, u'name': u'Niacin Equivalents', u'amount': 7.91757, u'percentDailyValue': u'61', u'displayValue': u'8', u'unit': u'mg'}, u'sugars': {u'hasCompleteData': True, u'name': u'Sugars', u'amount': 3.700523, u'percentDailyValue': u'0', u'displayValue': u'3.7', u'unit': u'g'}, u'sodium': {u'hasCompleteData': True, u'name': u'Sodium', u'amount': 1682.712, u'percentDailyValue': u'67', u'displayValue': u'1683', u'unit': u'mg'}, u'carbohydrates': {u'hasCompleteData': True, u'name': u'Carbohydrates', u'amount': 34.35612, u'percentDailyValue': u'11', u'displayValue': u'34.4', u'unit': u'g'}, u'vitaminB6': {u'hasCompleteData': True, u'name': u'Vitamin B6', u'amount': 0.269626, u'percentDailyValue': u'17', u'displayValue': u'< 1', u'unit': u'mg'}, u'calories': {u'hasCompleteData': True, u'name': u'Calories', u'amount': 489.254, u'percentDailyValue': u'24', u'displayValue': u'489', u'unit': u'kcal'}, u'thiamin': {u'hasCompleteData': True, u'name': u'Thiamin', u'amount': 0.30983, u'percentDailyValue': u'31', u'displayValue': u'< 1', u'unit': u'mg'}, u'fat': {u'hasCompleteData': True, u'name': u'Fat', u'amount': 28.79442, u'percentDailyValue': u'44', u'displayValue': u'28.8', u'unit': u'g'}, u'folate': {u'hasCompleteData': True, u'name': u'Folate', u'amount': 90.146, u'percentDailyValue': u'50', u'displayValue': u'90', u'unit': u'mcg'}, u'caloriesFromFat': {u'hasCompleteData': True, u'name': u'Calories from Fat', u'amount': 259.1498, u'percentDailyValue': u'-', u'displayValue': u'259', u'unit': u'kcal'}, u'calcium': {u'hasCompleteData': True, u'name': u'Calcium', u'amount': 290.368, u'percentDailyValue': u'36', u'displayValue': u'290', u'unit': u'mg'}, u'fiber': {u'hasCompleteData': True, u'name': u'Dietary Fiber', u'amount': 5.197197, u'percentDailyValue': u'21', u'displayValue': u'5.2', u'unit': u'g'}, u'magnesium': {u'hasCompleteData': True, u'name': u'Magnesium', u'amount': 46.324, u'percentDailyValue': u'17', u'displayValue': u'46', u'unit': u'mg'}, u'iron': {u'hasCompleteData': True, u'name': u'Iron', u'amount': 3.74044, u'percentDailyValue': u'37', u'displayValue': u'4', u'unit': u'mg'}, u'cholesterol': {u'hasCompleteData': True, u'name': u'Cholesterol', u'amount': 103.33, u'percentDailyValue': u'34', u'displayValue': u'103', u'unit': u'mg'}, u'protein': {u'hasCompleteData': True, u'name': u'Protein', u'amount': 23.0383, u'percentDailyValue': u'46', u'displayValue': u'23', u'unit': u'g'}, u'vitaminA': {u'hasCompleteData': True, u'name': u'Vitamin A - IU', u'amount': 504.098, u'percentDailyValue': u'10', u'displayValue': u'504', u'unit': u'IU'}, u'potassium': {u'hasCompleteData': True, u'name': u'Potassium', u'amount': 309.568, u'percentDailyValue': u'9', u'displayValue': u'310', u'unit': u'mg'}, u'saturatedFat': {u'hasCompleteData': True, u'name': u'Saturated Fat', u'amount': 14.09626, u'percentDailyValue': u'70', u'displayValue': u'14.1', u'unit': u'g'}, u'vitaminC': {u'hasCompleteData': True, u'name': u'Vitamin C', u'amount': 8.488, u'percentDailyValue': u'14', u'displayValue': u'8', u'unit': u'mg'}}
"
244856,Turkey Black Bean Burgers,https://images.media-allrecipes.com/userphotos/720x405/4463159.jpg,extra lean ground turkey^cooked black beans coarsely chopped^chopped onion^chopped tomato^chopped fresh parsley^egg white^garlic^dried oregano^ground cumin^sea salt and ground black pepper to taste,"{'directions': u'Prep\n10 m\nCook\n8 m\nReady In\n18 m\nCombine turkey, black beans, onion, tomato, parsley, egg white, garlic, oregano, cumin, salt, and pepper together in a bowl until well combined; form into 4 patties.\nHeat a greased skillet over medium heat; cook patties until no longer pink in the center, 4 to 5 minutes per side. An instant-read thermometer inserted into the center should read at least 165 degrees F (74 degrees C).'}","{u'niacin': {u'hasCompleteData': True, u'name': u'Niacin Equivalents', u'amount': 9.112876, u'percentDailyValue': u'70', u'displayValue': u'9', u'unit': u'mg'}, u'sugars': {u'hasCompleteData': False, u'name': u'Sugars', u'amount': 0.8452163, u'percentDailyValue': u'0', u'displayValue': u'0.8', u'unit': u'g'}, u'sodium': {u'hasCompleteData': True, u'name': u'Sodium', u'amount': 276.9467, u'percentDailyValue': u'11', u'displayValue': u'277', u'unit': u'mg'}, u'carbohydrates': {u'hasCompleteData': True, u'name': u'Carbohydrates', u'amount': 7.551759, u'percentDailyValue': u'2', u'displayValue': u'7.6', u'unit': u'g'}, u'vitaminB6': {u'hasCompleteData': True, u'name': u'Vitamin B6', u'amount': 0.38657, u'percentDailyValue': u'24', u'displayValue': u'< 1', u'unit': u'mg'}, u'calories': {u'hasCompleteData': True, u'name': u'Calories', u'amount': 210.6642, u'percentDailyValue': u'11', u'displayValue': u'211', u'unit': u'kcal'}, u'thiamin': {u'hasCompleteData': False, u'name': u'Thiamin', u'amount': 0.107748, u'percentDailyValue': u'11', u'displayValue': u'< 1', u'unit': u'mg'}, u'fat': {u'hasCompleteData': True, u'name': u'Fat', u'amount': 8.858574, u'percentDailyValue': u'14', u'displayValue': u'8.9', u'unit': u'g'}, u'folate': {u'hasCompleteData': True, u'name': u'Folate', u'amount': 33.379, u'percentDailyValue': u'19', u'displayValue': u'33', u'unit': u'mcg'}, u'caloriesFromFat': {u'hasCompleteData': True, u'name': u'Calories from Fat', u'amount': 79.72717, u'percentDailyValue': u'-', u'displayValue': u'80', u'unit': u'kcal'}, u'calcium': {u'hasCompleteData': True, u'name': u'Calcium', u'amount': 52.496, u'percentDailyValue': u'7', u'displayValue': u'52', u'unit': u'mg'}, u'fiber': {u'hasCompleteData': True, u'name': u'Dietary Fiber', u'amount': 2.714937, u'percentDailyValue': u'11', u'displayValue': u'2.7', u'unit': u'g'}, u'magnesium': {u'hasCompleteData': True, u'name': u'Magnesium', u'amount': 39.36125, u'percentDailyValue': u'14', u'displayValue': u'39', u'unit': u'mg'}, u'iron': {u'hasCompleteData': True, u'name': u'Iron', u'amount': 3.878745, u'percentDailyValue': u'39', u'displayValue': u'4', u'unit': u'mg'}, u'cholesterol': {u'hasCompleteData': True, u'name': u'Cholesterol', u'amount': 83.895, u'percentDailyValue': u'28', u'displayValue': u'84', u'unit': u'mg'}, u'protein': {u'hasCompleteData': True, u'name': u'Protein', u'amount': 25.74544, u'percentDailyValue': u'51', u'displayValue': u'25.7', u'unit': u'g'}, u'vitaminA': {u'hasCompleteData': True, u'name': u'Vitamin A - IU', u'amount': 364.7262, u'percentDailyValue': u'7', u'displayValue': u'365', u'unit': u'IU'}, u'potassium': {u'hasCompleteData': True, u'name': u'Potassium', u'amount': 407.24, u'percentDailyValue': u'11', u'displayValue': u'407', u'unit': u'mg'}, u'saturatedFat': {u'hasCompleteData': True, u'name': u'Saturated Fat', u'amount': 2.248184, u'percentDailyValue': u'11', u'displayValue': u'2.2', u'unit': u'g'}, u'vitaminC': {u'hasCompleteData': True, u'name': u'Vitamin C', u'amount': 7.4153, u'percentDailyValue': u'12', u'displayValue': u'7', u'unit': u'mg'}}
"
22402,Cranberry Pork Chops II,https://images.media-allrecipes.com/userphotos/720x405/1604955.jpg,pork chops^fresh^white sugar^salt^ground black pepper^water as needed,"{'directions': u'Prep\n25 m\nCook\n45 m\nReady In\n1 h 10 m\nIn a skillet, brown chops slowly in oil; drain.\nAdd cranberries, sugar, salt and pepper to chops with 1/2 cup water to start. Bring to boil; reduce heat. Simmer, covered, for about 45 minutes or until tender but not dry. Add water if necessary to keep chops from drying out.'}","{u'niacin': {u'hasCompleteData': True, u'name': u'Niacin Equivalents', u'amount': 5.133446, u'percentDailyValue': u'39', u'displayValue': u'5', u'unit': u'mg'}, u'sugars': {u'hasCompleteData': True, u'name': u'Sugars', u'amount': 26.45939, u'percentDailyValue': u'0', u'displayValue': u'26.5', u'unit': u'g'}, u'sodium': {u'hasCompleteData': True, u'name': u'Sodium', u'amount': 409.1156, u'percentDailyValue': u'16', u'displayValue': u'409', u'unit': u'mg'}, u'carbohydrates': {u'hasCompleteData': True, u'name': u'Carbohydrates', u'amount': 29.52504, u'percentDailyValue': u'10', u'displayValue': u'29.5', u'unit': u'g'}, u'vitaminB6': {u'hasCompleteData': True, u'name': u'Vitamin B6', u'amount': 0.1838469, u'percentDailyValue': u'11', u'displayValue': u'< 1', u'unit': u'mg'}, u'calories': {u'hasCompleteData': True, u'name': u'Calories', u'amount': 229.0292, u'percentDailyValue': u'11', u'displayValue': u'229', u'unit': u'kcal'}, u'thiamin': {u'hasCompleteData': True, u'name': u'Thiamin', u'amount': 0.2839904, u'percentDailyValue': u'28', u'displayValue': u'< 1', u'unit': u'mg'}, u'fat': {u'hasCompleteData': True, u'name': u'Fat', u'amount': 6.319194, u'percentDailyValue': u'10', u'displayValue': u'6.3', u'unit': u'g'}, u'folate': {u'hasCompleteData': True, u'name': u'Folate', u'amount': 2.352917, u'percentDailyValue': u'1', u'displayValue': u'2', u'unit': u'mcg'}, u'caloriesFromFat': {u'hasCompleteData': True, u'name': u'Calories from Fat', u'amount': 56.87275, u'percentDailyValue': u'-', u'displayValue': u'57', u'unit': u'kcal'}, u'calcium': {u'hasCompleteData': True, u'name': u'Calcium', u'amount': 14.18758, u'percentDailyValue': u'2', u'displayValue': u'14', u'unit': u'mg'}, u'fiber': {u'hasCompleteData': True, u'name': u'Dietary Fiber', u'amount': 1.709854, u'percentDailyValue': u'7', u'displayValue': u'1.7', u'unit': u'g'}, u'magnesium': {u'hasCompleteData': True, u'name': u'Magnesium', u'amount': 11.77287, u'percentDailyValue': u'4', u'displayValue': u'12', u'unit': u'mg'}, u'iron': {u'hasCompleteData': True, u'name': u'Iron', u'amount': 0.5973192, u'percentDailyValue': u'6', u'displayValue': u'< 1', u'unit': u'mg'}, u'cholesterol': {u'hasCompleteData': True, u'name': u'Cholesterol', u'amount': 37.07813, u'percentDailyValue': u'12', u'displayValue': u'37', u'unit': u'mg'}, u'protein': {u'hasCompleteData': True, u'name': u'Protein', u'amount': 13.90609, u'percentDailyValue': u'28', u'displayValue': u'13.9', u'unit': u'g'}, u'vitaminA': {u'hasCompleteData': True, u'name': u'Vitamin A - IU', u'amount': 25.72225, u'percentDailyValue': u'< 1', u'displayValue': u'26', u'unit': u'IU'}, u'potassium': {u'hasCompleteData': True, u'name': u'Potassium', u'amount': 234.0589, u'percentDailyValue': u'7', u'displayValue': u'234', u'unit': u'mg'}, u'saturatedFat': {u'hasCompleteData': True, u'name': u'Saturated Fat', u'amount': 2.333397, u'percentDailyValue': u'12', u'displayValue': u'2.3', u'unit': u'g'}, u'vitaminC': {u'hasCompleteData': True, u'name': u'Vitamin C', u'amount': 5.043355, u'percentDailyValue': u'8', u'displayValue': u'5', u'unit': u'mg'}}
"
258163,Schnitzel Sandwich,https://images.media-allrecipes.com/userphotos/720x405/4515786.jpg,skinless boneless chicken breasts^salt and ground black pepper to taste^all-purpose flour^eggs^dry bread crumbs^vegetable oil^sandwich rolls split^mayonnaise^lemon juiced^hot pepper sauce (such as Tabasco®) (optional)^leaves chopped romaine lettuce^mustard,"{'directions': u'Prep\n20 m\nCook\n20 m\nReady In\n40 m\nPlace chicken between 2 sheets of heavy plastic on a solid, level surface; firmly pound with the smooth side of a meat mallet to an even thickness. Season generously with salt and pepper.\nPour flour into a large, flat dish. Beat eggs thoroughly in a shallow bowl. Pour bread crumbs into another large, flat dish.\nDredge each piece of chicken in flour, dip in beaten eggs, and coat with bread crumbs.\nPreheat oven to 200 degrees F (95 degrees C).\nHeat oil in a large skillet over medium-low heat. Cook breaded chicken in batches until golden brown and no longer pink in the center, about 5 minutes per side. Drain on an ovenproof plate lined with paper towels. Keep warm in the oven.\nSpread mayonnaise over bottom half of each sandwich roll; top with 1 piece of breaded chicken, a few drops of lemon juice, 1 dash hot sauce, and 1 lettuce leaf. Spread mustard over the top half of each sandwich roll. Place top halves over lettuce to form sandwiches.'}","{u'niacin': {u'hasCompleteData': True, u'name': u'Niacin Equivalents', u'amount': 19.12635, u'percentDailyValue': u'147', u'displayValue': u'19', u'unit': u'mg'}, u'sugars': {u'hasCompleteData': True, u'name': u'Sugars', u'amount': 7.08219, u'percentDailyValue': u'0', u'displayValue': u'7.1', u'unit': u'g'}, u'sodium': {u'hasCompleteData': True, u'name': u'Sodium', u'amount': 1164.015, u'percentDailyValue': u'47', u'displayValue': u'1164', u'unit': u'mg'}, u'carbohydrates': {u'hasCompleteData': True, u'name': u'Carbohydrates', u'amount': 112.3197, u'percentDailyValue': u'36', u'displayValue': u'112.3', u'unit': u'g'}, u'vitaminB6': {u'hasCompleteData': True, u'name': u'Vitamin B6', u'amount': 0.4357414, u'percentDailyValue': u'27', u'displayValue': u'< 1', u'unit': u'mg'}, u'calories': {u'hasCompleteData': True, u'name': u'Calories', u'amount': 913.5109, u'percentDailyValue': u'46', u'displayValue': u'914', u'unit': u'kcal'}, u'thiamin': {u'hasCompleteData': False, u'name': u'Thiamin', u'amount': 0.5078484, u'percentDailyValue': u'51', u'displayValue': u'< 1', u'unit': u'mg'}, u'fat': {u'hasCompleteData': True, u'name': u'Fat', u'amount': 35.29628, u'percentDailyValue': u'54', u'displayValue': u'35.3', u'unit': u'g'}, u'folate': {u'hasCompleteData': True, u'name': u'Folate', u'amount': 148.6623, u'percentDailyValue': u'83', u'displayValue': u'149', u'unit': u'mcg'}, u'caloriesFromFat': {u'hasCompleteData': True, u'name': u'Calories from Fat', u'amount': 317.6665, u'percentDailyValue': u'-', u'displayValue': u'318', u'unit': u'kcal'}, u'calcium': {u'hasCompleteData': True, u'name': u'Calcium', u'amount': 265.6102, u'percentDailyValue': u'33', u'displayValue': u'266', u'unit': u'mg'}, u'fiber': {u'hasCompleteData': True, u'name': u'Dietary Fiber', u'amount': 6.043953, u'percentDailyValue': u'24', u'displayValue': u'6', u'unit': u'g'}, u'magnesium': {u'hasCompleteData': True, u'name': u'Magnesium', u'amount': 63.31377, u'percentDailyValue': u'23', u'displayValue': u'63', u'unit': u'mg'}, u'iron': {u'hasCompleteData': True, u'name': u'Iron', u'amount': 8.053431, u'percentDailyValue': u'81', u'displayValue': u'8', u'unit': u'mg'}, u'cholesterol': {u'hasCompleteData': True, u'name': u'Cholesterol', u'amount': 119.042, u'percentDailyValue': u'40', u'displayValue': u'119', u'unit': u'mg'}, u'protein': {u'hasCompleteData': True, u'name': u'Protein', u'amount': 34.14107, u'percentDailyValue': u'68', u'displayValue': u'34.1', u'unit': u'g'}, u'vitaminA': {u'hasCompleteData': True, u'name': u'Vitamin A - IU', u'amount': 720.2568, u'percentDailyValue': u'14', u'displayValue': u'720', u'unit': u'IU'}, u'potassium': {u'hasCompleteData': True, u'name': u'Potassium', u'amount': 443.3629, u'percentDailyValue': u'12', u'displayValue': u'443', u'unit': u'mg'}, u'saturatedFat': {u'hasCompleteData': True, u'name': u'Saturated Fat', u'amount': 6.657913, u'percentDailyValue': u'33', u'displayValue': u'6.7', u'unit': u'g'}, u'vitaminC': {u'hasCompleteData': True, u'name': u'Vitamin C', u'amount': 3.20582, u'percentDailyValue': u'5', u'displayValue': u'3', u'unit': u'mg'}}
"
23658,Pam's Bierocks,https://images.media-allrecipes.com/userphotos/720x405/2118998.jpg,warm water^active dry yeast^white sugar^margarine softened^egg^salt^all-purpose flour^lean ground beef^chopped onion^shredded cabbage^salt^black pepper^melted butter,"{'directions': u'Prep\n50 m\nCook\n25 m\nReady In\n1 h 30 m\nPrepare dough: In a large bowl, dissolve yeast in warm water. Let stand until creamy, about 10 minutes. Mix in sugar, margarine, egg, salt and 1/2 of the flour. Beat until smooth; add remaining flour until dough pulls together. Place in oiled bowl. Cover with foil and refrigerate for 2 hours or overnight, OR let it rise for 1 hour.\nIn a large heavy skillet, brown meat. Add onion, cabbage, salt and simmer 30 minutes. Cool until lukewarm. Preheat oven to 350 degrees F (175 degrees C.) Coat a cookie sheet with non-stick spray.\nPunch down dough and divide into 20 pieces. Spread each piece of dough out on an un-floured surface and fill with approximately 2 tablespoons filling. fold dough over and seal edges. Place on prepared cookie sheet and let rise for 1 hour.\nBake in the preheated oven for 25 minutes, or until golden brown. Brush with butter and serve.'}","{u'niacin': {u'hasCompleteData': False, u'name': u'Niacin Equivalents', u'amount': 5.891332, u'percentDailyValue': u'45', u'displayValue': u'6', u'unit': u'mg'}, u'sugars': {u'hasCompleteData': False, u'name': u'Sugars', u'amount': 6.171535, u'percentDailyValue': u'0', u'displayValue': u'6.2', u'unit': u'g'}, u'sodium': {u'hasCompleteData': False, u'name': u'Sodium', u'amount': 415.9842, u'percentDailyValue': u'17', u'displayValue': u'416', u'unit': u'mg'}, u'carbohydrates': {u'hasCompleteData': False, u'name': u'Carbohydrates', u'amount': 40.73131, u'percentDailyValue': u'13', u'displayValue': u'40.7', u'unit': u'g'}, u'vitaminB6': {u'hasCompleteData': False, u'name': u'Vitamin B6', u'amount': 0.126758, u'percentDailyValue': u'8', u'displayValue': u'< 1', u'unit': u'mg'}, u'calories': {u'hasCompleteData': False, u'name': u'Calories', u'amount': 293.2711, u'percentDailyValue': u'15', u'displayValue': u'293', u'unit': u'kcal'}, u'thiamin': {u'hasCompleteData': False, u'name': u'Thiamin', u'amount': 0.3872526, u'percentDailyValue': u'39', u'displayValue': u'< 1', u'unit': u'mg'}, u'fat': {u'hasCompleteData': False, u'name': u'Fat', u'amount': 9.979216, u'percentDailyValue': u'15', u'displayValue': u'10', u'unit': u'g'}, u'folate': {u'hasCompleteData': False, u'name': u'Folate', u'amount': 110.107, u'percentDailyValue': u'61', u'displayValue': u'110', u'unit': u'mcg'}, u'caloriesFromFat': {u'hasCompleteData': False, u'name': u'Calories from Fat', u'amount': 89.81294, u'percentDailyValue': u'-', u'displayValue': u'90', u'unit': u'kcal'}, u'calcium': {u'hasCompleteData': False, u'name': u'Calcium', u'amount': 22.63353, u'percentDailyValue': u'3', u'displayValue': u'23', u'unit': u'mg'}, u'fiber': {u'hasCompleteData': False, u'name': u'Dietary Fiber', u'amount': 2.017075, u'percentDailyValue': u'8', u'displayValue': u'2', u'unit': u'g'}, u'magnesium': {u'hasCompleteData': False, u'name': u'Magnesium', u'amount': 18.37007, u'percentDailyValue': u'7', u'displayValue': u'18', u'unit': u'mg'}, u'iron': {u'hasCompleteData': False, u'name': u'Iron', u'amount': 2.743581, u'percentDailyValue': u'27', u'displayValue': u'3', u'unit': u'mg'}, u'cholesterol': {u'hasCompleteData': False, u'name': u'Cholesterol', u'amount': 32.42562, u'percentDailyValue': u'11', u'displayValue': u'32', u'unit': u'mg'}, u'protein': {u'hasCompleteData': False, u'name': u'Protein', u'amount': 9.535107, u'percentDailyValue': u'19', u'displayValue': u'9.5', u'unit': u'g'}, u'vitaminA': {u'hasCompleteData': False, u'name': u'Vitamin A - IU', u'amount': 203.6787, u'percentDailyValue': u'4', u'displayValue': u'204', u'unit': u'IU'}, u'potassium': {u'hasCompleteData': False, u'name': u'Potassium', u'amount': 174.1351, u'percentDailyValue': u'5', u'displayValue': u'174', u'unit': u'mg'}, u'saturatedFat': {u'hasCompleteData': False, u'name': u'Saturated Fat', u'amount': 3.895137, u'percentDailyValue': u'19', u'displayValue': u'3.9', u'unit': u'g'}, u'vitaminC': {u'hasCompleteData': False, u'name': u'Vitamin C', u'amount': 8.307724, u'percentDailyValue': u'14', u'displayValue': u'8', u'unit': u'mg'}}
"
244786,Zucchini Noodles and Summer Vegetables with Sweet Pepper Chicken Sausage,https://images.media-allrecipes.com/userphotos/720x405/2726927.jpg,zucchini cut into noodle-shape strands^extra-virgin olive oil^chopped green bell pepper^chopped white onion^seasoned salt (such as Spike® seasoning)^sea salt and freshly ground black pepper to taste^sweet pepper chicken sausages^lightly torn fresh spinach^chopped fresh basil^garlic paste^large tomato^shredded Parmesan cheese,"{'directions': u'Prep\n15 m\nCook\n12 m\nReady In\n27 m\nBring a pot of lightly salted water to a boil. Cook zucchini noodles (zoodles) in the boiling water until tender yet firm to the bite, about 3 minutes; drain.\nHeat 1 tablespoon olive oil in a skillet over medium heat; cook and stir green bell pepper, onion, seasoned salt, and sea salt for 3 minutes. Add chicken sausage and cook until sausage is lightly browned, 4 to 5 minutes. Add spinach, basil, garlic paste, and seasoned salt to taste; cook until spinach is wilted, 2 to 3 minutes.\nPlace zoodles on a serving plate and toss with remaining 1 tablespoon olive oil and sea salt. Add sausage mixture and tomatoes and top with Parmesan cheese; season with salt and pepper.'}","{u'niacin': {u'hasCompleteData': False, u'name': u'Niacin Equivalents', u'amount': 1.450327, u'percentDailyValue': u'11', u'displayValue': u'1', u'unit': u'mg'}, u'sugars': {u'hasCompleteData': False, u'name': u'Sugars', u'amount': 4.319087, u'percentDailyValue': u'0', u'displayValue': u'4.3', u'unit': u'g'}, u'sodium': {u'hasCompleteData': True, u'name': u'Sodium', u'amount': 1406.984, u'percentDailyValue': u'56', u'displayValue': u'1407', u'unit': u'mg'}, u'carbohydrates': {u'hasCompleteData': True, u'name': u'Carbohydrates', u'amount': 9.165854, u'percentDailyValue': u'3', u'displayValue': u'9.2', u'unit': u'g'}, u'vitaminB6': {u'hasCompleteData': False, u'name': u'Vitamin B6', u'amount': 0.2600787, u'percentDailyValue': u'16', u'displayValue': u'< 1', u'unit': u'mg'}, u'calories': {u'hasCompleteData': True, u'name': u'Calories', u'amount': 208.0816, u'percentDailyValue': u'10', u'displayValue': u'208', u'unit': u'kcal'}, u'thiamin': {u'hasCompleteData': False, u'name': u'Thiamin', u'amount': 0.088882, u'percentDailyValue': u'9', u'displayValue': u'< 1', u'unit': u'mg'}, u'fat': {u'hasCompleteData': True, u'name': u'Fat', u'amount': 13.56927, u'percentDailyValue': u'21', u'displayValue': u'13.6', u'unit': u'g'}, u'folate': {u'hasCompleteData': False, u'name': u'Folate', u'amount': 44.46603, u'percentDailyValue': u'25', u'displayValue': u'44', u'unit': u'mcg'}, u'caloriesFromFat': {u'hasCompleteData': True, u'name': u'Calories from Fat', u'amount': 122.1234, u'percentDailyValue': u'-', u'displayValue': u'122', u'unit': u'kcal'}, u'calcium': {u'hasCompleteData': False, u'name': u'Calcium', u'amount': 97.79942, u'percentDailyValue': u'12', u'displayValue': u'98', u'unit': u'mg'}, u'fiber': {u'hasCompleteData': False, u'name': u'Dietary Fiber', u'amount': 2.000092, u'percentDailyValue': u'8', u'displayValue': u'2', u'unit': u'g'}, u'magnesium': {u'hasCompleteData': False, u'name': u'Magnesium', u'amount': 29.58783, u'percentDailyValue': u'11', u'displayValue': u'30', u'unit': u'mg'}, u'iron': {u'hasCompleteData': False, u'name': u'Iron', u'amount': 1.758728, u'percentDailyValue': u'18', u'displayValue': u'2', u'unit': u'mg'}, u'cholesterol': {u'hasCompleteData': True, u'name': u'Cholesterol', u'amount': 39.7125, u'percentDailyValue': u'13', u'displayValue': u'40', u'unit': u'mg'}, u'protein': {u'hasCompleteData': True, u'name': u'Protein', u'amount': 11.74681, u'percentDailyValue': u'23', u'displayValue': u'11.7', u'unit': u'g'}, u'vitaminA': {u'hasCompleteData': False, u'name': u'Vitamin A - IU', u'amount': 1543.263, u'percentDailyValue': u'31', u'displayValue': u'1543', u'unit': u'IU'}, u'potassium': {u'hasCompleteData': False, u'name': u'Potassium', u'amount': 382.4641, u'percentDailyValue': u'11', u'displayValue': u'382', u'unit': u'mg'}, u'saturatedFat': {u'hasCompleteData': True, u'name': u'Saturated Fat', u'amount': 3.387094, u'percentDailyValue': u'17', u'displayValue': u'3.4', u'unit': u'g'}, u'vitaminC': {u'hasCompleteData': False, u'name': u'Vitamin C', u'amount': 34.35267, u'percentDailyValue': u'57', u'displayValue': u'34', u'unit': u'mg'}}
"
260453,Fresh Balsamic Chicken Salad,https://images.media-allrecipes.com/userphotos/720x405/5024618.jpg,balsamic vinegar^English cucumbers thinly sliced^pint grape tomatoes halved^cooked chicken breast^olive oil^salt and ground black pepper to taste,"{'directions': u'Prep\n15 m\nCook\n11 m\nReady In\n26 m\nHeat balsamic vinegar in a small saucepan over medium heat. Bring to a boil, stirring constantly to prevent burning and reducing heat if necessary. Cook and stir until reduced to a syrup-like consistency, 6 to 8 minutes.\nCombine cucumbers, tomatoes, and chicken breast in a large bowl. Drizzle the balsamic reduction and olive oil on top; toss to coat. Season with salt and pepper.'}","{u'niacin': {u'hasCompleteData': False, u'name': u'Niacin Equivalents', u'amount': 15.90197, u'percentDailyValue': u'122', u'displayValue': u'16', u'unit': u'mg'}, u'sugars': {u'hasCompleteData': False, u'name': u'Sugars', u'amount': 17.9497, u'percentDailyValue': u'0', u'displayValue': u'17.9', u'unit': u'g'}, u'sodium': {u'hasCompleteData': True, u'name': u'Sodium', u'amount': 188.056, u'percentDailyValue': u'8', u'displayValue': u'188', u'unit': u'mg'}, u'carbohydrates': {u'hasCompleteData': True, u'name': u'Carbohydrates', u'amount': 31.0189, u'percentDailyValue': u'10', u'displayValue': u'31', u'unit': u'g'}, u'vitaminB6': {u'hasCompleteData': False, u'name': u'Vitamin B6', u'amount': 0.5506, u'percentDailyValue': u'34', u'displayValue': u'< 1', u'unit': u'mg'}, u'calories': {u'hasCompleteData': True, u'name': u'Calories', u'amount': 453.68, u'percentDailyValue': u'23', u'displayValue': u'454', u'unit': u'kcal'}, u'thiamin': {u'hasCompleteData': False, u'name': u'Thiamin', u'amount': 0.11254, u'percentDailyValue': u'11', u'displayValue': u'< 1', u'unit': u'mg'}, u'fat': {u'hasCompleteData': True, u'name': u'Fat', u'amount': 22.6428, u'percentDailyValue': u'35', u'displayValue': u'22.6', u'unit': u'g'}, u'folate': {u'hasCompleteData': False, u'name': u'Folate', u'amount': 45.32, u'percentDailyValue': u'25', u'displayValue': u'45', u'unit': u'mcg'}, u'caloriesFromFat': {u'hasCompleteData': True, u'name': u'Calories from Fat', u'amount': 203.7852, u'percentDailyValue': u'-', u'displayValue': u'204', u'unit': u'kcal'}, u'calcium': {u'hasCompleteData': True, u'name': u'Calcium', u'amount': 94.433, u'percentDailyValue': u'12', u'displayValue': u'94', u'unit': u'mg'}, u'fiber': {u'hasCompleteData': True, u'name': u'Dietary Fiber', u'amount': 3.044, u'percentDailyValue': u'12', u'displayValue': u'3', u'unit': u'g'}, u'magnesium': {u'hasCompleteData': False, u'name': u'Magnesium', u'amount': 77.122, u'percentDailyValue': u'28', u'displayValue': u'77', u'unit': u'mg'}, u'iron': {u'hasCompleteData': True, u'name': u'Iron', u'amount': 3.25656, u'percentDailyValue': u'33', u'displayValue': u'3', u'unit': u'mg'}, u'cholesterol': {u'hasCompleteData': True, u'name': u'Cholesterol', u'amount': 82.5, u'percentDailyValue': u'28', u'displayValue': u'82', u'unit': u'mg'}, u'protein': {u'hasCompleteData': True, u'name': u'Protein', u'amount': 33.573, u'percentDailyValue': u'67', u'displayValue': u'33.6', u'unit': u'g'}, u'vitaminA': {u'hasCompleteData': True, u'name': u'Vitamin A - IU', u'amount': 1313.52, u'percentDailyValue': u'26', u'displayValue': u'1314', u'unit': u'IU'}, u'potassium': {u'hasCompleteData': True, u'name': u'Potassium', u'amount': 1011.801, u'percentDailyValue': u'28', u'displayValue': u'1012', u'unit': u'mg'}, u'saturatedFat': {u'hasCompleteData': False, u'name': u'Saturated Fat', u'amount': 4.325186, u'percentDailyValue': u'22', u'displayValue': u'4.3', u'unit': u'g'}, u'vitaminC': {u'hasCompleteData': True, u'name': u'Vitamin C', u'amount': 36.822, u'percentDailyValue': u'61', u'displayValue': u'37', u'unit': u'mg'}}
"
103305,Hearty Chili,https://images.media-allrecipes.com/userphotos/250x250/997976.jpg,ground beef^chopped onions^garlic cloves^tomatoes undrained cut up^tomato sauce^Holland House® Red Cooking Wine^chili powder^cumin^green bell pepper^kidney beans drained,"{'directions': u'Prep\n10 m\nCook\n1 h\nReady In\n1 h 10 m\nIn large saucepan, brown ground beef with onions; drain.\nAdd remaining ingredients except green pepper and kidney beans. Bring to a boil; reduce heat.\nSimmer uncovered 1 hour, stirring occasionally. Stir in green pepper and kidney beans; simmer until thoroughly heated.'}","{u'niacin': {u'hasCompleteData': False, u'name': u'Niacin Equivalents', u'amount': 11.247, u'percentDailyValue': u'87', u'displayValue': u'11', u'unit': u'mg'}, u'sugars': {u'hasCompleteData': True, u'name': u'Sugars', u'amount': 10.5931, u'percentDailyValue': u'0', u'displayValue': u'10.6', u'unit': u'g'}, u'sodium': {u'hasCompleteData': True, u'name': u'Sodium', u'amount': 1444.952, u'percentDailyValue': u'58', u'displayValue': u'1445', u'unit': u'mg'}, u'carbohydrates': {u'hasCompleteData': True, u'name': u'Carbohydrates', u'amount': 37.42852, u'percentDailyValue': u'12', u'displayValue': u'37.4', u'unit': u'g'}, u'vitaminB6': {u'hasCompleteData': False, u'name': u'Vitamin B6', u'amount': 0.6594484, u'percentDailyValue': u'41', u'displayValue': u'< 1', u'unit': u'mg'}, u'calories': {u'hasCompleteData': True, u'name': u'Calories', u'amount': 447.5716, u'percentDailyValue': u'22', u'displayValue': u'448', u'unit': u'kcal'}, u'thiamin': {u'hasCompleteData': False, u'name': u'Thiamin', u'amount': 0.3223768, u'percentDailyValue': u'32', u'displayValue': u'< 1', u'unit': u'mg'}, u'fat': {u'hasCompleteData': True, u'name': u'Fat', u'amount': 19.03824, u'percentDailyValue': u'29', u'displayValue': u'19', u'unit': u'g'}, u'folate': {u'hasCompleteData': False, u'name': u'Folate', u'amount': 44.57724, u'percentDailyValue': u'25', u'displayValue': u'45', u'unit': u'mcg'}, u'caloriesFromFat': {u'hasCompleteData': True, u'name': u'Calories from Fat', u'amount': 171.3441, u'percentDailyValue': u'-', u'displayValue': u'171', u'unit': u'kcal'}, u'calcium': {u'hasCompleteData': False, u'name': u'Calcium', u'amount': 137.1956, u'percentDailyValue': u'17', u'displayValue': u'137', u'unit': u'mg'}, u'fiber': {u'hasCompleteData': True, u'name': u'Dietary Fiber', u'amount': 11.83242, u'percentDailyValue': u'47', u'displayValue': u'11.8', u'unit': u'g'}, u'magnesium': {u'hasCompleteData': False, u'name': u'Magnesium', u'amount': 63.85705, u'percentDailyValue': u'23', u'displayValue': u'64', u'unit': u'mg'}, u'iron': {u'hasCompleteData': False, u'name': u'Iron', u'amount': 7.212985, u'percentDailyValue': u'72', u'displayValue': u'7', u'unit': u'mg'}, u'cholesterol': {u'hasCompleteData': True, u'name': u'Cholesterol', u'amount': 69.6425, u'percentDailyValue': u'23', u'displayValue': u'70', u'unit': u'mg'}, u'protein': {u'hasCompleteData': True, u'name': u'Protein', u'amount': 28.49625, u'percentDailyValue': u'57', u'displayValue': u'28.5', u'unit': u'g'}, u'vitaminA': {u'hasCompleteData': False, u'name': u'Vitamin A - IU', u'amount': 1280.164, u'percentDailyValue': u'26', u'displayValue': u'1280', u'unit': u'IU'}, u'potassium': {u'hasCompleteData': False, u'name': u'Potassium', u'amount': 1069.523, u'percentDailyValue': u'30', u'displayValue': u'1070', u'unit': u'mg'}, u'saturatedFat': {u'hasCompleteData': True, u'name': u'Saturated Fat', u'amount': 7.078082, u'percentDailyValue': u'35', u'displayValue': u'7.1', u'unit': u'g'}, u'vitaminC': {u'hasCompleteData': False, u'name': u'Vitamin C', u'amount': 40.5577, u'percentDailyValue': u'68', u'displayValue': u'41', u'unit': u'mg'}}
"
26668,Tater Tot Casserole III,https://images.media-allrecipes.com/userphotos/250x250/20893.jpg,ground beef^condensed cream of mushroom soup^fluid ounces skim milk^garlic salt^French style green beans^tater tots,"{'directions': u'Prep\n15 m\nCook\n30 m\nReady In\n45 m\nPreheat oven to 375 degrees F (190 degrees C).\nIn a large skillet over high heat, brown the ground beef and drain fat. Stir in condensed cream of mushroom soup, skim milk, garlic salt and green beans. Pour the mixture into a medium-sized casserole dish and layer with the tater tots.\nBake in preheated oven for about 30 minutes, or until tater tots are browned and crispy.'}","{u'niacin': {u'hasCompleteData': False, u'name': u'Niacin Equivalents', u'amount': 5.286505, u'percentDailyValue': u'41', u'displayValue': u'5', u'unit': u'mg'}, u'sugars': {u'hasCompleteData': False, u'name': u'Sugars', u'amount': 7.555897, u'percentDailyValue': u'0', u'displayValue': u'7.6', u'unit': u'g'}, u'sodium': {u'hasCompleteData': True, u'name': u'Sodium', u'amount': 1753.293, u'percentDailyValue': u'70', u'displayValue': u'1753', u'unit': u'mg'}, u'carbohydrates': {u'hasCompleteData': True, u'name': u'Carbohydrates', u'amount': 40.73619, u'percentDailyValue': u'13', u'displayValue': u'40.7', u'unit': u'g'}, u'vitaminB6': {u'hasCompleteData': False, u'name': u'Vitamin B6', u'amount': 0.1672274, u'percentDailyValue': u'10', u'displayValue': u'< 1', u'unit': u'mg'}, u'calories': {u'hasCompleteData': True, u'name': u'Calories', u'amount': 403.6438, u'percentDailyValue': u'20', u'displayValue': u'404', u'unit': u'kcal'}, u'thiamin': {u'hasCompleteData': False, u'name': u'Thiamin', u'amount': 0.0619795, u'percentDailyValue': u'6', u'displayValue': u'< 1', u'unit': u'mg'}, u'fat': {u'hasCompleteData': True, u'name': u'Fat', u'amount': 21.87788, u'percentDailyValue': u'34', u'displayValue': u'21.9', u'unit': u'g'}, u'folate': {u'hasCompleteData': False, u'name': u'Folate', u'amount': 9.278163, u'percentDailyValue': u'5', u'displayValue': u'9', u'unit': u'mcg'}, u'caloriesFromFat': {u'hasCompleteData': True, u'name': u'Calories from Fat', u'amount': 196.901, u'percentDailyValue': u'-', u'displayValue': u'197', u'unit': u'kcal'}, u'calcium': {u'hasCompleteData': True, u'name': u'Calcium', u'amount': 134.1279, u'percentDailyValue': u'17', u'displayValue': u'134', u'unit': u'mg'}, u'fiber': {u'hasCompleteData': True, u'name': u'Dietary Fiber', u'amount': 4.361199, u'percentDailyValue': u'17', u'displayValue': u'4.4', u'unit': u'g'}, u'magnesium': {u'hasCompleteData': False, u'name': u'Magnesium', u'amount': 20.34008, u'percentDailyValue': u'7', u'displayValue': u'20', u'unit': u'mg'}, u'iron': {u'hasCompleteData': True, u'name': u'Iron', u'amount': 2.440435, u'percentDailyValue': u'24', u'displayValue': u'2', u'unit': u'mg'}, u'cholesterol': {u'hasCompleteData': True, u'name': u'Cholesterol', u'amount': 36.12605, u'percentDailyValue': u'12', u'displayValue': u'36', u'unit': u'mg'}, u'protein': {u'hasCompleteData': True, u'name': u'Protein', u'amount': 17.04506, u'percentDailyValue': u'34', u'displayValue': u'17', u'unit': u'g'}, u'vitaminA': {u'hasCompleteData': True, u'name': u'Vitamin A - IU', u'amount': 443.627, u'percentDailyValue': u'9', u'displayValue': u'444', u'unit': u'IU'}, u'potassium': {u'hasCompleteData': True, u'name': u'Potassium', u'amount': 588.1847, u'percentDailyValue': u'16', u'displayValue': u'588', u'unit': u'mg'}, u'saturatedFat': {u'hasCompleteData': True, u'name': u'Saturated Fat', u'amount': 5.713773, u'percentDailyValue': u'29', u'displayValue': u'5.7', u'unit': u'g'}, u'vitaminC': {u'hasCompleteData': True, u'name': u'Vitamin C', u'amount': 4.389248, u'percentDailyValue': u'7', u'displayValue': u'4', u'unit': u'mg'}}
"
185816,Sweet Pork for Burritos,https://images.media-allrecipes.com/userphotos/720x405/778557.jpg,pork shoulder roast^salsa^fluid ounce) can^brown sugar^fajita seasoning^taco seasoning mix^chopped green chilies,"{'directions': u'Prep\n30 m\nCook\n8 h\nReady In\n8 h 30 m\nPlace pork roast in the crock of a slow cooker, and add 4 cups water. Cook on High for 5 hours.\nRemove pork from the slow cooker and drain liquid. Cut the pork into 4 pieces, and set aside. Puree salsa in blender. Combine the pureed salsa, cola, brown sugar, fajita seasoning, taco seasoning, and green chilies in the crock of the slow cooker. Add the pork, and cook on High for an additional 3 hours.\nRemove the pork, and shred with 2 forks. Serve.'}","{u'niacin': {u'hasCompleteData': False, u'name': u'Niacin Equivalents', u'amount': 9.990743, u'percentDailyValue': u'77', u'displayValue': u'10', u'unit': u'mg'}, u'sugars': {u'hasCompleteData': True, u'name': u'Sugars', u'amount': 28.73791, u'percentDailyValue': u'0', u'displayValue': u'28.7', u'unit': u'g'}, u'sodium': {u'hasCompleteData': True, u'name': u'Sodium', u'amount': 727.8294, u'percentDailyValue': u'29', u'displayValue': u'728', u'unit': u'mg'}, u'carbohydrates': {u'hasCompleteData': True, u'name': u'Carbohydrates', u'amount': 32.55768, u'percentDailyValue': u'11', u'displayValue': u'32.6', u'unit': u'g'}, u'vitaminB6': {u'hasCompleteData': False, u'name': u'Vitamin B6', u'amount': 0.627544, u'percentDailyValue': u'39', u'displayValue': u'< 1', u'unit': u'mg'}, u'calories': {u'hasCompleteData': True, u'name': u'Calories', u'amount': 355.0906, u'percentDailyValue': u'18', u'displayValue': u'355', u'unit': u'kcal'}, u'thiamin': {u'hasCompleteData': False, u'name': u'Thiamin', u'amount': 1.033995, u'percentDailyValue': u'103', u'displayValue': u'1', u'unit': u'mg'}, u'fat': {u'hasCompleteData': True, u'name': u'Fat', u'amount': 14.714, u'percentDailyValue': u'23', u'displayValue': u'14.7', u'unit': u'g'}, u'folate': {u'hasCompleteData': False, u'name': u'Folate', u'amount': 9.271667, u'percentDailyValue': u'5', u'displayValue': u'9', u'unit': u'mcg'}, u'caloriesFromFat': {u'hasCompleteData': True, u'name': u'Calories from Fat', u'amount': 132.426, u'percentDailyValue': u'-', u'displayValue': u'132', u'unit': u'kcal'}, u'calcium': {u'hasCompleteData': True, u'name': u'Calcium', u'amount': 55.32767, u'percentDailyValue': u'7', u'displayValue': u'55', u'unit': u'mg'}, u'fiber': {u'hasCompleteData': True, u'name': u'Dietary Fiber', u'amount': 0.9029999, u'percentDailyValue': u'4', u'displayValue': u'0.9', u'unit': u'g'}, u'magnesium': {u'hasCompleteData': False, u'name': u'Magnesium', u'amount': 35.059, u'percentDailyValue': u'13', u'displayValue': u'35', u'unit': u'mg'}, u'iron': {u'hasCompleteData': True, u'name': u'Iron', u'amount': 1.390947, u'percentDailyValue': u'14', u'displayValue': u'1', u'unit': u'mg'}, u'cholesterol': {u'hasCompleteData': True, u'name': u'Cholesterol', u'amount': 72.576, u'percentDailyValue': u'24', u'displayValue': u'73', u'unit': u'mg'}, u'protein': {u'hasCompleteData': True, u'name': u'Protein', u'amount': 22.98779, u'percentDailyValue': u'46', u'displayValue': u'23', u'unit': u'g'}, u'vitaminA': {u'hasCompleteData': True, u'name': u'Vitamin A - IU', u'amount': 251.748, u'percentDailyValue': u'5', u'displayValue': u'252', u'unit': u'IU'}, u'potassium': {u'hasCompleteData': False, u'name': u'Potassium', u'amount': 590.3663, u'percentDailyValue': u'17', u'displayValue': u'590', u'unit': u'mg'}, u'saturatedFat': {u'hasCompleteData': True, u'name': u'Saturated Fat', u'amount': 5.082802, u'percentDailyValue': u'25', u'displayValue': u'5.1', u'unit': u'g'}, u'vitaminC': {u'hasCompleteData': True, u'name': u'Vitamin C', u'amount': 12.60723, u'percentDailyValue': u'21', u'displayValue': u'13', u'unit': u'mg'}}
"
79814,Slow Cooker Veggie-Beef Soup with Okra,https://images.media-allrecipes.com/userphotos/720x405/4313941.jpg,ground beef^onion^diced tomatoes drained^Italian diced tomatoes drained^frozen mixed vegetables^sliced fresh^potatoes^ketchup^salt and pepper to taste,"{'directions': u'Prep\n20 m\nCook\n4 h\nReady In\n4 h 20 m\nIn a skillet over medium heat, cook the ground beef and onion until beef is evenly brown and onion is tender. Drain grease.\nIn a slow cooker, mix the beef and onion, diced tomatoes, Italian diced tomatoes, vegetables, okra, potatoes, ketchup, salt, and pepper. Pour in enough water to cover.\nCover slow cooker, and cook 4 hours on Low.'}","{u'niacin': {u'hasCompleteData': False, u'name': u'Niacin Equivalents', u'amount': 12.24184, u'percentDailyValue': u'94', u'displayValue': u'12', u'unit': u'mg'}, u'sugars': {u'hasCompleteData': False, u'name': u'Sugars', u'amount': 7.653133, u'percentDailyValue': u'0', u'displayValue': u'7.7', u'unit': u'g'}, u'sodium': {u'hasCompleteData': False, u'name': u'Sodium', u'amount': 487.9103, u'percentDailyValue': u'20', u'displayValue': u'488', u'unit': u'mg'}, u'carbohydrates': {u'hasCompleteData': False, u'name': u'Carbohydrates', u'amount': 44.17962, u'percentDailyValue': u'14', u'displayValue': u'44.2', u'unit': u'g'}, u'vitaminB6': {u'hasCompleteData': False, u'name': u'Vitamin B6', u'amount': 0.683525, u'percentDailyValue': u'43', u'displayValue': u'< 1', u'unit': u'mg'}, u'calories': {u'hasCompleteData': False, u'name': u'Calories', u'amount': 412.7846, u'percentDailyValue': u'21', u'displayValue': u'413', u'unit': u'kcal'}, u'thiamin': {u'hasCompleteData': False, u'name': u'Thiamin', u'amount': 0.3136275, u'percentDailyValue': u'31', u'displayValue': u'< 1', u'unit': u'mg'}, u'fat': {u'hasCompleteData': False, u'name': u'Fat', u'amount': 14.03037, u'percentDailyValue': u'22', u'displayValue': u'14', u'unit': u'g'}, u'folate': {u'hasCompleteData': False, u'name': u'Folate', u'amount': 80.9335, u'percentDailyValue': u'45', u'displayValue': u'81', u'unit': u'mcg'}, u'caloriesFromFat': {u'hasCompleteData': False, u'name': u'Calories from Fat', u'amount': 126.2734, u'percentDailyValue': u'-', u'displayValue': u'126', u'unit': u'kcal'}, u'calcium': {u'hasCompleteData': False, u'name': u'Calcium', u'amount': 140.3699, u'percentDailyValue': u'18', u'displayValue': u'140', u'unit': u'mg'}, u'fiber': {u'hasCompleteData': False, u'name': u'Dietary Fiber', u'amount': 9.556436, u'percentDailyValue': u'38', u'displayValue': u'9.6', u'unit': u'g'}, u'magnesium': {u'hasCompleteData': False, u'name': u'Magnesium', u'amount': 83.1775, u'percentDailyValue': u'30', u'displayValue': u'83', u'unit': u'mg'}, u'iron': {u'hasCompleteData': False, u'name': u'Iron', u'amount': 8.584152, u'percentDailyValue': u'86', u'displayValue': u'9', u'unit': u'mg'}, u'cholesterol': {u'hasCompleteData': False, u'name': u'Cholesterol', u'amount': 68.845, u'percentDailyValue': u'23', u'displayValue': u'69', u'unit': u'mg'}, u'protein': {u'hasCompleteData': False, u'name': u'Protein', u'amount': 27.26121, u'percentDailyValue': u'55', u'displayValue': u'27.3', u'unit': u'g'}, u'vitaminA': {u'hasCompleteData': False, u'name': u'Vitamin A - IU', u'amount': 7572.083, u'percentDailyValue': u'151', u'displayValue': u'7572', u'unit': u'IU'}, u'potassium': {u'hasCompleteData': False, u'name': u'Potassium', u'amount': 1280.035, u'percentDailyValue': u'36', u'displayValue': u'1280', u'unit': u'mg'}, u'saturatedFat': {u'hasCompleteData': False, u'name': u'Saturated Fat', u'amount': 5.369272, u'percentDailyValue': u'27', u'displayValue': u'5.4', u'unit': u'g'}, u'vitaminC': {u'hasCompleteData': False, u'name': u'Vitamin C', u'amount': 54.25587, u'percentDailyValue': u'90', u'displayValue': u'54', u'unit': u'mg'}}
"
25507,Mock Sliders,https://images.media-allrecipes.com/userphotos/720x405/3291466.jpg,corned beef^sour cream^envelope dry onion soup mix^dinner rolls^dill pickle slices drained,"{'directions': u'Prep\n15 m\nCook\n1 m\nReady In\n16 m\nIn a medium bowl, mix together corned beef, sour cream and dry onion soup mix.\nCut rolls in half horizontally. Spread bottoms with the corned beef mixture. Replace tops.\nMicrowave 30 to 45 seconds on high heat, until hot and moist. Top with dill pickle slices before serving.'}","{u'niacin': {u'hasCompleteData': True, u'name': u'Niacin Equivalents', u'amount': 1.019939, u'percentDailyValue': u'8', u'displayValue': u'1', u'unit': u'mg'}, u'sugars': {u'hasCompleteData': True, u'name': u'Sugars', u'amount': 0.3038419, u'percentDailyValue': u'0', u'displayValue': u'0.3', u'unit': u'g'}, u'sodium': {u'hasCompleteData': True, u'name': u'Sodium', u'amount': 488.6288, u'percentDailyValue': u'20', u'displayValue': u'489', u'unit': u'mg'}, u'carbohydrates': {u'hasCompleteData': True, u'name': u'Carbohydrates', u'amount': 1.945168, u'percentDailyValue': u'< 1', u'displayValue': u'1.9', u'unit': u'g'}, u'vitaminB6': {u'hasCompleteData': False, u'name': u'Vitamin B6', u'amount': 0.02214133, u'percentDailyValue': u'1', u'displayValue': u'< 1', u'unit': u'mg'}, u'calories': {u'hasCompleteData': True, u'name': u'Calories', u'amount': 61.98725, u'percentDailyValue': u'3', u'displayValue': u'62', u'unit': u'kcal'}, u'thiamin': {u'hasCompleteData': False, u'name': u'Thiamin', u'amount': 0.01109333, u'percentDailyValue': u'1', u'displayValue': u'< 1', u'unit': u'mg'}, u'fat': {u'hasCompleteData': True, u'name': u'Fat', u'amount': 4.138773, u'percentDailyValue': u'6', u'displayValue': u'4.1', u'unit': u'g'}, u'folate': {u'hasCompleteData': True, u'name': u'Folate', u'amount': 2.564923, u'percentDailyValue': u'1', u'displayValue': u'3', u'unit': u'mcg'}, u'caloriesFromFat': {u'hasCompleteData': True, u'name': u'Calories from Fat', u'amount': 37.24896, u'percentDailyValue': u'-', u'displayValue': u'37', u'unit': u'kcal'}, u'calcium': {u'hasCompleteData': True, u'name': u'Calcium', u'amount': 16.79083, u'percentDailyValue': u'2', u'displayValue': u'17', u'unit': u'mg'}, u'fiber': {u'hasCompleteData': True, u'name': u'Dietary Fiber', u'amount': 0.2970218, u'percentDailyValue': u'1', u'displayValue': u'0.3', u'unit': u'g'}, u'magnesium': {u'hasCompleteData': False, u'name': u'Magnesium', u'amount': 5.054667, u'percentDailyValue': u'2', u'displayValue': u'5', u'unit': u'mg'}, u'iron': {u'hasCompleteData': True, u'name': u'Iron', u'amount': 0.418711, u'percentDailyValue': u'4', u'displayValue': u'< 1', u'unit': u'mg'}, u'cholesterol': {u'hasCompleteData': True, u'name': u'Cholesterol', u'amount': 16.22136, u'percentDailyValue': u'5', u'displayValue': u'16', u'unit': u'mg'}, u'protein': {u'hasCompleteData': True, u'name': u'Protein', u'amount': 4.293154, u'percentDailyValue': u'9', u'displayValue': u'4.3', u'unit': u'g'}, u'vitaminA': {u'hasCompleteData': True, u'name': u'Vitamin A - IU', u'amount': 122.7573, u'percentDailyValue': u'2', u'displayValue': u'123', u'unit': u'IU'}, u'potassium': {u'hasCompleteData': False, u'name': u'Potassium', u'amount': 54.32533, u'percentDailyValue': u'2', u'displayValue': u'54', u'unit': u'mg'}, u'saturatedFat': {u'hasCompleteData': True, u'name': u'Saturated Fat', u'amount': 2.114902, u'percentDailyValue': u'11', u'displayValue': u'2.1', u'unit': u'g'}, u'vitaminC': {u'hasCompleteData': True, u'name': u'Vitamin C', u'amount': 0.5771333, u'percentDailyValue': u'< 1', u'displayValue': u'< 1', u'unit': u'mg'}}
"
238886,Midnight Snack Avocado Sandwich,https://images.media-allrecipes.com/userphotos/720x405/1356257.jpg,bacon^green onions^mayonnaise^wheat bread toasted^avocado mashed^tomato^alfalfa sprouts^salt and ground black pepper to taste,"{'directions': u'Prep\n15 m\nCook\n5 m\nReady In\n20 m\nPlace the bacon in a large skillet and cook over medium-high heat, turning occasionally, until almost browned, 2 to 3 minutes. Add green onion to bacon; cook and stir until onion is soft and bacon is crisp, 3 to 5 minutes more.\nSpread mayonnaise on one side of each slice of toast. Spread mashed avocado onto one side of one piece of toast. Top avocado with tomato slices, sprouts, and bacon mixture; sprinkle with salt and black pepper. Place remaining slice of toast on top.'}","{u'niacin': {u'hasCompleteData': False, u'name': u'Niacin Equivalents', u'amount': 9.545731, u'percentDailyValue': u'73', u'displayValue': u'10', u'unit': u'mg'}, u'sugars': {u'hasCompleteData': False, u'name': u'Sugars', u'amount': 6.8054, u'percentDailyValue': u'0', u'displayValue': u'6.8', u'unit': u'g'}, u'sodium': {u'hasCompleteData': False, u'name': u'Sodium', u'amount': 779.8317, u'percentDailyValue': u'31', u'displayValue': u'780', u'unit': u'mg'}, u'carbohydrates': {u'hasCompleteData': False, u'name': u'Carbohydrates', u'amount': 39.42938, u'percentDailyValue': u'13', u'displayValue': u'39.4', u'unit': u'g'}, u'vitaminB6': {u'hasCompleteData': False, u'name': u'Vitamin B6', u'amount': 0.602543, u'percentDailyValue': u'38', u'displayValue': u'< 1', u'unit': u'mg'}, u'calories': {u'hasCompleteData': False, u'name': u'Calories', u'amount': 531.74, u'percentDailyValue': u'27', u'displayValue': u'532', u'unit': u'kcal'}, u'thiamin': {u'hasCompleteData': False, u'name': u'Thiamin', u'amount': 0.496758, u'percentDailyValue': u'50', u'displayValue': u'< 1', u'unit': u'mg'}, u'fat': {u'hasCompleteData': False, u'name': u'Fat', u'amount': 35.49799, u'percentDailyValue': u'55', u'displayValue': u'35.5', u'unit': u'g'}, u'folate': {u'hasCompleteData': False, u'name': u'Folate', u'amount': 142.205, u'percentDailyValue': u'79', u'displayValue': u'142', u'unit': u'mcg'}, u'caloriesFromFat': {u'hasCompleteData': False, u'name': u'Calories from Fat', u'amount': 319.4819, u'percentDailyValue': u'-', u'displayValue': u'319', u'unit': u'kcal'}, u'calcium': {u'hasCompleteData': False, u'name': u'Calcium', u'amount': 118.8153, u'percentDailyValue': u'15', u'displayValue': u'119', u'unit': u'mg'}, u'fiber': {u'hasCompleteData': False, u'name': u'Dietary Fiber', u'amount': 13.01457, u'percentDailyValue': u'52', u'displayValue': u'13', u'unit': u'g'}, u'magnesium': {u'hasCompleteData': False, u'name': u'Magnesium', u'amount': 96.709, u'percentDailyValue': u'35', u'displayValue': u'97', u'unit': u'mg'}, u'iron': {u'hasCompleteData': False, u'name': u'Iron', u'amount': 6.48525, u'percentDailyValue': u'65', u'displayValue': u'6', u'unit': u'mg'}, u'cholesterol': {u'hasCompleteData': False, u'name': u'Cholesterol', u'amount': 25.044, u'percentDailyValue': u'8', u'displayValue': u'25', u'unit': u'mg'}, u'protein': {u'hasCompleteData': False, u'name': u'Protein', u'amount': 18.75213, u'percentDailyValue': u'38', u'displayValue': u'18.8', u'unit': u'g'}, u'vitaminA': {u'hasCompleteData': False, u'name': u'Vitamin A - IU', u'amount': 1234.231, u'percentDailyValue': u'25', u'displayValue': u'1234', u'unit': u'IU'}, u'potassium': {u'hasCompleteData': False, u'name': u'Potassium', u'amount': 1033.082, u'percentDailyValue': u'29', u'displayValue': u'1033', u'unit': u'mg'}, u'saturatedFat': {u'hasCompleteData': False, u'name': u'Saturated Fat', u'amount': 6.706356, u'percentDailyValue': u'34', u'displayValue': u'6.7', u'unit': u'g'}, u'vitaminC': {u'hasCompleteData': False, u'name': u'Vitamin C', u'amount': 28.977, u'percentDailyValue': u'48', u'displayValue': u'29', u'unit': u'mg'}}
"
235633,Red Wine Braised Short Ribs with Rosemary,https://images.media-allrecipes.com/userphotos/250x250/1075367.jpg,beef short ribs^Salt and ground black pepper^all-purpose flour^olive oil^large onions^tomato paste^large carrots^celery^garlic^chopped fresh rosemary leaves^Swanson® Beef Stock^dry red wine,"{'directions': u'Prep\n25 m\nCook\n2 h\nReady In\n2 h 25 m\nSeason the beef with the salt and black pepper. Coat the beef with half the flour.\nHeat the oil in an 8-quart saucepot over medium-high heat. Add the beef in 2 batches and cook until well browned on all sides. Remove the beef from the saucepot.\nAdd the onions and tomato paste to the saucepot and cook for 5 minutes, stirring occasionally. Stir in the carrots, celery, chopped garlic and rosemary and cook for 3 minutes. Stir in the stock, wine and remaining flour and heat to a boil. Return the beef to the saucepot. Reduce the heat to low. Cover and cook for 1 hour 30 minutes or until the beef is fork-tender.'}","{u'niacin': {u'hasCompleteData': False, u'name': u'Niacin Equivalents', u'amount': 10.02846, u'percentDailyValue': u'77', u'displayValue': u'10', u'unit': u'mg'}, u'sugars': {u'hasCompleteData': False, u'name': u'Sugars', u'amount': 6.996001, u'percentDailyValue': u'0', u'displayValue': u'7', u'unit': u'g'}, u'sodium': {u'hasCompleteData': True, u'name': u'Sodium', u'amount': 524.4266, u'percentDailyValue': u'21', u'displayValue': u'524', u'unit': u'mg'}, u'carbohydrates': {u'hasCompleteData': True, u'name': u'Carbohydrates', u'amount': 23.20788, u'percentDailyValue': u'7', u'displayValue': u'23.2', u'unit': u'g'}, u'vitaminB6': {u'hasCompleteData': False, u'name': u'Vitamin B6', u'amount': 0.5489663, u'percentDailyValue': u'34', u'displayValue': u'< 1', u'unit': u'mg'}, u'calories': {u'hasCompleteData': True, u'name': u'Calories', u'amount': 963.5643, u'percentDailyValue': u'48', u'displayValue': u'964', u'unit': u'kcal'}, u'thiamin': {u'hasCompleteData': False, u'name': u'Thiamin', u'amount': 0.268186, u'percentDailyValue': u'27', u'displayValue': u'< 1', u'unit': u'mg'}, u'fat': {u'hasCompleteData': True, u'name': u'Fat', u'amount': 74.25414, u'percentDailyValue': u'114', u'displayValue': u'74.3', u'unit': u'g'}, u'folate': {u'hasCompleteData': False, u'name': u'Folate', u'amount': 56.23151, u'percentDailyValue': u'31', u'displayValue': u'56', u'unit': u'mcg'}, u'caloriesFromFat': {u'hasCompleteData': True, u'name': u'Calories from Fat', u'amount': 668.2872, u'percentDailyValue': u'-', u'displayValue': u'668', u'unit': u'kcal'}, u'calcium': {u'hasCompleteData': False, u'name': u'Calcium', u'amount': 60.28451, u'percentDailyValue': u'8', u'displayValue': u'60', u'unit': u'mg'}, u'fiber': {u'hasCompleteData': True, u'name': u'Dietary Fiber', u'amount': 2.721484, u'percentDailyValue': u'11', u'displayValue': u'2.7', u'unit': u'g'}, u'magnesium': {u'hasCompleteData': False, u'name': u'Magnesium', u'amount': 46.35454, u'percentDailyValue': u'17', u'displayValue': u'46', u'unit': u'mg'}, u'iron': {u'hasCompleteData': False, u'name': u'Iron', u'amount': 5.122253, u'percentDailyValue': u'51', u'displayValue': u'5', u'unit': u'mg'}, u'cholesterol': {u'hasCompleteData': True, u'name': u'Cholesterol', u'amount': 155.4133, u'percentDailyValue': u'52', u'displayValue': u'155', u'unit': u'mg'}, u'protein': {u'hasCompleteData': True, u'name': u'Protein', u'amount': 41.13819, u'percentDailyValue': u'82', u'displayValue': u'41.1', u'unit': u'g'}, u'vitaminA': {u'hasCompleteData': False, u'name': u'Vitamin A - IU', u'amount': 6166.775, u'percentDailyValue': u'123', u'displayValue': u'6167', u'unit': u'IU'}, u'potassium': {u'hasCompleteData': False, u'name': u'Potassium', u'amount': 722.4421, u'percentDailyValue': u'20', u'displayValue': u'722', u'unit': u'mg'}, u'saturatedFat': {u'hasCompleteData': True, u'name': u'Saturated Fat', u'amount': 30.12737, u'percentDailyValue': u'151', u'displayValue': u'30.1', u'unit': u'g'}, u'vitaminC': {u'hasCompleteData': False, u'name': u'Vitamin C', u'amount': 8.107897, u'percentDailyValue': u'14', u'displayValue': u'8', u'unit': u'mg'}}
"
50908,Nanny's Goulash,https://images.media-allrecipes.com/userphotos/720x405/775803.jpg,lean ground beef^fresh mushrooms sliced^green bell pepper^red bell pepper^zucchini thickly sliced^small red onion^olive oil^paprika^dried basil^garlic salt^white pepper^peeled tomatoes with liquid chopped,"{'directions': u'Prep\n25 m\nCook\n35 m\nReady In\n1 h\nIn a large skillet, brown the ground beef. Remove beef with a slotted spoon and discard fat.\nReturn skillet to stove, heat olive oil over medium-high heat. Stir in mushrooms, green and red peppers, squash, onion, paprika, basil, garlic salt, and pepper; cook for five minutes, stirring occasionally.\nReduce heat to medium. Stir in beef and tomatoes; simmer about 20 minutes, stirring occasionally.'}","{u'niacin': {u'hasCompleteData': True, u'name': u'Niacin Equivalents', u'amount': 7.898191, u'percentDailyValue': u'61', u'displayValue': u'8', u'unit': u'mg'}, u'sugars': {u'hasCompleteData': False, u'name': u'Sugars', u'amount': 4.618526, u'percentDailyValue': u'0', u'displayValue': u'4.6', u'unit': u'g'}, u'sodium': {u'hasCompleteData': True, u'name': u'Sodium', u'amount': 448.2056, u'percentDailyValue': u'18', u'displayValue': u'448', u'unit': u'mg'}, u'carbohydrates': {u'hasCompleteData': True, u'name': u'Carbohydrates', u'amount': 8.892387, u'percentDailyValue': u'3', u'displayValue': u'8.9', u'unit': u'g'}, u'vitaminB6': {u'hasCompleteData': False, u'name': u'Vitamin B6', u'amount': 0.5048247, u'percentDailyValue': u'32', u'displayValue': u'< 1', u'unit': u'mg'}, u'calories': {u'hasCompleteData': True, u'name': u'Calories', u'amount': 272.5081, u'percentDailyValue': u'14', u'displayValue': u'273', u'unit': u'kcal'}, u'thiamin': {u'hasCompleteData': False, u'name': u'Thiamin', u'amount': 0.1440585, u'percentDailyValue': u'14', u'displayValue': u'< 1', u'unit': u'mg'}, u'fat': {u'hasCompleteData': True, u'name': u'Fat', u'amount': 19.84756, u'percentDailyValue': u'31', u'displayValue': u'19.8', u'unit': u'g'}, u'folate': {u'hasCompleteData': False, u'name': u'Folate', u'amount': 39.79281, u'percentDailyValue': u'22', u'displayValue': u'40', u'unit': u'mcg'}, u'caloriesFromFat': {u'hasCompleteData': True, u'name': u'Calories from Fat', u'amount': 178.6281, u'percentDailyValue': u'-', u'displayValue': u'179', u'unit': u'kcal'}, u'calcium': {u'hasCompleteData': True, u'name': u'Calcium', u'amount': 46.04369, u'percentDailyValue': u'6', u'displayValue': u'46', u'unit': u'mg'}, u'fiber': {u'hasCompleteData': True, u'name': u'Dietary Fiber', u'amount': 2.697888, u'percentDailyValue': u'11', u'displayValue': u'2.7', u'unit': u'g'}, u'magnesium': {u'hasCompleteData': False, u'name': u'Magnesium', u'amount': 34.35305, u'percentDailyValue': u'12', u'displayValue': u'34', u'unit': u'mg'}, u'iron': {u'hasCompleteData': True, u'name': u'Iron', u'amount': 2.655196, u'percentDailyValue': u'27', u'displayValue': u'3', u'unit': u'mg'}, u'cholesterol': {u'hasCompleteData': True, u'name': u'Cholesterol', u'amount': 45.7632, u'percentDailyValue': u'15', u'displayValue': u'46', u'unit': u'mg'}, u'protein': {u'hasCompleteData': True, u'name': u'Protein', u'amount': 15.95812, u'percentDailyValue': u'32', u'displayValue': u'16', u'unit': u'g'}, u'vitaminA': {u'hasCompleteData': True, u'name': u'Vitamin A - IU', u'amount': 1162.392, u'percentDailyValue': u'23', u'displayValue': u'1162', u'unit': u'IU'}, u'potassium': {u'hasCompleteData': True, u'name': u'Potassium', u'amount': 611.3544, u'percentDailyValue': u'17', u'displayValue': u'611', u'unit': u'mg'}, u'saturatedFat': {u'hasCompleteData': False, u'name': u'Saturated Fat', u'amount': 5.398934, u'percentDailyValue': u'27', u'displayValue': u'5.4', u'unit': u'g'}, u'vitaminC': {u'hasCompleteData': True, u'name': u'Vitamin C', u'amount': 55.21883, u'percentDailyValue': u'92', u'displayValue': u'55', u'unit': u'mg'}}
"
73910,Butter Beef,https://images.media-allrecipes.com/userphotos/250x250/163132.jpg,cubed beef stew meat^butter^envelope dry onion soup mix,"{'directions': u'Prep\n5 m\nCook\n5 h\nReady In\n5 h 5 m\nPlace the beef and butter into a slow cooker. Sprinkle the onion soup mix over. Cover, and cook on Low for 8 hours, or High for 4 to 5 hours. Stir once or twice.'}","{u'niacin': {u'hasCompleteData': True, u'name': u'Niacin Equivalents', u'amount': 6.962867, u'percentDailyValue': u'54', u'displayValue': u'7', u'unit': u'mg'}, u'sugars': {u'hasCompleteData': True, u'name': u'Sugars', u'amount': 0.1721675, u'percentDailyValue': u'0', u'displayValue': u'0.2', u'unit': u'g'}, u'sodium': {u'hasCompleteData': True, u'name': u'Sodium', u'amount': 457.1455, u'percentDailyValue': u'18', u'displayValue': u'457', u'unit': u'mg'}, u'carbohydrates': {u'hasCompleteData': True, u'name': u'Carbohydrates', u'amount': 2.193537, u'percentDailyValue': u'< 1', u'displayValue': u'2.2', u'unit': u'g'}, u'vitaminB6': {u'hasCompleteData': False, u'name': u'Vitamin B6', u'amount': 0.3527007, u'percentDailyValue': u'22', u'displayValue': u'< 1', u'unit': u'mg'}, u'calories': {u'hasCompleteData': True, u'name': u'Calories', u'amount': 436.6484, u'percentDailyValue': u'22', u'displayValue': u'437', u'unit': u'kcal'}, u'thiamin': {u'hasCompleteData': True, u'name': u'Thiamin', u'amount': 0.09320938, u'percentDailyValue': u'9', u'displayValue': u'< 1', u'unit': u'mg'}, u'fat': {u'hasCompleteData': True, u'name': u'Fat', u'amount': 34.56888, u'percentDailyValue': u'53', u'displayValue': u'34.6', u'unit': u'g'}, u'folate': {u'hasCompleteData': True, u'name': u'Folate', u'amount': 7.898125, u'percentDailyValue': u'4', u'displayValue': u'8', u'unit': u'mcg'}, u'caloriesFromFat': {u'hasCompleteData': True, u'name': u'Calories from Fat', u'amount': 311.1199, u'percentDailyValue': u'-', u'displayValue': u'311', u'unit': u'kcal'}, u'calcium': {u'hasCompleteData': True, u'name': u'Calcium', u'amount': 21.4285, u'percentDailyValue': u'3', u'displayValue': u'21', u'unit': u'mg'}, u'fiber': {u'hasCompleteData': True, u'name': u'Dietary Fiber', u'amount': 0.20945, u'percentDailyValue': u'< 1', u'displayValue': u'0.2', u'unit': u'g'}, u'magnesium': {u'hasCompleteData': False, u'name': u'Magnesium', u'amount': 23.76875, u'percentDailyValue': u'8', u'displayValue': u'24', u'unit': u'mg'}, u'iron': {u'hasCompleteData': True, u'name': u'Iron', u'amount': 2.861458, u'percentDailyValue': u'29', u'displayValue': u'3', u'unit': u'mg'}, u'cholesterol': {u'hasCompleteData': True, u'name': u'Cholesterol', u'amount': 124.4431, u'percentDailyValue': u'41', u'displayValue': u'124', u'unit': u'mg'}, u'protein': {u'hasCompleteData': True, u'name': u'Protein', u'amount': 28.04513, u'percentDailyValue': u'56', u'displayValue': u'28', u'unit': u'g'}, u'vitaminA': {u'hasCompleteData': True, u'name': u'Vitamin A - IU', u'amount': 354.5456, u'percentDailyValue': u'7', u'displayValue': u'355', u'unit': u'IU'}, u'potassium': {u'hasCompleteData': False, u'name': u'Potassium', u'amount': 337.5325, u'percentDailyValue': u'9', u'displayValue': u'338', u'unit': u'mg'}, u'saturatedFat': {u'hasCompleteData': True, u'name': u'Saturated Fat', u'amount': 16.41636, u'percentDailyValue': u'82', u'displayValue': u'16.4', u'unit': u'g'}, u'vitaminC': {u'hasCompleteData': True, u'name': u'Vitamin C', u'amount': 0.4118, u'percentDailyValue': u'< 1', u'displayValue': u'< 1', u'unit': u'mg'}}
"
236920,Sweet and Sour Ground Pork Stir-Fry,https://images.media-allrecipes.com/userphotos/720x405/1112095.jpg,ground pork^onion^carrots^rice vinegar^ketchup^white sugar^soy sauce^chopped broccoli^green bell pepper,"{'directions': u'Prep\n15 m\nCook\n15 m\nReady In\n30 m\nHeat a large skillet over high heat. Cook and stir ground pork in the hot skillet until browned and crumbly, 5 to 7 minutes; drain and discard grease.\nReturn skillet to high heat. Stir onion and carrots into the ground beef; stir-fry until the vegetables are hot, about 2 minutes.\nStir rice vinegar, ketchup, sugar, and soy sauce together in a bowl; pour over pork mixture. Add broccoli and bell pepper to the mixture; stir. Place a cover on the skillet, reduce heat to medium, and cook until the broccoli is tender, 7 to 10 minutes.'}","{u'niacin': {u'hasCompleteData': False, u'name': u'Niacin Equivalents', u'amount': 9.284125, u'percentDailyValue': u'71', u'displayValue': u'9', u'unit': u'mg'}, u'sugars': {u'hasCompleteData': True, u'name': u'Sugars', u'amount': 22.6624, u'percentDailyValue': u'0', u'displayValue': u'22.7', u'unit': u'g'}, u'sodium': {u'hasCompleteData': True, u'name': u'Sodium', u'amount': 471.8255, u'percentDailyValue': u'19', u'displayValue': u'472', u'unit': u'mg'}, u'carbohydrates': {u'hasCompleteData': True, u'name': u'Carbohydrates', u'amount': 30.78041, u'percentDailyValue': u'10', u'displayValue': u'30.8', u'unit': u'g'}, u'vitaminB6': {u'hasCompleteData': False, u'name': u'Vitamin B6', u'amount': 0.6010996, u'percentDailyValue': u'38', u'displayValue': u'< 1', u'unit': u'mg'}, u'calories': {u'hasCompleteData': True, u'name': u'Calories', u'amount': 359.952, u'percentDailyValue': u'18', u'displayValue': u'360', u'unit': u'kcal'}, u'thiamin': {u'hasCompleteData': False, u'name': u'Thiamin', u'amount': 0.6781625, u'percentDailyValue': u'68', u'displayValue': u'< 1', u'unit': u'mg'}, u'fat': {u'hasCompleteData': True, u'name': u'Fat', u'amount': 16.67211, u'percentDailyValue': u'26', u'displayValue': u'16.7', u'unit': u'g'}, u'folate': {u'hasCompleteData': False, u'name': u'Folate', u'amount': 55.3835, u'percentDailyValue': u'31', u'displayValue': u'55', u'unit': u'mcg'}, u'caloriesFromFat': {u'hasCompleteData': True, u'name': u'Calories from Fat', u'amount': 150.049, u'percentDailyValue': u'-', u'displayValue': u'150', u'unit': u'kcal'}, u'calcium': {u'hasCompleteData': True, u'name': u'Calcium', u'amount': 70.031, u'percentDailyValue': u'9', u'displayValue': u'70', u'unit': u'mg'}, u'fiber': {u'hasCompleteData': True, u'name': u'Dietary Fiber', u'amount': 3.7037, u'percentDailyValue': u'15', u'displayValue': u'3.7', u'unit': u'g'}, u'magnesium': {u'hasCompleteData': False, u'name': u'Magnesium', u'amount': 45.9295, u'percentDailyValue': u'16', u'displayValue': u'46', u'unit': u'mg'}, u'iron': {u'hasCompleteData': True, u'name': u'Iron', u'amount': 1.813345, u'percentDailyValue': u'18', u'displayValue': u'2', u'unit': u'mg'}, u'cholesterol': {u'hasCompleteData': True, u'name': u'Cholesterol', u'amount': 73.555, u'percentDailyValue': u'25', u'displayValue': u'74', u'unit': u'mg'}, u'protein': {u'hasCompleteData': True, u'name': u'Protein', u'amount': 23.07255, u'percentDailyValue': u'46', u'displayValue': u'23.1', u'unit': u'g'}, u'vitaminA': {u'hasCompleteData': True, u'name': u'Vitamin A - IU', u'amount': 6592.35, u'percentDailyValue': u'132', u'displayValue': u'6592', u'unit': u'IU'}, u'potassium': {u'hasCompleteData': False, u'name': u'Potassium', u'amount': 754.823, u'percentDailyValue': u'21', u'displayValue': u'755', u'unit': u'mg'}, u'saturatedFat': {u'hasCompleteData': True, u'name': u'Saturated Fat', u'amount': 6.121202, u'percentDailyValue': u'31', u'displayValue': u'6.1', u'unit': u'g'}, u'vitaminC': {u'hasCompleteData': True, u'name': u'Vitamin C', u'amount': 73.05825, u'percentDailyValue': u'122', u'displayValue': u'73', u'unit': u'mg'}}
"
235757,Chicken Pot Pie a la Jeremy and Jasmin,https://images.media-allrecipes.com/userphotos/720x405/1085225.jpg,butter^chopped onion^all-purpose flour^salt^ground black pepper^celery seed^chicken broth^milk^unbaked pie crusts^cubed cooked chicken breast^canned corn^canned green beans^canned sliced carrots,"{'directions': u'Prep\n20 m\nCook\n45 m\nReady In\n1 h 15 m\nPreheat oven to 425 degrees F (220 degrees C).\nHeat butter in a saucepan over medium heat; cook and stir onion until soft and translucent, 5 to 10 minutes. Sprinkle flour, salt, black pepper, and celery seed over onion; stir until coated. Slowly pour broth and milk over onion mixture, stirring constantly. Bring mixture to a simmer over medium-low heat and cook until thickened, about 10 minutes. Remove saucepan from heat.\nPress 1 pie crust into a 9-inch pie dish. Fill crust with chicken, corn, green beans, and carrots. Pour hot liquid mixture over filling. Cover pie with remaining pie crust, seal edges, and cut away excess dough. Cut several slits into the top crust for ventilation during baking.\nBake in the preheated oven until crust is golden brown and filling is bubbling, 30 to 35 minutes. Cool for 10 minutes before serving.'}","{u'niacin': {u'hasCompleteData': False, u'name': u'Niacin Equivalents', u'amount': 10.47683, u'percentDailyValue': u'81', u'displayValue': u'10', u'unit': u'mg'}, u'sugars': {u'hasCompleteData': False, u'name': u'Sugars', u'amount': 2.596323, u'percentDailyValue': u'0', u'displayValue': u'2.6', u'unit': u'g'}, u'sodium': {u'hasCompleteData': True, u'name': u'Sodium', u'amount': 822.0892, u'percentDailyValue': u'33', u'displayValue': u'822', u'unit': u'mg'}, u'carbohydrates': {u'hasCompleteData': True, u'name': u'Carbohydrates', u'amount': 32.56813, u'percentDailyValue': u'11', u'displayValue': u'32.6', u'unit': u'g'}, u'vitaminB6': {u'hasCompleteData': False, u'name': u'Vitamin B6', u'amount': 0.2216866, u'percentDailyValue': u'14', u'displayValue': u'< 1', u'unit': u'mg'}, u'calories': {u'hasCompleteData': True, u'name': u'Calories', u'amount': 461.9695, u'percentDailyValue': u'23', u'displayValue': u'462', u'unit': u'kcal'}, u'thiamin': {u'hasCompleteData': False, u'name': u'Thiamin', u'amount': 0.2570573, u'percentDailyValue': u'26', u'displayValue': u'< 1', u'unit': u'mg'}, u'fat': {u'hasCompleteData': True, u'name': u'Fat', u'amount': 27.6036, u'percentDailyValue': u'42', u'displayValue': u'27.6', u'unit': u'g'}, u'folate': {u'hasCompleteData': False, u'name': u'Folate', u'amount': 66.70567, u'percentDailyValue': u'37', u'displayValue': u'67', u'unit': u'mcg'}, u'caloriesFromFat': {u'hasCompleteData': True, u'name': u'Calories from Fat', u'amount': 248.4324, u'percentDailyValue': u'-', u'displayValue': u'248', u'unit': u'kcal'}, u'calcium': {u'hasCompleteData': True, u'name': u'Calcium', u'amount': 50.04552, u'percentDailyValue': u'6', u'displayValue': u'50', u'unit': u'mg'}, u'fiber': {u'hasCompleteData': True, u'name': u'Dietary Fiber', u'amount': 3.002439, u'percentDailyValue': u'12', u'displayValue': u'3', u'unit': u'g'}, u'magnesium': {u'hasCompleteData': False, u'name': u'Magnesium', u'amount': 31.04606, u'percentDailyValue': u'11', u'displayValue': u'31', u'unit': u'mg'}, u'iron': {u'hasCompleteData': True, u'name': u'Iron', u'amount': 2.419829, u'percentDailyValue': u'24', u'displayValue': u'2', u'unit': u'mg'}, u'cholesterol': {u'hasCompleteData': True, u'name': u'Cholesterol', u'amount': 65.61833, u'percentDailyValue': u'22', u'displayValue': u'66', u'unit': u'mg'}, u'protein': {u'hasCompleteData': True, u'name': u'Protein', u'amount': 20.79407, u'percentDailyValue': u'42', u'displayValue': u'20.8', u'unit': u'g'}, u'vitaminA': {u'hasCompleteData': True, u'name': u'Vitamin A - IU', u'amount': 1658.946, u'percentDailyValue': u'33', u'displayValue': u'1659', u'unit': u'IU'}, u'potassium': {u'hasCompleteData': False, u'name': u'Potassium', u'amount': 267.4934, u'percentDailyValue': u'7', u'displayValue': u'267', u'unit': u'mg'}, u'saturatedFat': {u'hasCompleteData': True, u'name': u'Saturated Fat', u'amount': 10.06171, u'percentDailyValue': u'50', u'displayValue': u'10.1', u'unit': u'g'}, u'vitaminC': {u'hasCompleteData': True, u'name': u'Vitamin C', u'amount': 3.313559, u'percentDailyValue': u'6', u'displayValue': u'3', u'unit': u'mg'}}
"
8778,Cajun Chicken Pasta,https://images.media-allrecipes.com/userphotos/720x405/606388.jpg,linguine pasta^skinless boneless chicken breast halves^Cajun seasoning^butter^red bell pepper^green bell pepper^fresh mushrooms sliced^green onion^heavy cream^dried basil^lemon pepper^salt^garlic powder^ground black pepper^grated Parmesan cheese,"{'directions': u'Prep\n20 m\nCook\n20 m\nReady In\n40 m\nBring a large pot of lightly salted water to a boil. Add pasta and cook for 8 to 10 minutes or until al dente; drain.\nPlace the chicken and the Cajun seasoning in a plastic bag. Shake to coat. In a large skillet over medium heat, saute the chicken in butter or margarine until almost tender (5 to 7 minutes).\nAdd the red bell pepper, green bell pepper, mushrooms and green onion. Saute and stir for 2 to 3 minutes. Reduce heat.\nAdd the cream, basil, lemon pepper, salt, garlic powder and ground black pepper. Heat through. Add the cooked linguine, toss and heat through. Sprinkle with grated Parmesan cheese and serve.'}","{u'niacin': {u'hasCompleteData': False, u'name': u'Niacin Equivalents', u'amount': 25.98078, u'percentDailyValue': u'200', u'displayValue': u'26', u'unit': u'mg'}, u'sugars': {u'hasCompleteData': False, u'name': u'Sugars', u'amount': 6.755114, u'percentDailyValue': u'0', u'displayValue': u'6.8', u'unit': u'g'}, u'sodium': {u'hasCompleteData': True, u'name': u'Sodium', u'amount': 1189.214, u'percentDailyValue': u'48', u'displayValue': u'1189', u'unit': u'mg'}, u'carbohydrates': {u'hasCompleteData': True, u'name': u'Carbohydrates', u'amount': 54.03057, u'percentDailyValue': u'17', u'displayValue': u'54', u'unit': u'g'}, u'vitaminB6': {u'hasCompleteData': False, u'name': u'Vitamin B6', u'amount': 1.109254, u'percentDailyValue': u'69', u'displayValue': u'1', u'unit': u'mg'}, u'calories': {u'hasCompleteData': True, u'name': u'Calories', u'amount': 934.6258, u'percentDailyValue': u'47', u'displayValue': u'935', u'unit': u'kcal'}, u'thiamin': {u'hasCompleteData': False, u'name': u'Thiamin', u'amount': 0.2300068, u'percentDailyValue': u'23', u'displayValue': u'< 1', u'unit': u'mg'}, u'fat': {u'hasCompleteData': True, u'name': u'Fat', u'amount': 61.71077, u'percentDailyValue': u'95', u'displayValue': u'61.7', u'unit': u'g'}, u'folate': {u'hasCompleteData': False, u'name': u'Folate', u'amount': 165.9026, u'percentDailyValue': u'92', u'displayValue': u'166', u'unit': u'mcg'}, u'caloriesFromFat': {u'hasCompleteData': True, u'name': u'Calories from Fat', u'amount': 555.397, u'percentDailyValue': u'-', u'displayValue': u'555', u'unit': u'kcal'}, u'calcium': {u'hasCompleteData': False, u'name': u'Calcium', u'amount': 236.7816, u'percentDailyValue': u'30', u'displayValue': u'237', u'unit': u'mg'}, u'fiber': {u'hasCompleteData': True, u'name': u'Dietary Fiber', u'amount': 4.99767, u'percentDailyValue': u'20', u'displayValue': u'5', u'unit': u'g'}, u'magnesium': {u'hasCompleteData': False, u'name': u'Magnesium', u'amount': 90.07227, u'percentDailyValue': u'32', u'displayValue': u'90', u'unit': u'mg'}, u'iron': {u'hasCompleteData': False, u'name': u'Iron', u'amount': 3.452662, u'percentDailyValue': u'35', u'displayValue': u'3', u'unit': u'mg'}, u'cholesterol': {u'hasCompleteData': True, u'name': u'Cholesterol', u'amount': 270.8, u'percentDailyValue': u'90', u'displayValue': u'271', u'unit': u'mg'}, u'protein': {u'hasCompleteData': True, u'name': u'Protein', u'amount': 43.73249, u'percentDailyValue': u'87', u'displayValue': u'43.7', u'unit': u'g'}, u'vitaminA': {u'hasCompleteData': False, u'name': u'Vitamin A - IU', u'amount': 4342.762, u'percentDailyValue': u'87', u'displayValue': u'4343', u'unit': u'IU'}, u'potassium': {u'hasCompleteData': True, u'name': u'Potassium', u'amount': 913.5704, u'percentDailyValue': u'26', u'displayValue': u'914', u'unit': u'mg'}, u'saturatedFat': {u'hasCompleteData': False, u'name': u'Saturated Fat', u'amount': 37.1624, u'percentDailyValue': u'186', u'displayValue': u'37.2', u'unit': u'g'}, u'vitaminC': {u'hasCompleteData': False, u'name': u'Vitamin C', u'amount': 128.1811, u'percentDailyValue': u'214', u'displayValue': u'128', u'unit': u'mg'}}
"
217969,Buffalo Chicken Pasta Salad,https://images.media-allrecipes.com/userphotos/720x405/657345.jpg,uncooked rotini pasta^mayonnaise^chunky blue cheese dressing^buffalo wing sauce^salt^black pepper^frozen cooked chicken strips^red bell pepper^green bell pepper^red onion,"{'directions': u'Prep\n20 m\nCook\n10 m\nReady In\n1 h 30 m\nFill a large pot with lightly salted water and bring to a rolling boil over high heat. Once the water is boiling, stir in the rotini, and return to a boil. Cook uncovered, stirring occasionally, until the pasta has cooked through, but is still firm to the bite, about 8 minutes. Drain well in a colander set in the sink.\nStir together the mayonnaise, blue cheese dressing, buffalo wing sauce, salt and pepper in a large bowl. Add the chicken, bell peppers, red onion, and cooked pasta and toss to coat with the dressing. Cover and chill at least 1 hour in the refrigerator before serving.'}","{u'niacin': {u'hasCompleteData': False, u'name': u'Niacin Equivalents', u'amount': 4.28147, u'percentDailyValue': u'33', u'displayValue': u'4', u'unit': u'mg'}, u'sugars': {u'hasCompleteData': False, u'name': u'Sugars', u'amount': 2.667532, u'percentDailyValue': u'0', u'displayValue': u'2.7', u'unit': u'g'}, u'sodium': {u'hasCompleteData': True, u'name': u'Sodium', u'amount': 1051.472, u'percentDailyValue': u'42', u'displayValue': u'1051', u'unit': u'mg'}, u'carbohydrates': {u'hasCompleteData': True, u'name': u'Carbohydrates', u'amount': 34.6064, u'percentDailyValue': u'11', u'displayValue': u'34.6', u'unit': u'g'}, u'vitaminB6': {u'hasCompleteData': False, u'name': u'Vitamin B6', u'amount': 0.1632069, u'percentDailyValue': u'10', u'displayValue': u'< 1', u'unit': u'mg'}, u'calories': {u'hasCompleteData': True, u'name': u'Calories', u'amount': 379.2397, u'percentDailyValue': u'19', u'displayValue': u'379', u'unit': u'kcal'}, u'thiamin': {u'hasCompleteData': False, u'name': u'Thiamin', u'amount': 0.01033204, u'percentDailyValue': u'1', u'displayValue': u'< 1', u'unit': u'mg'}, u'fat': {u'hasCompleteData': True, u'name': u'Fat', u'amount': 21.07427, u'percentDailyValue': u'32', u'displayValue': u'21.1', u'unit': u'g'}, u'folate': {u'hasCompleteData': False, u'name': u'Folate', u'amount': 101.6434, u'percentDailyValue': u'56', u'displayValue': u'102', u'unit': u'mcg'}, u'caloriesFromFat': {u'hasCompleteData': True, u'name': u'Calories from Fat', u'amount': 189.6684, u'percentDailyValue': u'-', u'displayValue': u'190', u'unit': u'kcal'}, u'calcium': {u'hasCompleteData': False, u'name': u'Calcium', u'amount': 29.89363, u'percentDailyValue': u'4', u'displayValue': u'30', u'unit': u'mg'}, u'fiber': {u'hasCompleteData': True, u'name': u'Dietary Fiber', u'amount': 1.702117, u'percentDailyValue': u'7', u'displayValue': u'1.7', u'unit': u'g'}, u'magnesium': {u'hasCompleteData': False, u'name': u'Magnesium', u'amount': 23.09492, u'percentDailyValue': u'8', u'displayValue': u'23', u'unit': u'mg'}, u'iron': {u'hasCompleteData': False, u'name': u'Iron', u'amount': 1.414567, u'percentDailyValue': u'14', u'displayValue': u'1', u'unit': u'mg'}, u'cholesterol': {u'hasCompleteData': True, u'name': u'Cholesterol', u'amount': 40.2475, u'percentDailyValue': u'13', u'displayValue': u'40', u'unit': u'mg'}, u'protein': {u'hasCompleteData': True, u'name': u'Protein', u'amount': 13.63321, u'percentDailyValue': u'27', u'displayValue': u'13.6', u'unit': u'g'}, u'vitaminA': {u'hasCompleteData': False, u'name': u'Vitamin A - IU', u'amount': 294.6024, u'percentDailyValue': u'6', u'displayValue': u'295', u'unit': u'IU'}, u'potassium': {u'hasCompleteData': False, u'name': u'Potassium', u'amount': 138.5453, u'percentDailyValue': u'4', u'displayValue': u'139', u'unit': u'mg'}, u'saturatedFat': {u'hasCompleteData': True, u'name': u'Saturated Fat', u'amount': 3.831406, u'percentDailyValue': u'19', u'displayValue': u'3.8', u'unit': u'g'}, u'vitaminC': {u'hasCompleteData': False, u'name': u'Vitamin C', u'amount': 14.37732, u'percentDailyValue': u'24', u'displayValue': u'14', u'unit': u'mg'}}
"
233910,Bubba's Sloppy Joes,https://images.media-allrecipes.com/userphotos/720x405/1087847.jpg,butter^garlic^large sweet onion (such as Vidalia®)^large green bell pepper^chopped fresh cilantro^ground beef^brown sugar^prepared yellow mustard (such as Colman's®)^Worcestershire sauce^Italian seasoning^onion powder^Greek seasoning (such as Cavender's®)^hamburger seasoning (such as McCormick® Grill Mates®)^garlic powder^ground black pepper^smokehouse maple seasoning (such as McCormick® Grill Mates®)^hickory smoked salt (such as McCormick®)^ground nutmeg^barbeque sauce (such as Sweet Baby Ray's®)^ketchup^apple cider vinegar^hamburger buns,"{'directions': u'Prep\n45 m\nCook\n50 m\nReady In\n1 h 35 m\nMelt butter in a skillet over medium heat. Cook and stir garlic in hot butter until fragrant, 1 to 2 minutes. Stir onion, green pepper, and cilantro into garlic; cook and stir until the onion is softened, 5 to 10 minutes.\nCook and stir ground beef in a large skillet over medium heat until browned, 5 to 10 minutes; drain fat. Increase heat to medium-high. Stir brown sugar, mustard, Worcestershire sauce, Italian seasoning, onion powder, Greek seasoning, hamburger seasoning, garlic powder, black pepper, smokehouse maple seasoning, smoked salt, and nutmeg into ground beef mixture; cook until boiling, 4 to 6 minutes.\nStir onion mixture into beef mixture; reduce heat to simmer.\nPour barbeque sauce, ketchup, and apple cider vinegar into beef mixture; stir, cover, and simmer until sauce is thickened, 30 minutes. Scoop beef into hamburger buns and serve.'}","{u'niacin': {u'hasCompleteData': False, u'name': u'Niacin Equivalents', u'amount': 7.870515, u'percentDailyValue': u'61', u'displayValue': u'8', u'unit': u'mg'}, u'sugars': {u'hasCompleteData': False, u'name': u'Sugars', u'amount': 21.06006, u'percentDailyValue': u'0', u'displayValue': u'21.1', u'unit': u'g'}, u'sodium': {u'hasCompleteData': True, u'name': u'Sodium', u'amount': 1141.453, u'percentDailyValue': u'46', u'displayValue': u'1141', u'unit': u'mg'}, u'carbohydrates': {u'hasCompleteData': True, u'name': u'Carbohydrates', u'amount': 49.7122, u'percentDailyValue': u'16', u'displayValue': u'49.7', u'unit': u'g'}, u'vitaminB6': {u'hasCompleteData': False, u'name': u'Vitamin B6', u'amount': 0.2835085, u'percentDailyValue': u'18', u'displayValue': u'< 1', u'unit': u'mg'}, u'calories': {u'hasCompleteData': True, u'name': u'Calories', u'amount': 400.9169, u'percentDailyValue': u'20', u'displayValue': u'401', u'unit': u'kcal'}, u'thiamin': {u'hasCompleteData': False, u'name': u'Thiamin', u'amount': 0.2788245, u'percentDailyValue': u'28', u'displayValue': u'< 1', u'unit': u'mg'}, u'fat': {u'hasCompleteData': True, u'name': u'Fat', u'amount': 14.60667, u'percentDailyValue': u'22', u'displayValue': u'14.6', u'unit': u'g'}, u'folate': {u'hasCompleteData': False, u'name': u'Folate', u'amount': 53.96378, u'percentDailyValue': u'30', u'displayValue': u'54', u'unit': u'mcg'}, u'caloriesFromFat': {u'hasCompleteData': True, u'name': u'Calories from Fat', u'amount': 131.46, u'percentDailyValue': u'-', u'displayValue': u'131', u'unit': u'kcal'}, u'calcium': {u'hasCompleteData': False, u'name': u'Calcium', u'amount': 92.85471, u'percentDailyValue': u'12', u'displayValue': u'93', u'unit': u'mg'}, u'fiber': {u'hasCompleteData': True, u'name': u'Dietary Fiber', u'amount': 2.206001, u'percentDailyValue': u'9', u'displayValue': u'2.2', u'unit': u'g'}, u'magnesium': {u'hasCompleteData': False, u'name': u'Magnesium', u'amount': 34.09522, u'percentDailyValue': u'12', u'displayValue': u'34', u'unit': u'mg'}, u'iron': {u'hasCompleteData': False, u'name': u'Iron', u'amount': 3.196225, u'percentDailyValue': u'32', u'displayValue': u'3', u'unit': u'mg'}, u'cholesterol': {u'hasCompleteData': False, u'name': u'Cholesterol', u'amount': 54.93417, u'percentDailyValue': u'18', u'displayValue': u'55', u'unit': u'mg'}, u'protein': {u'hasCompleteData': True, u'name': u'Protein', u'amount': 17.34326, u'percentDailyValue': u'35', u'displayValue': u'17.3', u'unit': u'g'}, u'vitaminA': {u'hasCompleteData': False, u'name': u'Vitamin A - IU', u'amount': 500.8552, u'percentDailyValue': u'10', u'displayValue': u'501', u'unit': u'IU'}, u'potassium': {u'hasCompleteData': False, u'name': u'Potassium', u'amount': 462.2152, u'percentDailyValue': u'13', u'displayValue': u'462', u'unit': u'mg'}, u'saturatedFat': {u'hasCompleteData': True, u'name': u'Saturated Fat', u'amount': 6.000255, u'percentDailyValue': u'30', u'displayValue': u'6', u'unit': u'g'}, u'vitaminC': {u'hasCompleteData': False, u'name': u'Vitamin C', u'amount': 16.34956, u'percentDailyValue': u'27', u'displayValue': u'16', u'unit': u'mg'}}
"
231459,Slow Cooker Pork with Mushrooms and Barley,https://images.media-allrecipes.com/userphotos/720x405/972054.jpg,garlic^salt^pork chops^barley^white mushrooms sliced^onion^chicken broth^water^Worcestershire sauce^bay leaf^salt and ground black pepper to taste,"{'directions': u'Prep\n20 m\nCook\n8 h\nReady In\n8 h 20 m\nRub chopped garlic and 1 teaspoon salt into pork chops.\nPlace barley in slow cooker and top with pork chops. Cover with white mushrooms and chopped onion. Add chicken broth, water, Worcestershire sauce, bay leaf, salt and a few grinding of fresh black pepper.\nSet slow cooker to low. Cover and cook 8 hours.'}","{u'niacin': {u'hasCompleteData': False, u'name': u'Niacin Equivalents', u'amount': 14.89326, u'percentDailyValue': u'115', u'displayValue': u'15', u'unit': u'mg'}, u'sugars': {u'hasCompleteData': False, u'name': u'Sugars', u'amount': 1.983403, u'percentDailyValue': u'0', u'displayValue': u'2', u'unit': u'g'}, u'sodium': {u'hasCompleteData': False, u'name': u'Sodium', u'amount': 1077.217, u'percentDailyValue': u'43', u'displayValue': u'1077', u'unit': u'mg'}, u'carbohydrates': {u'hasCompleteData': False, u'name': u'Carbohydrates', u'amount': 14.88147, u'percentDailyValue': u'5', u'displayValue': u'14.9', u'unit': u'g'}, u'vitaminB6': {u'hasCompleteData': False, u'name': u'Vitamin B6', u'amount': 0.7697534, u'percentDailyValue': u'48', u'displayValue': u'< 1', u'unit': u'mg'}, u'calories': {u'hasCompleteData': False, u'name': u'Calories', u'amount': 235.9975, u'percentDailyValue': u'12', u'displayValue': u'236', u'unit': u'kcal'}, u'thiamin': {u'hasCompleteData': False, u'name': u'Thiamin', u'amount': 0.9470856, u'percentDailyValue': u'95', u'displayValue': u'< 1', u'unit': u'mg'}, u'fat': {u'hasCompleteData': False, u'name': u'Fat', u'amount': 6.316431, u'percentDailyValue': u'10', u'displayValue': u'6.3', u'unit': u'g'}, u'folate': {u'hasCompleteData': False, u'name': u'Folate', u'amount': 10.86944, u'percentDailyValue': u'6', u'displayValue': u'11', u'unit': u'mcg'}, u'caloriesFromFat': {u'hasCompleteData': False, u'name': u'Calories from Fat', u'amount': 56.84787, u'percentDailyValue': u'-', u'displayValue': u'57', u'unit': u'kcal'}, u'calcium': {u'hasCompleteData': False, u'name': u'Calcium', u'amount': 18.58211, u'percentDailyValue': u'2', u'displayValue': u'19', u'unit': u'mg'}, u'fiber': {u'hasCompleteData': False, u'name': u'Dietary Fiber', u'amount': 3.219908, u'percentDailyValue': u'13', u'displayValue': u'3.2', u'unit': u'g'}, u'magnesium': {u'hasCompleteData': False, u'name': u'Magnesium', u'amount': 49.91806, u'percentDailyValue': u'18', u'displayValue': u'50', u'unit': u'mg'}, u'iron': {u'hasCompleteData': False, u'name': u'Iron', u'amount': 1.466678, u'percentDailyValue': u'15', u'displayValue': u'1', u'unit': u'mg'}, u'cholesterol': {u'hasCompleteData': False, u'name': u'Cholesterol', u'amount': 68.29807, u'percentDailyValue': u'23', u'displayValue': u'68', u'unit': u'mg'}, u'protein': {u'hasCompleteData': False, u'name': u'Protein', u'amount': 28.83088, u'percentDailyValue': u'58', u'displayValue': u'28.8', u'unit': u'g'}, u'vitaminA': {u'hasCompleteData': False, u'name': u'Vitamin A - IU', u'amount': 6.730139, u'percentDailyValue': u'< 1', u'displayValue': u'7', u'unit': u'IU'}, u'potassium': {u'hasCompleteData': False, u'name': u'Potassium', u'amount': 554.4692, u'percentDailyValue': u'16', u'displayValue': u'554', u'unit': u'mg'}, u'saturatedFat': {u'hasCompleteData': False, u'name': u'Saturated Fat', u'amount': 1.971938, u'percentDailyValue': u'10', u'displayValue': u'2', u'unit': u'g'}, u'vitaminC': {u'hasCompleteData': False, u'name': u'Vitamin C', u'amount': 2.187514, u'percentDailyValue': u'4', u'displayValue': u'2', u'unit': u'mg'}}
"
233874,Stuffed Bison Burgers with Caramelized Figs and Shallots,https://images.media-allrecipes.com/userphotos/250x250/1037654.jpg,pomegranate juice^chopped dried figs stems removed^butter^thinly sliced shallots^honey^chopped fresh thyme^egg^ground bison^soft bread crumbs^Worcestershire sauce^milk^garlic^salt^freshly ground black pepper^Gruyere cheese^toasted French bread,"{'directions': u'Prep\n30 m\nCook\n27 m\nReady In\n1 h 12 m\nBring pomegranate juice just to boiling over medium-high heat in a small saucepan. Add figs. Remove pan from heat and let stand for 15 minutes. Drain figs; set aside.\nFor filling, melt butter over medium-high heat in a large skillet. Cook shallots in hot butter for 3 to 5 minutes or until shallots are tender. Stir in drained figs and honey. Reduce heat to low. Cook, stirring occasionally, for 6 to 8 more minutes or until shallots are golden brown. Stir in thyme. Cool slightly.\nCombine egg, ground bison, bread crumbs, Worcestershire sauce, milk, garlic, salt, and pepper in a large bowl. Shape mixture into 8 patties. Spoon filling evenly onto half of bison patties to 1/2-inch of edges. Top with remaining bison patties; pinch edges to seal.\nFor charcoal grill, arrange preheated coals around a drip pan. Test for medium heat above pan. Place bison patties over drip pan on grill rack. Cover and grill for 16 to 22 minutes or until done (160 degrees F), turning once halfway through. (For gas grill, preheat grill. Reduce heat to medium. Adjust for indirect grilling. Grill as above.) Top with cheese. Cover; cook 1 to 2 minutes more or until cheese melts. Serve bison patties open face on French bread slices.'}","{u'niacin': {u'hasCompleteData': False, u'name': u'Niacin Equivalents', u'amount': 10.13936, u'percentDailyValue': u'78', u'displayValue': u'10', u'unit': u'mg'}, u'sugars': {u'hasCompleteData': False, u'name': u'Sugars', u'amount': 26.07849, u'percentDailyValue': u'0', u'displayValue': u'26.1', u'unit': u'g'}, u'sodium': {u'hasCompleteData': True, u'name': u'Sodium', u'amount': 823.0215, u'percentDailyValue': u'33', u'displayValue': u'823', u'unit': u'mg'}, u'carbohydrates': {u'hasCompleteData': True, u'name': u'Carbohydrates', u'amount': 51.39134, u'percentDailyValue': u'17', u'displayValue': u'51.4', u'unit': u'g'}, u'vitaminB6': {u'hasCompleteData': False, u'name': u'Vitamin B6', u'amount': 0.7873138, u'percentDailyValue': u'49', u'displayValue': u'< 1', u'unit': u'mg'}, u'calories': {u'hasCompleteData': True, u'name': u'Calories', u'amount': 614.5871, u'percentDailyValue': u'31', u'displayValue': u'615', u'unit': u'kcal'}, u'thiamin': {u'hasCompleteData': False, u'name': u'Thiamin', u'amount': 0.3568886, u'percentDailyValue': u'36', u'displayValue': u'< 1', u'unit': u'mg'}, u'fat': {u'hasCompleteData': True, u'name': u'Fat', u'amount': 20.69433, u'percentDailyValue': u'32', u'displayValue': u'20.7', u'unit': u'g'}, u'folate': {u'hasCompleteData': False, u'name': u'Folate', u'amount': 75.50292, u'percentDailyValue': u'42', u'displayValue': u'76', u'unit': u'mcg'}, u'caloriesFromFat': {u'hasCompleteData': True, u'name': u'Calories from Fat', u'amount': 186.249, u'percentDailyValue': u'-', u'displayValue': u'186', u'unit': u'kcal'}, u'calcium': {u'hasCompleteData': False, u'name': u'Calcium', u'amount': 390.1935, u'percentDailyValue': u'49', u'displayValue': u'390', u'unit': u'mg'}, u'fiber': {u'hasCompleteData': True, u'name': u'Dietary Fiber', u'amount': 4.075498, u'percentDailyValue': u'16', u'displayValue': u'4.1', u'unit': u'g'}, u'magnesium': {u'hasCompleteData': False, u'name': u'Magnesium', u'amount': 79.70734, u'percentDailyValue': u'28', u'displayValue': u'80', u'unit': u'mg'}, u'iron': {u'hasCompleteData': False, u'name': u'Iron', u'amount': 7.684402, u'percentDailyValue': u'77', u'displayValue': u'8', u'unit': u'mg'}, u'cholesterol': {u'hasCompleteData': True, u'name': u'Cholesterol', u'amount': 209.795, u'percentDailyValue': u'70', u'displayValue': u'210', u'unit': u'mg'}, u'protein': {u'hasCompleteData': True, u'name': u'Protein', u'amount': 55.59857, u'percentDailyValue': u'111', u'displayValue': u'55.6', u'unit': u'g'}, u'vitaminA': {u'hasCompleteData': False, u'name': u'Vitamin A - IU', u'amount': 826.3221, u'percentDailyValue': u'17', u'displayValue': u'826', u'unit': u'IU'}, u'potassium': {u'hasCompleteData': False, u'name': u'Potassium', u'amount': 927.3785, u'percentDailyValue': u'26', u'displayValue': u'927', u'unit': u'mg'}, u'saturatedFat': {u'hasCompleteData': True, u'name': u'Saturated Fat', u'amount': 11.01018, u'percentDailyValue': u'55', u'displayValue': u'11', u'unit': u'g'}, u'vitaminC': {u'hasCompleteData': False, u'name': u'Vitamin C', u'amount': 4.428113, u'percentDailyValue': u'7', u'displayValue': u'4', u'unit': u'mg'}}
"
133604,Jen's Jambalaya,https://images.media-allrecipes.com/userphotos/720x405/807897.jpg,margarine^chopped onion^chopped celery^chopped green pepper^diced tomatoes^chicken broth^long grain white rice^dried basil^garlic powder^black pepper^hot sauce^bay leaf^diced cooked chicken breast^cooked crumbled Italian sausage^peeled cooked shrimp,"{'directions': u'Prep\n30 m\nCook\n30 m\nReady In\n1 h\nMelt margarine in a large saucepan over medium heat. Stir in onion, celery, and green pepper; cook until softened, about 5 minutes. Pour in diced tomatoes, chicken broth, and rice; season with basil, garlic, pepper, hot sauce, and bay leaf. Bring to a boil over medium-high heat, then turn heat to medium-low, cover, and simmer until the rice is done, about 20 minutes.\nOnce the rice has cooked, stir in chicken, sausage, and shrimp. Simmer for a few minutes until heated through. Remove bay leaf before serving.'}","{u'niacin': {u'hasCompleteData': False, u'name': u'Niacin Equivalents', u'amount': 8.79369, u'percentDailyValue': u'68', u'displayValue': u'9', u'unit': u'mg'}, u'sugars': {u'hasCompleteData': False, u'name': u'Sugars', u'amount': 4.146134, u'percentDailyValue': u'0', u'displayValue': u'4.1', u'unit': u'g'}, u'sodium': {u'hasCompleteData': True, u'name': u'Sodium', u'amount': 1064.163, u'percentDailyValue': u'43', u'displayValue': u'1064', u'unit': u'mg'}, u'carbohydrates': {u'hasCompleteData': True, u'name': u'Carbohydrates', u'amount': 31.91976, u'percentDailyValue': u'10', u'displayValue': u'31.9', u'unit': u'g'}, u'vitaminB6': {u'hasCompleteData': False, u'name': u'Vitamin B6', u'amount': 0.3033771, u'percentDailyValue': u'19', u'displayValue': u'< 1', u'unit': u'mg'}, u'calories': {u'hasCompleteData': True, u'name': u'Calories', u'amount': 374.5774, u'percentDailyValue': u'19', u'displayValue': u'375', u'unit': u'kcal'}, u'thiamin': {u'hasCompleteData': False, u'name': u'Thiamin', u'amount': 0.4182999, u'percentDailyValue': u'42', u'displayValue': u'< 1', u'unit': u'mg'}, u'fat': {u'hasCompleteData': True, u'name': u'Fat', u'amount': 16.81202, u'percentDailyValue': u'26', u'displayValue': u'16.8', u'unit': u'g'}, u'folate': {u'hasCompleteData': False, u'name': u'Folate', u'amount': 81.12912, u'percentDailyValue': u'45', u'displayValue': u'81', u'unit': u'mcg'}, u'caloriesFromFat': {u'hasCompleteData': True, u'name': u'Calories from Fat', u'amount': 151.3082, u'percentDailyValue': u'-', u'displayValue': u'151', u'unit': u'kcal'}, u'calcium': {u'hasCompleteData': True, u'name': u'Calcium', u'amount': 76.35217, u'percentDailyValue': u'10', u'displayValue': u'76', u'unit': u'mg'}, u'fiber': {u'hasCompleteData': True, u'name': u'Dietary Fiber', u'amount': 1.896338, u'percentDailyValue': u'8', u'displayValue': u'1.9', u'unit': u'g'}, u'magnesium': {u'hasCompleteData': False, u'name': u'Magnesium', u'amount': 29.78349, u'percentDailyValue': u'11', u'displayValue': u'30', u'unit': u'mg'}, u'iron': {u'hasCompleteData': True, u'name': u'Iron', u'amount': 5.192942, u'percentDailyValue': u'52', u'displayValue': u'5', u'unit': u'mg'}, u'cholesterol': {u'hasCompleteData': True, u'name': u'Cholesterol', u'amount': 79.97501, u'percentDailyValue': u'27', u'displayValue': u'80', u'unit': u'mg'}, u'protein': {u'hasCompleteData': True, u'name': u'Protein', u'amount': 21.06615, u'percentDailyValue': u'42', u'displayValue': u'21.1', u'unit': u'g'}, u'vitaminA': {u'hasCompleteData': True, u'name': u'Vitamin A - IU', u'amount': 1256.955, u'percentDailyValue': u'25', u'displayValue': u'1257', u'unit': u'IU'}, u'potassium': {u'hasCompleteData': False, u'name': u'Potassium', u'amount': 415.6474, u'percentDailyValue': u'12', u'displayValue': u'416', u'unit': u'mg'}, u'saturatedFat': {u'hasCompleteData': False, u'name': u'Saturated Fat', u'amount': 4.718538, u'percentDailyValue': u'24', u'displayValue': u'4.7', u'unit': u'g'}, u'vitaminC': {u'hasCompleteData': True, u'name': u'Vitamin C', u'amount': 16.93451, u'percentDailyValue': u'28', u'displayValue': u'17', u'unit': u'mg'}}
"
55420,The Absolute Best Potato Soup,https://images.media-allrecipes.com/userphotos/720x405/529190.jpg,fluid ounce) can chicken broth^country style gravy mix (such as McCormick®)^peeled and cubed potatoes^carrot^onion^inch thick) slices deli ham diced,"{'directions': u'Prep\n15 m\nCook\n1 h 15 m\nReady In\n1 h 30 m\nPour 1 cup of the chicken broth, and the contents of the gravy mix packet, into a small bowl. Whisk well to combine.\nCombine potatoes, carrot, onion, ham, and remaining chicken broth in a large soup pot; bring to a boil. Cook for 5 minutes, and turn down to a simmer. Whisk in the broth and gravy mixture. Simmer soup for one hour.'}","{u'niacin': {u'hasCompleteData': False, u'name': u'Niacin Equivalents', u'amount': 3.529441, u'percentDailyValue': u'27', u'displayValue': u'4', u'unit': u'mg'}, u'sugars': {u'hasCompleteData': True, u'name': u'Sugars', u'amount': 3.638339, u'percentDailyValue': u'0', u'displayValue': u'3.6', u'unit': u'g'}, u'sodium': {u'hasCompleteData': True, u'name': u'Sodium', u'amount': 1320.72, u'percentDailyValue': u'53', u'displayValue': u'1321', u'unit': u'mg'}, u'carbohydrates': {u'hasCompleteData': True, u'name': u'Carbohydrates', u'amount': 27.13694, u'percentDailyValue': u'9', u'displayValue': u'27.1', u'unit': u'g'}, u'vitaminB6': {u'hasCompleteData': False, u'name': u'Vitamin B6', u'amount': 0.4034128, u'percentDailyValue': u'25', u'displayValue': u'< 1', u'unit': u'mg'}, u'calories': {u'hasCompleteData': True, u'name': u'Calories', u'amount': 172.6175, u'percentDailyValue': u'9', u'displayValue': u'173', u'unit': u'kcal'}, u'thiamin': {u'hasCompleteData': False, u'name': u'Thiamin', u'amount': 0.357029, u'percentDailyValue': u'36', u'displayValue': u'< 1', u'unit': u'mg'}, u'fat': {u'hasCompleteData': True, u'name': u'Fat', u'amount': 3.527386, u'percentDailyValue': u'5', u'displayValue': u'3.5', u'unit': u'g'}, u'folate': {u'hasCompleteData': False, u'name': u'Folate', u'amount': 15.4225, u'percentDailyValue': u'9', u'displayValue': u'15', u'unit': u'mcg'}, u'caloriesFromFat': {u'hasCompleteData': True, u'name': u'Calories from Fat', u'amount': 31.74647, u'percentDailyValue': u'-', u'displayValue': u'32', u'unit': u'kcal'}, u'calcium': {u'hasCompleteData': True, u'name': u'Calcium', u'amount': 22.8575, u'percentDailyValue': u'3', u'displayValue': u'23', u'unit': u'mg'}, u'fiber': {u'hasCompleteData': True, u'name': u'Dietary Fiber', u'amount': 3.0315, u'percentDailyValue': u'12', u'displayValue': u'3', u'unit': u'g'}, u'magnesium': {u'hasCompleteData': False, u'name': u'Magnesium', u'amount': 29.7445, u'percentDailyValue': u'11', u'displayValue': u'30', u'unit': u'mg'}, u'iron': {u'hasCompleteData': True, u'name': u'Iron', u'amount': 0.711275, u'percentDailyValue': u'7', u'displayValue': u'< 1', u'unit': u'mg'}, u'cholesterol': {u'hasCompleteData': True, u'name': u'Cholesterol', u'amount': 20.62376, u'percentDailyValue': u'7', u'displayValue': u'21', u'unit': u'mg'}, u'protein': {u'hasCompleteData': True, u'name': u'Protein', u'amount': 7.860917, u'percentDailyValue': u'16', u'displayValue': u'7.9', u'unit': u'g'}, u'vitaminA': {u'hasCompleteData': True, u'name': u'Vitamin A - IU', u'amount': 1302.184, u'percentDailyValue': u'26', u'displayValue': u'1302', u'unit': u'IU'}, u'potassium': {u'hasCompleteData': False, u'name': u'Potassium', u'amount': 466.8683, u'percentDailyValue': u'13', u'displayValue': u'467', u'unit': u'mg'}, u'saturatedFat': {u'hasCompleteData': True, u'name': u'Saturated Fat', u'amount': 0.9990225, u'percentDailyValue': u'5', u'displayValue': u'1', u'unit': u'g'}, u'vitaminC': {u'hasCompleteData': True, u'name': u'Vitamin C', u'amount': 10.1635, u'percentDailyValue': u'17', u'displayValue': u'10', u'unit': u'mg'}}
"
231825,Chicken Primavera Alfredo,https://images.media-allrecipes.com/userphotos/720x405/998735.jpg,fettuccine pasta^butter^skinless boneless chicken breast halves^garlic^sliced fresh mushrooms^green bell pepper^red bell pepper^butter^pint heavy whipping cream^grated Parmesan cheese^cream cheese^salt and ground black pepper to taste^egg,"{'directions': u'Prep\n20 m\nCook\n30 m\nReady In\n50 m\nFill a large pot with lightly salted water and bring to a rolling boil. Stir in the fettuccine, bring back to a boil, and cook pasta over medium heat until cooked through but still firm to the bite, about 8 minutes. Drain.\nMelt 1/4 cup butter in a large skillet over medium heat; cook and stir chicken and garlic in butter until chicken is browned. Add mushrooms, green bell pepper, and red bell pepper; cook and stir until vegetables are tender.\nMelt remaining 1/2 cup butter with half the heavy cream in a large saucepan over medium heat. Gradually add Parmesan cheese, alternating with pieces of cream cheese, stirring constantly. Stir in remaining heavy cream, simmering until sauce has thickened, about 5 minutes. Stir chicken and vegetable mixture into cream sauce.\nTransfer pasta to the saucepan and stir in egg. Cook and stir for 1 minute and serve immediately.'}","{u'niacin': {u'hasCompleteData': False, u'name': u'Niacin Equivalents', u'amount': 11.05846, u'percentDailyValue': u'85', u'displayValue': u'11', u'unit': u'mg'}, u'sugars': {u'hasCompleteData': False, u'name': u'Sugars', u'amount': 4.416152, u'percentDailyValue': u'0', u'displayValue': u'4.4', u'unit': u'g'}, u'sodium': {u'hasCompleteData': False, u'name': u'Sodium', u'amount': 440.5815, u'percentDailyValue': u'18', u'displayValue': u'441', u'unit': u'mg'}, u'carbohydrates': {u'hasCompleteData': False, u'name': u'Carbohydrates', u'amount': 61.52663, u'percentDailyValue': u'20', u'displayValue': u'61.5', u'unit': u'g'}, u'vitaminB6': {u'hasCompleteData': False, u'name': u'Vitamin B6', u'amount': 0.3634213, u'percentDailyValue': u'23', u'displayValue': u'< 1', u'unit': u'mg'}, u'calories': {u'hasCompleteData': False, u'name': u'Calories', u'amount': 973.979, u'percentDailyValue': u'49', u'displayValue': u'974', u'unit': u'kcal'}, u'thiamin': {u'hasCompleteData': False, u'name': u'Thiamin', u'amount': 0.08842542, u'percentDailyValue': u'9', u'displayValue': u'< 1', u'unit': u'mg'}, u'fat': {u'hasCompleteData': False, u'name': u'Fat', u'amount': 70.82222, u'percentDailyValue': u'109', u'displayValue': u'70.8', u'unit': u'g'}, u'folate': {u'hasCompleteData': False, u'name': u'Folate', u'amount': 178.4769, u'percentDailyValue': u'99', u'displayValue': u'178', u'unit': u'mcg'}, u'caloriesFromFat': {u'hasCompleteData': False, u'name': u'Calories from Fat', u'amount': 637.4, u'percentDailyValue': u'-', u'displayValue': u'637', u'unit': u'kcal'}, u'calcium': {u'hasCompleteData': False, u'name': u'Calcium', u'amount': 190.5136, u'percentDailyValue': u'24', u'displayValue': u'191', u'unit': u'mg'}, u'fiber': {u'hasCompleteData': False, u'name': u'Dietary Fiber', u'amount': 3.500245, u'percentDailyValue': u'14', u'displayValue': u'3.5', u'unit': u'g'}, u'magnesium': {u'hasCompleteData': False, u'name': u'Magnesium', u'amount': 59.94583, u'percentDailyValue': u'21', u'displayValue': u'60', u'unit': u'mg'}, u'iron': {u'hasCompleteData': False, u'name': u'Iron', u'amount': 3.351675, u'percentDailyValue': u'34', u'displayValue': u'3', u'unit': u'mg'}, u'cholesterol': {u'hasCompleteData': False, u'name': u'Cholesterol', u'amount': 267.9029, u'percentDailyValue': u'89', u'displayValue': u'268', u'unit': u'mg'}, u'protein': {u'hasCompleteData': False, u'name': u'Protein', u'amount': 26.97181, u'percentDailyValue': u'54', u'displayValue': u'27', u'unit': u'g'}, u'vitaminA': {u'hasCompleteData': False, u'name': u'Vitamin A - IU', u'amount': 3147.261, u'percentDailyValue': u'63', u'displayValue': u'3147', u'unit': u'IU'}, u'potassium': {u'hasCompleteData': False, u'name': u'Potassium', u'amount': 458.9794, u'percentDailyValue': u'13', u'displayValue': u'459', u'unit': u'mg'}, u'saturatedFat': {u'hasCompleteData': False, u'name': u'Saturated Fat', u'amount': 43.074, u'percentDailyValue': u'215', u'displayValue': u'43.1', u'unit': u'g'}, u'vitaminC': {u'hasCompleteData': False, u'name': u'Vitamin C', u'amount': 42.29717, u'percentDailyValue': u'70', u'displayValue': u'42', u'unit': u'mg'}}
"
142456,"Rogan Josh, Lamb Shanks",https://images.media-allrecipes.com/userphotos/250x250/213233.jpg,sour cream^all-purpose flour^chili powder^ground coriander^ground ginger^chicken bouillon^cardamom pods broken^diced tomatoes^water^ground nutmeg to taste^salt and ground black pepper to taste^cornstarch^water^large onion^lamb shanks^carrots^new potatoes^button mushrooms quartered (optional),"{'directions': u'Prep\n40 m\nCook\n8 h\nReady In\n8 h 40 m\nStir the sour cream and all-purpose flour together in a small bowl until smooth and set aside. In a separate small bowl, mix together the cornstarch and water to make a paste.\nCombine the chili powder, coriander, ginger, bouillon cubes, cardamom, tomatoes, water, nutmeg, salt and pepper in a medium saucepan; bring to a boil over high heat. Slowly add the cornstarch paste to the tomato mixture, stirring constantly; simmer for 2 minutes. Remove the saucepan from the heat and slowly stir in the sour cream and flour mixture.\nArrange the onions across the bottom of a slow cooker, lay the shanks on top of the onions and pour the prepared tomato mixture over the meat. Place the carrots, potatoes and mushrooms on top of the sauce.\nCover and cook in the slow cooker on High for 8 hours.'}","{u'niacin': {u'hasCompleteData': False, u'name': u'Niacin Equivalents', u'amount': 25.18757, u'percentDailyValue': u'194', u'displayValue': u'25', u'unit': u'mg'}, u'sugars': {u'hasCompleteData': False, u'name': u'Sugars', u'amount': 13.94591, u'percentDailyValue': u'0', u'displayValue': u'13.9', u'unit': u'g'}, u'sodium': {u'hasCompleteData': True, u'name': u'Sodium', u'amount': 2378.246, u'percentDailyValue': u'95', u'displayValue': u'2378', u'unit': u'mg'}, u'carbohydrates': {u'hasCompleteData': True, u'name': u'Carbohydrates', u'amount': 65.31655, u'percentDailyValue': u'21', u'displayValue': u'65.3', u'unit': u'g'}, u'vitaminB6': {u'hasCompleteData': False, u'name': u'Vitamin B6', u'amount': 1.362791, u'percentDailyValue': u'85', u'displayValue': u'1', u'unit': u'mg'}, u'calories': {u'hasCompleteData': True, u'name': u'Calories', u'amount': 811.1114, u'percentDailyValue': u'41', u'displayValue': u'811', u'unit': u'kcal'}, u'thiamin': {u'hasCompleteData': False, u'name': u'Thiamin', u'amount': 0.4958493, u'percentDailyValue': u'50', u'displayValue': u'< 1', u'unit': u'mg'}, u'fat': {u'hasCompleteData': True, u'name': u'Fat', u'amount': 38.20252, u'percentDailyValue': u'59', u'displayValue': u'38.2', u'unit': u'g'}, u'folate': {u'hasCompleteData': False, u'name': u'Folate', u'amount': 74.87514, u'percentDailyValue': u'42', u'displayValue': u'75', u'unit': u'mcg'}, u'caloriesFromFat': {u'hasCompleteData': True, u'name': u'Calories from Fat', u'amount': 343.8227, u'percentDailyValue': u'-', u'displayValue': u'344', u'unit': u'kcal'}, u'calcium': {u'hasCompleteData': True, u'name': u'Calcium', u'amount': 343.7792, u'percentDailyValue': u'43', u'displayValue': u'344', u'unit': u'mg'}, u'fiber': {u'hasCompleteData': True, u'name': u'Dietary Fiber', u'amount': 11.14977, u'percentDailyValue': u'45', u'displayValue': u'11.1', u'unit': u'g'}, u'magnesium': {u'hasCompleteData': False, u'name': u'Magnesium', u'amount': 111.5824, u'percentDailyValue': u'40', u'displayValue': u'112', u'unit': u'mg'}, u'iron': {u'hasCompleteData': True, u'name': u'Iron', u'amount': 11.96042, u'percentDailyValue': u'120', u'displayValue': u'12', u'unit': u'mg'}, u'cholesterol': {u'hasCompleteData': False, u'name': u'Cholesterol', u'amount': 157.6123, u'percentDailyValue': u'53', u'displayValue': u'158', u'unit': u'mg'}, u'protein': {u'hasCompleteData': True, u'name': u'Protein', u'amount': 51.16405, u'percentDailyValue': u'102', u'displayValue': u'51.2', u'unit': u'g'}, u'vitaminA': {u'hasCompleteData': False, u'name': u'Vitamin A - IU', u'amount': 18235.8, u'percentDailyValue': u'365', u'displayValue': u'18236', u'unit': u'IU'}, u'potassium': {u'hasCompleteData': False, u'name': u'Potassium', u'amount': 2085.183, u'percentDailyValue': u'58', u'displayValue': u'2085', u'unit': u'mg'}, u'saturatedFat': {u'hasCompleteData': False, u'name': u'Saturated Fat', u'amount': 19.83948, u'percentDailyValue': u'99', u'displayValue': u'19.8', u'unit': u'g'}, u'vitaminC': {u'hasCompleteData': False, u'name': u'Vitamin C', u'amount': 45.35743, u'percentDailyValue': u'76', u'displayValue': u'45', u'unit': u'mg'}}
"
140407,Italian-Style Deviled Eggs,https://images.media-allrecipes.com/userphotos/250x250/697998.jpg,eggs^grated Parmesan cheese^chopped fresh chives^chopped prosciutto^green olives finely chopped^chopped red bell pepper^Dijon mustard^sour cream^mayonnaise^hot pepper sauce^garlic powder^ground black pepper,"{'directions': u'Prep\n40 m\nCook\n12 m\nReady In\n1 h 2 m\nPlace eggs in a large pot and cover with cold water. Bring water to a boil and immediately remove from heat. Cover and let eggs stand in hot water for 10 to 12 minutes. Remove from hot water, cool and peel.\nSlice the eggs in half lengthwise and place the yolks into a bowl and mash with a fork. Set aside some of the Parmesan cheese and chives to use as a garnish. Mix the remaining into the yolks along with the prosciutto, green olives, red bell pepper, Dijon mustard, sour cream, mayonnaise, hot sauce, garlic powder and pepper. Spoon the yolk mixture back into the egg white halves. Garnish with reserved Parmesan cheese and chives.'}","{u'niacin': {u'hasCompleteData': False, u'name': u'Niacin Equivalents', u'amount': 1.665882, u'percentDailyValue': u'13', u'displayValue': u'2', u'unit': u'mg'}, u'sugars': {u'hasCompleteData': True, u'name': u'Sugars', u'amount': 0.627595, u'percentDailyValue': u'0', u'displayValue': u'0.6', u'unit': u'g'}, u'sodium': {u'hasCompleteData': True, u'name': u'Sodium', u'amount': 250.2127, u'percentDailyValue': u'10', u'displayValue': u'250', u'unit': u'mg'}, u'carbohydrates': {u'hasCompleteData': True, u'name': u'Carbohydrates', u'amount': 1.574969, u'percentDailyValue': u'< 1', u'displayValue': u'1.6', u'unit': u'g'}, u'vitaminB6': {u'hasCompleteData': False, u'name': u'Vitamin B6', u'amount': 0.1023887, u'percentDailyValue': u'6', u'displayValue': u'< 1', u'unit': u'mg'}, u'calories': {u'hasCompleteData': True, u'name': u'Calories', u'amount': 131.2617, u'percentDailyValue': u'7', u'displayValue': u'131', u'unit': u'kcal'}, u'thiamin': {u'hasCompleteData': False, u'name': u'Thiamin', u'amount': 0.03876193, u'percentDailyValue': u'4', u'displayValue': u'< 1', u'unit': u'mg'}, u'fat': {u'hasCompleteData': True, u'name': u'Fat', u'amount': 10.4106, u'percentDailyValue': u'16', u'displayValue': u'10.4', u'unit': u'g'}, u'folate': {u'hasCompleteData': False, u'name': u'Folate', u'amount': 27.42386, u'percentDailyValue': u'15', u'displayValue': u'27', u'unit': u'mcg'}, u'caloriesFromFat': {u'hasCompleteData': True, u'name': u'Calories from Fat', u'amount': 93.6954, u'percentDailyValue': u'-', u'displayValue': u'94', u'unit': u'kcal'}, u'calcium': {u'hasCompleteData': True, u'name': u'Calcium', u'amount': 58.7164, u'percentDailyValue': u'7', u'displayValue': u'59', u'unit': u'mg'}, u'fiber': {u'hasCompleteData': True, u'name': u'Dietary Fiber', u'amount': 0.130749, u'percentDailyValue': u'< 1', u'displayValue': u'0.1', u'unit': u'g'}, u'magnesium': {u'hasCompleteData': False, u'name': u'Magnesium', u'amount': 9.050074, u'percentDailyValue': u'3', u'displayValue': u'9', u'unit': u'mg'}, u'iron': {u'hasCompleteData': True, u'name': u'Iron', u'amount': 1.032604, u'percentDailyValue': u'10', u'displayValue': u'1', u'unit': u'mg'}, u'cholesterol': {u'hasCompleteData': True, u'name': u'Cholesterol', u'amount': 195.0625, u'percentDailyValue': u'65', u'displayValue': u'195', u'unit': u'mg'}, u'protein': {u'hasCompleteData': True, u'name': u'Protein', u'amount': 7.919596, u'percentDailyValue': u'16', u'displayValue': u'7.9', u'unit': u'g'}, u'vitaminA': {u'hasCompleteData': False, u'name': u'Vitamin A - IU', u'amount': 465.3076, u'percentDailyValue': u'9', u'displayValue': u'465', u'unit': u'IU'}, u'potassium': {u'hasCompleteData': False, u'name': u'Potassium', u'amount': 96.28385, u'percentDailyValue': u'3', u'displayValue': u'96', u'unit': u'mg'}, u'saturatedFat': {u'hasCompleteData': True, u'name': u'Saturated Fat', u'amount': 3.738159, u'percentDailyValue': u'19', u'displayValue': u'3.7', u'unit': u'g'}, u'vitaminC': {u'hasCompleteData': True, u'name': u'Vitamin C', u'amount': 5.151331, u'percentDailyValue': u'9', u'displayValue': u'5', u'unit': u'mg'}}
"
26623,Mexican Meatloaf,https://images.media-allrecipes.com/userphotos/720x405/1005751.jpg,lean ground beef^taco seasoning mix^refried beans^flour tortillas^fresh salsa^shredded Cheddar cheese,"{'directions': u'Prep\n25 m\nCook\n45 m\nReady In\n1 h 10 m\nPreheat oven to 350 degrees F (175 degrees C).\nIn a medium bowl, mix thoroughly the ground beef and taco seasoning; set aside. In a medium saucepan, heat the refried beans over medium low heat until they are completely heated through.\nPlace the ground beef mixture on a large piece of foil. Press the mixture into an approximately 1 inch thick square shape. Spread the refried beans evenly over the top of the flattened beef. Layer the flour tortillas on top of the refried beans, trimming the edges to fit the square. Layer tortillas with salsa and Cheddar cheese, staying 1/2 to 1 inch away from edges of the square.\nGently roll the layered beef into a Swiss roll shape, pressing and compacting the loaf as you go. Pinch and seal the edges. Wrap in the foil and seal.\nBake in preheated oven 40 to 45 minutes, or until no longer pink in the center. Cut loaf in half to test for doneness, if necessary.'}","{u'niacin': {u'hasCompleteData': False, u'name': u'Niacin Equivalents', u'amount': 11.83854, u'percentDailyValue': u'91', u'displayValue': u'12', u'unit': u'mg'}, u'sugars': {u'hasCompleteData': False, u'name': u'Sugars', u'amount': 1.663155, u'percentDailyValue': u'0', u'displayValue': u'1.7', u'unit': u'g'}, u'sodium': {u'hasCompleteData': True, u'name': u'Sodium', u'amount': 885.5015, u'percentDailyValue': u'35', u'displayValue': u'886', u'unit': u'mg'}, u'carbohydrates': {u'hasCompleteData': True, u'name': u'Carbohydrates', u'amount': 26.95763, u'percentDailyValue': u'9', u'displayValue': u'27', u'unit': u'g'}, u'vitaminB6': {u'hasCompleteData': False, u'name': u'Vitamin B6', u'amount': 0.4249519, u'percentDailyValue': u'27', u'displayValue': u'< 1', u'unit': u'mg'}, u'calories': {u'hasCompleteData': True, u'name': u'Calories', u'amount': 488.2469, u'percentDailyValue': u'24', u'displayValue': u'488', u'unit': u'kcal'}, u'thiamin': {u'hasCompleteData': False, u'name': u'Thiamin', u'amount': 0.2140052, u'percentDailyValue': u'21', u'displayValue': u'< 1', u'unit': u'mg'}, u'fat': {u'hasCompleteData': True, u'name': u'Fat', u'amount': 28.80148, u'percentDailyValue': u'44', u'displayValue': u'28.8', u'unit': u'g'}, u'folate': {u'hasCompleteData': False, u'name': u'Folate', u'amount': 47.89808, u'percentDailyValue': u'27', u'displayValue': u'48', u'unit': u'mcg'}, u'caloriesFromFat': {u'hasCompleteData': True, u'name': u'Calories from Fat', u'amount': 259.2133, u'percentDailyValue': u'-', u'displayValue': u'259', u'unit': u'kcal'}, u'calcium': {u'hasCompleteData': True, u'name': u'Calcium', u'amount': 106.9501, u'percentDailyValue': u'13', u'displayValue': u'107', u'unit': u'mg'}, u'fiber': {u'hasCompleteData': True, u'name': u'Dietary Fiber', u'amount': 4.165, u'percentDailyValue': u'17', u'displayValue': u'4.2', u'unit': u'g'}, u'magnesium': {u'hasCompleteData': False, u'name': u'Magnesium', u'amount': 51.33614, u'percentDailyValue': u'18', u'displayValue': u'51', u'unit': u'mg'}, u'iron': {u'hasCompleteData': True, u'name': u'Iron', u'amount': 3.917368, u'percentDailyValue': u'39', u'displayValue': u'4', u'unit': u'mg'}, u'cholesterol': {u'hasCompleteData': True, u'name': u'Cholesterol', u'amount': 98.65731, u'percentDailyValue': u'33', u'displayValue': u'99', u'unit': u'mg'}, u'protein': {u'hasCompleteData': True, u'name': u'Protein', u'amount': 27.80467, u'percentDailyValue': u'56', u'displayValue': u'27.8', u'unit': u'g'}, u'vitaminA': {u'hasCompleteData': True, u'name': u'Vitamin A - IU', u'amount': 157.2862, u'percentDailyValue': u'3', u'displayValue': u'157', u'unit': u'IU'}, u'potassium': {u'hasCompleteData': False, u'name': u'Potassium', u'amount': 558.4141, u'percentDailyValue': u'16', u'displayValue': u'558', u'unit': u'mg'}, u'saturatedFat': {u'hasCompleteData': True, u'name': u'Saturated Fat', u'amount': 11.95007, u'percentDailyValue': u'60', u'displayValue': u'12', u'unit': u'g'}, u'vitaminC': {u'hasCompleteData': True, u'name': u'Vitamin C', u'amount': 3.821344, u'percentDailyValue': u'6', u'displayValue': u'4', u'unit': u'mg'}}
"
22681,Garlic Top Sirloin Pot Roast,https://images.media-allrecipes.com/userphotos/720x405/41919.jpg,salt^freshly ground black pepper^paprika^top sirloin roast^garlic^Yukon Gold potatoes^carrots^large sweet onions^water^beef broth^beef bouillon^bay leaf^large green bell peppers,"{'directions': u'Prep\n30 m\nCook\n6 h\nReady In\n6 h 30 m\nRub salt, pepper and paprika into the meat. With a small knife, make slits in the roast. Press the garlic slivers into the roast.\nPlace the potatoes, carrots, and onions in a large slow cooker. Place meat on top of the vegetables. Pour in water and beef broth, and add bouillon cubes and bay leaf.\nPlace lid on slow cooker, and cook for 6 hours on High, or 8 hours on Low. During the last half hour of cooking, add the green peppers.'}","{u'niacin': {u'hasCompleteData': False, u'name': u'Niacin Equivalents', u'amount': 9.994534, u'percentDailyValue': u'77', u'displayValue': u'10', u'unit': u'mg'}, u'sugars': {u'hasCompleteData': False, u'name': u'Sugars', u'amount': 4.355245, u'percentDailyValue': u'0', u'displayValue': u'4.4', u'unit': u'g'}, u'sodium': {u'hasCompleteData': True, u'name': u'Sodium', u'amount': 823.5168, u'percentDailyValue': u'33', u'displayValue': u'824', u'unit': u'mg'}, u'carbohydrates': {u'hasCompleteData': True, u'name': u'Carbohydrates', u'amount': 26.10361, u'percentDailyValue': u'8', u'displayValue': u'26.1', u'unit': u'g'}, u'vitaminB6': {u'hasCompleteData': False, u'name': u'Vitamin B6', u'amount': 0.62254, u'percentDailyValue': u'39', u'displayValue': u'< 1', u'unit': u'mg'}, u'calories': {u'hasCompleteData': True, u'name': u'Calories', u'amount': 377.7401, u'percentDailyValue': u'19', u'displayValue': u'378', u'unit': u'kcal'}, u'thiamin': {u'hasCompleteData': False, u'name': u'Thiamin', u'amount': 0.1664355, u'percentDailyValue': u'17', u'displayValue': u'< 1', u'unit': u'mg'}, u'fat': {u'hasCompleteData': True, u'name': u'Fat', u'amount': 16.14451, u'percentDailyValue': u'25', u'displayValue': u'16.1', u'unit': u'g'}, u'folate': {u'hasCompleteData': False, u'name': u'Folate', u'amount': 27.09296, u'percentDailyValue': u'15', u'displayValue': u'27', u'unit': u'mcg'}, u'caloriesFromFat': {u'hasCompleteData': True, u'name': u'Calories from Fat', u'amount': 145.3006, u'percentDailyValue': u'-', u'displayValue': u'145', u'unit': u'kcal'}, u'calcium': {u'hasCompleteData': False, u'name': u'Calcium', u'amount': 41.72626, u'percentDailyValue': u'5', u'displayValue': u'42', u'unit': u'mg'}, u'fiber': {u'hasCompleteData': True, u'name': u'Dietary Fiber', u'amount': 3.774748, u'percentDailyValue': u'15', u'displayValue': u'3.8', u'unit': u'g'}, u'magnesium': {u'hasCompleteData': False, u'name': u'Magnesium', u'amount': 43.01207, u'percentDailyValue': u'15', u'displayValue': u'43', u'unit': u'mg'}, u'iron': {u'hasCompleteData': False, u'name': u'Iron', u'amount': 3.734351, u'percentDailyValue': u'37', u'displayValue': u'4', u'unit': u'mg'}, u'cholesterol': {u'hasCompleteData': True, u'name': u'Cholesterol', u'amount': 90.81001, u'percentDailyValue': u'30', u'displayValue': u'91', u'unit': u'mg'}, u'protein': {u'hasCompleteData': True, u'name': u'Protein', u'amount': 31.47317, u'percentDailyValue': u'63', u'displayValue': u'31.5', u'unit': u'g'}, u'vitaminA': {u'hasCompleteData': False, u'name': u'Vitamin A - IU', u'amount': 5233.086, u'percentDailyValue': u'105', u'displayValue': u'5233', u'unit': u'IU'}, u'potassium': {u'hasCompleteData': False, u'name': u'Potassium', u'amount': 580.501, u'percentDailyValue': u'16', u'displayValue': u'581', u'unit': u'mg'}, u'saturatedFat': {u'hasCompleteData': True, u'name': u'Saturated Fat', u'amount': 6.361543, u'percentDailyValue': u'32', u'displayValue': u'6.4', u'unit': u'g'}, u'vitaminC': {u'hasCompleteData': False, u'name': u'Vitamin C', u'amount': 34.91168, u'percentDailyValue': u'58', u'displayValue': u'35', u'unit': u'mg'}}
"
99892,Carolina Pork Twirl,https://images.media-allrecipes.com/userphotos/250x250/659804.jpg,sliced bacon^fat-trimmed pork tenderloin^mustard-based barbeque sauce^salt and freshly ground black pepper to taste,"{'directions': u'Prep\n10 m\nCook\n20 m\nReady In\n30 m\nPreheat a grill for medium heat. When hot, lightly oil the grate.\nWhile the grill is heating, slice the pork tenderloin into flat strips similar to the bacon. Roll up strips of bacon inside strips of pork tenderloin and secure with moistened toothpicks. Season with salt and pepper.\nGrill the rolls for about 10 minutes on one side, then turn over. Slather some barbeque sauce over them and cook for another 10 minutes. Remove from the grill and let rest for 2 minutes before serving.'}","{u'niacin': {u'hasCompleteData': False, u'name': u'Niacin Equivalents', u'amount': 11.74992, u'percentDailyValue': u'90', u'displayValue': u'12', u'unit': u'mg'}, u'sugars': {u'hasCompleteData': False, u'name': u'Sugars', u'amount': 15.9375, u'percentDailyValue': u'0', u'displayValue': u'15.9', u'unit': u'g'}, u'sodium': {u'hasCompleteData': False, u'name': u'Sodium', u'amount': 986.9093, u'percentDailyValue': u'39', u'displayValue': u'987', u'unit': u'mg'}, u'carbohydrates': {u'hasCompleteData': False, u'name': u'Carbohydrates', u'amount': 20.98655, u'percentDailyValue': u'7', u'displayValue': u'21', u'unit': u'g'}, u'vitaminB6': {u'hasCompleteData': False, u'name': u'Vitamin B6', u'amount': 0.717139, u'percentDailyValue': u'45', u'displayValue': u'< 1', u'unit': u'mg'}, u'calories': {u'hasCompleteData': False, u'name': u'Calories', u'amount': 283.2433, u'percentDailyValue': u'14', u'displayValue': u'283', u'unit': u'kcal'}, u'thiamin': {u'hasCompleteData': False, u'name': u'Thiamin', u'amount': 0.9398463, u'percentDailyValue': u'94', u'displayValue': u'< 1', u'unit': u'mg'}, u'fat': {u'hasCompleteData': False, u'name': u'Fat', u'amount': 10.83191, u'percentDailyValue': u'17', u'displayValue': u'10.8', u'unit': u'g'}, u'folate': {u'hasCompleteData': False, u'name': u'Folate', u'amount': 0.37455, u'percentDailyValue': u'< 1', u'displayValue': u'< 1', u'unit': u'mcg'}, u'caloriesFromFat': {u'hasCompleteData': False, u'name': u'Calories from Fat', u'amount': 97.48718, u'percentDailyValue': u'-', u'displayValue': u'97', u'unit': u'kcal'}, u'calcium': {u'hasCompleteData': False, u'name': u'Calcium', u'amount': 7.172025, u'percentDailyValue': u'< 1', u'displayValue': u'7', u'unit': u'mg'}, u'fiber': {u'hasCompleteData': False, u'name': u'Dietary Fiber', u'amount': 0.0, u'percentDailyValue': u'0', u'displayValue': u'0', u'unit': u'g'}, u'magnesium': {u'hasCompleteData': False, u'name': u'Magnesium', u'amount': 29.18408, u'percentDailyValue': u'10', u'displayValue': u'29', u'unit': u'mg'}, u'iron': {u'hasCompleteData': False, u'name': u'Iron', u'amount': 1.096116, u'percentDailyValue': u'11', u'displayValue': u'1', u'unit': u'mg'}, u'cholesterol': {u'hasCompleteData': False, u'name': u'Cholesterol', u'amount': 75.98026, u'percentDailyValue': u'25', u'displayValue': u'76', u'unit': u'mg'}, u'protein': {u'hasCompleteData': False, u'name': u'Protein', u'amount': 24.53047, u'percentDailyValue': u'49', u'displayValue': u'24.5', u'unit': u'g'}, u'vitaminA': {u'hasCompleteData': False, u'name': u'Vitamin A - IU', u'amount': 8.633175, u'percentDailyValue': u'< 1', u'displayValue': u'9', u'unit': u'IU'}, u'potassium': {u'hasCompleteData': False, u'name': u'Potassium', u'amount': 520.3339, u'percentDailyValue': u'15', u'displayValue': u'520', u'unit': u'mg'}, u'saturatedFat': {u'hasCompleteData': False, u'name': u'Saturated Fat', u'amount': 3.579183, u'percentDailyValue': u'18', u'displayValue': u'3.6', u'unit': u'g'}, u'vitaminC': {u'hasCompleteData': False, u'name': u'Vitamin C', u'amount': 0.0, u'percentDailyValue': u'0', u'displayValue': u'0', u'unit': u'mg'}}
"
219884,Mexican Potato Nachos,https://images.media-allrecipes.com/userphotos/720x405/876203.jpg,Vegetable oil^large baking potatoes^salt and ground black pepper to taste^vegetable oil^ground beef^black beans drained^taco seasoning^water^shredded Cheddar cheese^shredded lettuce^small tomato^sour cream^guacamole,"{'directions': u'Prep\n20 m\nCook\n40 m\nReady In\n1 h\nPreheat oven to 450 degrees F (230 degrees C).\nPour 2 tablespoons of vegetable oil into a large bowl; toss the potato slices in the oil to coat.\nArrange the slices in a single layer on a baking sheet and sprinkle with salt and black pepper.\nBake in the preheated oven until the potato slices are golden brown, about 20 minutes.\nWhile potato slices are baking, heat 1 tablespoon of vegetable oil in a skillet over medium heat; brown the ground beef in the hot oil, breaking it up into crumbles as it cooks, 8 to 10 minutes. Drain excess grease.\nMix the black beans into the ground beef; stir in the taco seasoning and water. Bring the mixture to a boil and reduce heat to medium-low. Simmer until the flavors have blended, about 10 minutes.\nArrange the potato slices on a serving platter and sprinkle with half the Cheddar cheese.\nTop the potatoes with the meat and bean mixture; sprinkle the remaining cheese on the nachos.\nSpread the lettuce out over the nachos and garnish with tomato and dollops of sour cream and guacamole.'}","{u'niacin': {u'hasCompleteData': False, u'name': u'Niacin Equivalents', u'amount': 5.351449, u'percentDailyValue': u'41', u'displayValue': u'5', u'unit': u'mg'}, u'sugars': {u'hasCompleteData': False, u'name': u'Sugars', u'amount': 1.229962, u'percentDailyValue': u'0', u'displayValue': u'1.2', u'unit': u'g'}, u'sodium': {u'hasCompleteData': False, u'name': u'Sodium', u'amount': 568.3872, u'percentDailyValue': u'23', u'displayValue': u'568', u'unit': u'mg'}, u'carbohydrates': {u'hasCompleteData': False, u'name': u'Carbohydrates', u'amount': 20.03307, u'percentDailyValue': u'6', u'displayValue': u'20', u'unit': u'g'}, u'vitaminB6': {u'hasCompleteData': False, u'name': u'Vitamin B6', u'amount': 0.2598471, u'percentDailyValue': u'16', u'displayValue': u'< 1', u'unit': u'mg'}, u'calories': {u'hasCompleteData': False, u'name': u'Calories', u'amount': 327.0649, u'percentDailyValue': u'16', u'displayValue': u'327', u'unit': u'kcal'}, u'thiamin': {u'hasCompleteData': False, u'name': u'Thiamin', u'amount': 0.139527, u'percentDailyValue': u'14', u'displayValue': u'< 1', u'unit': u'mg'}, u'fat': {u'hasCompleteData': False, u'name': u'Fat', u'amount': 20.3051, u'percentDailyValue': u'31', u'displayValue': u'20.3', u'unit': u'g'}, u'folate': {u'hasCompleteData': False, u'name': u'Folate', u'amount': 53.03064, u'percentDailyValue': u'29', u'displayValue': u'53', u'unit': u'mcg'}, u'caloriesFromFat': {u'hasCompleteData': False, u'name': u'Calories from Fat', u'amount': 182.7459, u'percentDailyValue': u'-', u'displayValue': u'183', u'unit': u'kcal'}, u'calcium': {u'hasCompleteData': False, u'name': u'Calcium', u'amount': 241.4569, u'percentDailyValue': u'30', u'displayValue': u'241', u'unit': u'mg'}, u'fiber': {u'hasCompleteData': False, u'name': u'Dietary Fiber', u'amount': 5.107661, u'percentDailyValue': u'20', u'displayValue': u'5.1', u'unit': u'g'}, u'magnesium': {u'hasCompleteData': False, u'name': u'Magnesium', u'amount': 45.33108, u'percentDailyValue': u'16', u'displayValue': u'45', u'unit': u'mg'}, u'iron': {u'hasCompleteData': False, u'name': u'Iron', u'amount': 2.139465, u'percentDailyValue': u'21', u'displayValue': u'2', u'unit': u'mg'}, u'cholesterol': {u'hasCompleteData': False, u'name': u'Cholesterol', u'amount': 50.08, u'percentDailyValue': u'17', u'displayValue': u'50', u'unit': u'mg'}, u'protein': {u'hasCompleteData': False, u'name': u'Protein', u'amount': 16.37744, u'percentDailyValue': u'33', u'displayValue': u'16.4', u'unit': u'g'}, u'vitaminA': {u'hasCompleteData': False, u'name': u'Vitamin A - IU', u'amount': 477.4624, u'percentDailyValue': u'10', u'displayValue': u'477', u'unit': u'IU'}, u'potassium': {u'hasCompleteData': False, u'name': u'Potassium', u'amount': 517.183, u'percentDailyValue': u'14', u'displayValue': u'517', u'unit': u'mg'}, u'saturatedFat': {u'hasCompleteData': False, u'name': u'Saturated Fat', u'amount': 9.19366, u'percentDailyValue': u'46', u'displayValue': u'9.2', u'unit': u'g'}, u'vitaminC': {u'hasCompleteData': False, u'name': u'Vitamin C', u'amount': 12.93565, u'percentDailyValue': u'22', u'displayValue': u'13', u'unit': u'mg'}}
"
25930,Simple Southwestern Chicken Salad,https://images.media-allrecipes.com/userphotos/250x250/31853.jpg,boneless chicken breast halves^mayonnaise^chopped celery^chopped fresh cilantro to taste^taco seasoning mix,"{'directions': u'Prep\n10 m\nReady In\n1 h 10 m\nIn a medium bowl, combine the chicken, mayonnaise, celery, cilantro and seasoning mix. Mix well.\nCover bowl and refrigerate for 1 hour.'}","{u'niacin': {u'hasCompleteData': False, u'name': u'Niacin Equivalents', u'amount': 14.56876, u'percentDailyValue': u'112', u'displayValue': u'15', u'unit': u'mg'}, u'sugars': {u'hasCompleteData': True, u'name': u'Sugars', u'amount': 3.535467, u'percentDailyValue': u'0', u'displayValue': u'3.5', u'unit': u'g'}, u'sodium': {u'hasCompleteData': True, u'name': u'Sodium', u'amount': 1583.715, u'percentDailyValue': u'63', u'displayValue': u'1584', u'unit': u'mg'}, u'carbohydrates': {u'hasCompleteData': True, u'name': u'Carbohydrates', u'amount': 12.67962, u'percentDailyValue': u'4', u'displayValue': u'12.7', u'unit': u'g'}, u'vitaminB6': {u'hasCompleteData': False, u'name': u'Vitamin B6', u'amount': 0.806125, u'percentDailyValue': u'50', u'displayValue': u'< 1', u'unit': u'mg'}, u'calories': {u'hasCompleteData': True, u'name': u'Calories', u'amount': 845.2856, u'percentDailyValue': u'42', u'displayValue': u'845', u'unit': u'kcal'}, u'thiamin': {u'hasCompleteData': False, u'name': u'Thiamin', u'amount': 0.052, u'percentDailyValue': u'5', u'displayValue': u'< 1', u'unit': u'mg'}, u'fat': {u'hasCompleteData': True, u'name': u'Fat', u'amount': 73.68425, u'percentDailyValue': u'113', u'displayValue': u'73.7', u'unit': u'g'}, u'folate': {u'hasCompleteData': False, u'name': u'Folate', u'amount': 12.825, u'percentDailyValue': u'7', u'displayValue': u'13', u'unit': u'mcg'}, u'caloriesFromFat': {u'hasCompleteData': True, u'name': u'Calories from Fat', u'amount': 663.1583, u'percentDailyValue': u'-', u'displayValue': u'663', u'unit': u'kcal'}, u'calcium': {u'hasCompleteData': True, u'name': u'Calcium', u'amount': 26.075, u'percentDailyValue': u'3', u'displayValue': u'26', u'unit': u'mg'}, u'fiber': {u'hasCompleteData': True, u'name': u'Dietary Fiber', u'amount': 0.2078134, u'percentDailyValue': u'< 1', u'displayValue': u'0.2', u'unit': u'g'}, u'magnesium': {u'hasCompleteData': False, u'name': u'Magnesium', u'amount': 26.675, u'percentDailyValue': u'10', u'displayValue': u'27', u'unit': u'mg'}, u'iron': {u'hasCompleteData': True, u'name': u'Iron', u'amount': 1.2235, u'percentDailyValue': u'12', u'displayValue': u'1', u'unit': u'mg'}, u'cholesterol': {u'hasCompleteData': True, u'name': u'Cholesterol', u'amount': 113.85, u'percentDailyValue': u'38', u'displayValue': u'114', u'unit': u'mg'}, u'protein': {u'hasCompleteData': True, u'name': u'Protein', u'amount': 30.975, u'percentDailyValue': u'62', u'displayValue': u'31', u'unit': u'g'}, u'vitaminA': {u'hasCompleteData': True, u'name': u'Vitamin A - IU', u'amount': 388.55, u'percentDailyValue': u'8', u'displayValue': u'389', u'unit': u'IU'}, u'potassium': {u'hasCompleteData': False, u'name': u'Potassium', u'amount': 244.7, u'percentDailyValue': u'7', u'displayValue': u'245', u'unit': u'mg'}, u'saturatedFat': {u'hasCompleteData': True, u'name': u'Saturated Fat', u'amount': 12.09943, u'percentDailyValue': u'60', u'displayValue': u'12.1', u'unit': u'g'}, u'vitaminC': {u'hasCompleteData': True, u'name': u'Vitamin C', u'amount': 0.465, u'percentDailyValue': u'< 1', u'displayValue': u'< 1', u'unit': u'mg'}}
"
241535,Easy Curry Chicken,https://images.media-allrecipes.com/userphotos/720x405/2116218.jpg,Reynolds® Slow Cooker Liner^chicken broth^skinless boneless chicken thighs^coarsely chopped cauliflower^coarsely chopped carrots^coarsely chopped onion^curry powder^grated fresh ginger^garlic^unsweetened light coconut milk^frozen peas^snipped fresh cilantro^hot cooked rice (optional),"{'directions': u'Prep\n15 m\nCook\n4 h\nReady In\n4 h 15 m\nLine a 5- to 6-quart slow cooker with a Reynolds(R) Slow Cooker Liner.\nAdd broth, chicken, cauliflower, carrots, onion, curry powder, ginger, and garlic to the prepared slow cooker. Stir gently with a rubber spatula to combine.\nCover and cook for 4 hours on high or for 8 hours on low.\nStir in coconut milk and peas. Cover and cook about 10 minutes more or until heated through.\nTop with cilantro to serve. If desired, serve with hot cooked rice.'}","{u'niacin': {u'hasCompleteData': False, u'name': u'Niacin Equivalents', u'amount': 5.458559, u'percentDailyValue': u'42', u'displayValue': u'5', u'unit': u'mg'}, u'sugars': {u'hasCompleteData': False, u'name': u'Sugars', u'amount': 4.511522, u'percentDailyValue': u'0', u'displayValue': u'4.5', u'unit': u'g'}, u'sodium': {u'hasCompleteData': False, u'name': u'Sodium', u'amount': 518.4827, u'percentDailyValue': u'21', u'displayValue': u'518', u'unit': u'mg'}, u'carbohydrates': {u'hasCompleteData': False, u'name': u'Carbohydrates', u'amount': 21.97186, u'percentDailyValue': u'7', u'displayValue': u'22', u'unit': u'g'}, u'vitaminB6': {u'hasCompleteData': False, u'name': u'Vitamin B6', u'amount': 0.2742566, u'percentDailyValue': u'17', u'displayValue': u'< 1', u'unit': u'mg'}, u'calories': {u'hasCompleteData': False, u'name': u'Calories', u'amount': 221.7438, u'percentDailyValue': u'11', u'displayValue': u'222', u'unit': u'kcal'}, u'thiamin': {u'hasCompleteData': False, u'name': u'Thiamin', u'amount': 0.1937885, u'percentDailyValue': u'19', u'displayValue': u'< 1', u'unit': u'mg'}, u'fat': {u'hasCompleteData': False, u'name': u'Fat', u'amount': 8.935742, u'percentDailyValue': u'14', u'displayValue': u'8.9', u'unit': u'g'}, u'folate': {u'hasCompleteData': False, u'name': u'Folate', u'amount': 61.54816, u'percentDailyValue': u'34', u'displayValue': u'62', u'unit': u'mcg'}, u'caloriesFromFat': {u'hasCompleteData': False, u'name': u'Calories from Fat', u'amount': 80.42168, u'percentDailyValue': u'-', u'displayValue': u'80', u'unit': u'kcal'}, u'calcium': {u'hasCompleteData': False, u'name': u'Calcium', u'amount': 39.82214, u'percentDailyValue': u'5', u'displayValue': u'40', u'unit': u'mg'}, u'fiber': {u'hasCompleteData': False, u'name': u'Dietary Fiber', u'amount': 3.151841, u'percentDailyValue': u'13', u'displayValue': u'3.2', u'unit': u'g'}, u'magnesium': {u'hasCompleteData': False, u'name': u'Magnesium', u'amount': 29.22956, u'percentDailyValue': u'10', u'displayValue': u'29', u'unit': u'mg'}, u'iron': {u'hasCompleteData': False, u'name': u'Iron', u'amount': 1.813456, u'percentDailyValue': u'18', u'displayValue': u'2', u'unit': u'mg'}, u'cholesterol': {u'hasCompleteData': False, u'name': u'Cholesterol', u'amount': 34.18562, u'percentDailyValue': u'11', u'displayValue': u'34', u'unit': u'mg'}, u'protein': {u'hasCompleteData': False, u'name': u'Protein', u'amount': 12.83388, u'percentDailyValue': u'26', u'displayValue': u'12.8', u'unit': u'g'}, u'vitaminA': {u'hasCompleteData': False, u'name': u'Vitamin A - IU', u'amount': 5900.641, u'percentDailyValue': u'118', u'displayValue': u'5901', u'unit': u'IU'}, u'potassium': {u'hasCompleteData': False, u'name': u'Potassium', u'amount': 340.9827, u'percentDailyValue': u'10', u'displayValue': u'341', u'unit': u'mg'}, u'saturatedFat': {u'hasCompleteData': False, u'name': u'Saturated Fat', u'amount': 3.256057, u'percentDailyValue': u'16', u'displayValue': u'3.3', u'unit': u'g'}, u'vitaminC': {u'hasCompleteData': False, u'name': u'Vitamin C', u'amount': 19.23268, u'percentDailyValue': u'32', u'displayValue': u'19', u'unit': u'mg'}}
"
239547,Parmesan Chicken Mini Pies,https://images.media-allrecipes.com/userphotos/720x405/1495539.jpg,Pillsbury® refrigerated seamless dough sheet^Tyson® frozen popcorn chicken^tomato pasta sauce^shredded Parmesan cheese,{'directions': u'Prep\n10 m\nCook\n15 m\nReady In\n40 m\nHeat oven to 375 degrees F. Grease 12 regular size muffin cups with cooking spray.\nRemove dough from can; press to 8x18 inch rectangle. Cut dough evenly into 12 squares. Press dough squares into muffin cups.\nMicrowave chicken pieces on microwaveable plate 1 minute on High. Place chicken pieces in muffin cups; top each with 2 tablespoons sauce. Sprinkle with cheese. Bake 15 to 18 minutes of until golden brown.'},"{u'niacin': {u'hasCompleteData': False, u'name': u'Niacin Equivalents', u'amount': 2.850152, u'percentDailyValue': u'22', u'displayValue': u'3', u'unit': u'mg'}, u'sugars': {u'hasCompleteData': False, u'name': u'Sugars', u'amount': 4.694167, u'percentDailyValue': u'0', u'displayValue': u'4.7', u'unit': u'g'}, u'sodium': {u'hasCompleteData': False, u'name': u'Sodium', u'amount': 771.4417, u'percentDailyValue': u'31', u'displayValue': u'771', u'unit': u'mg'}, u'carbohydrates': {u'hasCompleteData': False, u'name': u'Carbohydrates', u'amount': 17.02267, u'percentDailyValue': u'5', u'displayValue': u'17', u'unit': u'g'}, u'vitaminB6': {u'hasCompleteData': False, u'name': u'Vitamin B6', u'amount': 0.09500416, u'percentDailyValue': u'6', u'displayValue': u'< 1', u'unit': u'mg'}, u'calories': {u'hasCompleteData': False, u'name': u'Calories', u'amount': 203.1625, u'percentDailyValue': u'10', u'displayValue': u'203', u'unit': u'kcal'}, u'thiamin': {u'hasCompleteData': False, u'name': u'Thiamin', u'amount': 0.032625, u'percentDailyValue': u'3', u'displayValue': u'< 1', u'unit': u'mg'}, u'fat': {u'hasCompleteData': False, u'name': u'Fat', u'amount': 8.987041, u'percentDailyValue': u'14', u'displayValue': u'9', u'unit': u'g'}, u'folate': {u'hasCompleteData': False, u'name': u'Folate', u'amount': 7.770833, u'percentDailyValue': u'4', u'displayValue': u'8', u'unit': u'mcg'}, u'caloriesFromFat': {u'hasCompleteData': False, u'name': u'Calories from Fat', u'amount': 80.88338, u'percentDailyValue': u'-', u'displayValue': u'81', u'unit': u'kcal'}, u'calcium': {u'hasCompleteData': False, u'name': u'Calcium', u'amount': 122.3583, u'percentDailyValue': u'15', u'displayValue': u'122', u'unit': u'mg'}, u'fiber': {u'hasCompleteData': False, u'name': u'Dietary Fiber', u'amount': 2.704166, u'percentDailyValue': u'11', u'displayValue': u'2.7', u'unit': u'g'}, u'magnesium': {u'hasCompleteData': False, u'name': u'Magnesium', u'amount': 14.7375, u'percentDailyValue': u'5', u'displayValue': u'15', u'unit': u'mg'}, u'iron': {u'hasCompleteData': False, u'name': u'Iron', u'amount': 0.465, u'percentDailyValue': u'5', u'displayValue': u'< 1', u'unit': u'mg'}, u'cholesterol': {u'hasCompleteData': False, u'name': u'Cholesterol', u'amount': 26.71667, u'percentDailyValue': u'9', u'displayValue': u'27', u'unit': u'mg'}, u'protein': {u'hasCompleteData': False, u'name': u'Protein', u'amount': 14.22308, u'percentDailyValue': u'28', u'displayValue': u'14.2', u'unit': u'g'}, u'vitaminA': {u'hasCompleteData': False, u'name': u'Vitamin A - IU', u'amount': 285.8667, u'percentDailyValue': u'6', u'displayValue': u'286', u'unit': u'IU'}, u'potassium': {u'hasCompleteData': False, u'name': u'Potassium', u'amount': 177.0833, u'percentDailyValue': u'5', u'displayValue': u'177', u'unit': u'mg'}, u'saturatedFat': {u'hasCompleteData': False, u'name': u'Saturated Fat', u'amount': 2.769163, u'percentDailyValue': u'14', u'displayValue': u'2.8', u'unit': u'g'}, u'vitaminC': {u'hasCompleteData': False, u'name': u'Vitamin C', u'amount': 1.041667, u'percentDailyValue': u'2', u'displayValue': u'1', u'unit': u'mg'}}
"
244979,Chef John's Peanut Curry Chicken,https://images.media-allrecipes.com/userphotos/720x405/3903369.jpg,Spice Blend:^kosher salt plus more to taste^ground coriander^ground cumin^ground turmeric^paprika^cayenne pepper^skinless boneless chicken thighs^vegetable oil^large yellow onion^garlic^finely grated fresh ginger^chicken broth^unsweetened natural peanut butter^ketchup^packed brown sugar^zucchini cut into chunks^red bell pepper^green poblano pepper^hot cooked rice^lime for garnish^roasted peanuts plus more for garnish^chopped fresh cilantro for garnish,"{'directions': u'Prep\n15 m\nCook\n1 h\nReady In\n1 h 15 m\nMix salt, coriander, cumin, turmeric, paprika, and cayenne pepper together in a small bowl.\nPlace chicken pieces in a separate bowl and add 1/2 of the spice blend. Mix together thoroughly to coat each surface with spice blend.\nHeat oil over high heat in a heavy pot. Brown half of the chicken pieces on all sides. Transfer to a bowl. Repeat with the rest of the chicken.\nReduce heat to medium and add onion to pot. Saute until onions start to turn translucent and golden, 1 or 2 minutes. Add garlic and ginger; cook about 1 minute. Stir in remaining spice blend; cook and stir one minute. Pour in chicken broth. Add browned chicken along with accumulated juices. Stir in peanut butter and ketchup; add brown sugar. Bring to a simmer and reduce heat to maintain a gentle, steady simmer. Simmer, stirring occasionally, about 30 minutes.\nTransfer zucchini, red bell pepper, poblano pepper, and peanuts to the pot. Stir to mix. Continue simmering until chicken and vegetables are fork tender, 30 to 40 minutes. Remove from heat.\nServe over rice with a squeeze of lime and a sprinkle of peanuts and chopped cilantro.'}","{u'niacin': {u'hasCompleteData': False, u'name': u'Niacin Equivalents', u'amount': 24.59959, u'percentDailyValue': u'189', u'displayValue': u'25', u'unit': u'mg'}, u'sugars': {u'hasCompleteData': False, u'name': u'Sugars', u'amount': 21.28235, u'percentDailyValue': u'0', u'displayValue': u'21.3', u'unit': u'g'}, u'sodium': {u'hasCompleteData': True, u'name': u'Sodium', u'amount': 3048.263, u'percentDailyValue': u'122', u'displayValue': u'3048', u'unit': u'mg'}, u'carbohydrates': {u'hasCompleteData': True, u'name': u'Carbohydrates', u'amount': 64.52567, u'percentDailyValue': u'21', u'displayValue': u'64.5', u'unit': u'g'}, u'vitaminB6': {u'hasCompleteData': False, u'name': u'Vitamin B6', u'amount': 1.265908, u'percentDailyValue': u'79', u'displayValue': u'1', u'unit': u'mg'}, u'calories': {u'hasCompleteData': True, u'name': u'Calories', u'amount': 1137.604, u'percentDailyValue': u'57', u'displayValue': u'1138', u'unit': u'kcal'}, u'thiamin': {u'hasCompleteData': False, u'name': u'Thiamin', u'amount': 0.5035751, u'percentDailyValue': u'50', u'displayValue': u'< 1', u'unit': u'mg'}, u'fat': {u'hasCompleteData': True, u'name': u'Fat', u'amount': 71.07341, u'percentDailyValue': u'109', u'displayValue': u'71.1', u'unit': u'g'}, u'folate': {u'hasCompleteData': False, u'name': u'Folate', u'amount': 224.6822, u'percentDailyValue': u'125', u'displayValue': u'225', u'unit': u'mcg'}, u'caloriesFromFat': {u'hasCompleteData': True, u'name': u'Calories from Fat', u'amount': 639.6607, u'percentDailyValue': u'-', u'displayValue': u'640', u'unit': u'kcal'}, u'calcium': {u'hasCompleteData': False, u'name': u'Calcium', u'amount': 139.9344, u'percentDailyValue': u'17', u'displayValue': u'140', u'unit': u'mg'}, u'fiber': {u'hasCompleteData': True, u'name': u'Dietary Fiber', u'amount': 10.11601, u'percentDailyValue': u'40', u'displayValue': u'10.1', u'unit': u'g'}, u'magnesium': {u'hasCompleteData': False, u'name': u'Magnesium', u'amount': 212.7768, u'percentDailyValue': u'76', u'displayValue': u'213', u'unit': u'mg'}, u'iron': {u'hasCompleteData': False, u'name': u'Iron', u'amount': 7.350433, u'percentDailyValue': u'74', u'displayValue': u'7', u'unit': u'mg'}, u'cholesterol': {u'hasCompleteData': False, u'name': u'Cholesterol', u'amount': 163.975, u'percentDailyValue': u'55', u'displayValue': u'164', u'unit': u'mg'}, u'protein': {u'hasCompleteData': True, u'name': u'Protein', u'amount': 67.67301, u'percentDailyValue': u'135', u'displayValue': u'67.7', u'unit': u'g'}, u'vitaminA': {u'hasCompleteData': False, u'name': u'Vitamin A - IU', u'amount': 2360.713, u'percentDailyValue': u'47', u'displayValue': u'2361', u'unit': u'IU'}, u'potassium': {u'hasCompleteData': False, u'name': u'Potassium', u'amount': 1496.432, u'percentDailyValue': u'42', u'displayValue': u'1496', u'unit': u'mg'}, u'saturatedFat': {u'hasCompleteData': False, u'name': u'Saturated Fat', u'amount': 13.87036, u'percentDailyValue': u'69', u'displayValue': u'13.9', u'unit': u'g'}, u'vitaminC': {u'hasCompleteData': False, u'name': u'Vitamin C', u'amount': 89.90556, u'percentDailyValue': u'150', u'displayValue': u'90', u'unit': u'mg'}}
"
219754,Tasha's Taco Soup,https://images.media-allrecipes.com/userphotos/250x250/818197.jpg,ground beef^ranch style chili beans^pinto beans drained and rinsed^kernel corn^diced tomatoes with green chile peppers (such as RO*TEL®)^loaf processed cheese food (such as Velveeta®)^pint half-and-half cream^pint heavy cream^taco seasoning mix^ranch dressing mix,"{'directions': u'Prep\n10 m\nCook\n30 m\nReady In\n40 m\nHeat a large pot over medium-high heat and stir in the ground beef. Cook and stir until the beef is crumbly, evenly browned, and no longer pink. Drain and discard any excess grease.\nAdd the ranch beans, pinto beans, corn, tomatoes with green chiles, processed cheese food, half-and-half cream, heavy cream, taco seasoning, and ranch dressing mix. Bring to a boil, stirring occasionally.\nReduce heat to medium-low, and continue to simmer until cheese food is melted, about 20 minutes.'}","{u'niacin': {u'hasCompleteData': False, u'name': u'Niacin Equivalents', u'amount': 5.76977, u'percentDailyValue': u'44', u'displayValue': u'6', u'unit': u'mg'}, u'sugars': {u'hasCompleteData': False, u'name': u'Sugars', u'amount': 4.264311, u'percentDailyValue': u'0', u'displayValue': u'4.3', u'unit': u'g'}, u'sodium': {u'hasCompleteData': True, u'name': u'Sodium', u'amount': 1417.571, u'percentDailyValue': u'57', u'displayValue': u'1418', u'unit': u'mg'}, u'carbohydrates': {u'hasCompleteData': True, u'name': u'Carbohydrates', u'amount': 35.95535, u'percentDailyValue': u'12', u'displayValue': u'36', u'unit': u'g'}, u'vitaminB6': {u'hasCompleteData': False, u'name': u'Vitamin B6', u'amount': 0.2115745, u'percentDailyValue': u'13', u'displayValue': u'< 1', u'unit': u'mg'}, u'calories': {u'hasCompleteData': True, u'name': u'Calories', u'amount': 549.1607, u'percentDailyValue': u'27', u'displayValue': u'549', u'unit': u'kcal'}, u'thiamin': {u'hasCompleteData': False, u'name': u'Thiamin', u'amount': 0.09402433, u'percentDailyValue': u'9', u'displayValue': u'< 1', u'unit': u'mg'}, u'fat': {u'hasCompleteData': True, u'name': u'Fat', u'amount': 36.49094, u'percentDailyValue': u'56', u'displayValue': u'36.5', u'unit': u'g'}, u'folate': {u'hasCompleteData': False, u'name': u'Folate', u'amount': 45.45653, u'percentDailyValue': u'25', u'displayValue': u'45', u'unit': u'mcg'}, u'caloriesFromFat': {u'hasCompleteData': True, u'name': u'Calories from Fat', u'amount': 328.4185, u'percentDailyValue': u'-', u'displayValue': u'328', u'unit': u'kcal'}, u'calcium': {u'hasCompleteData': True, u'name': u'Calcium', u'amount': 269.3351, u'percentDailyValue': u'34', u'displayValue': u'269', u'unit': u'mg'}, u'fiber': {u'hasCompleteData': True, u'name': u'Dietary Fiber', u'amount': 5.933799, u'percentDailyValue': u'24', u'displayValue': u'5.9', u'unit': u'g'}, u'magnesium': {u'hasCompleteData': False, u'name': u'Magnesium', u'amount': 39.14044, u'percentDailyValue': u'14', u'displayValue': u'39', u'unit': u'mg'}, u'iron': {u'hasCompleteData': True, u'name': u'Iron', u'amount': 3.01512, u'percentDailyValue': u'30', u'displayValue': u'3', u'unit': u'mg'}, u'cholesterol': {u'hasCompleteData': True, u'name': u'Cholesterol', u'amount': 132.205, u'percentDailyValue': u'44', u'displayValue': u'132', u'unit': u'mg'}, u'protein': {u'hasCompleteData': True, u'name': u'Protein', u'amount': 21.32018, u'percentDailyValue': u'43', u'displayValue': u'21.3', u'unit': u'g'}, u'vitaminA': {u'hasCompleteData': False, u'name': u'Vitamin A - IU', u'amount': 1336.351, u'percentDailyValue': u'27', u'displayValue': u'1336', u'unit': u'IU'}, u'potassium': {u'hasCompleteData': False, u'name': u'Potassium', u'amount': 435.5227, u'percentDailyValue': u'12', u'displayValue': u'436', u'unit': u'mg'}, u'saturatedFat': {u'hasCompleteData': True, u'name': u'Saturated Fat', u'amount': 20.57406, u'percentDailyValue': u'103', u'displayValue': u'20.6', u'unit': u'g'}, u'vitaminC': {u'hasCompleteData': True, u'name': u'Vitamin C', u'amount': 3.071439, u'percentDailyValue': u'5', u'displayValue': u'3', u'unit': u'mg'}}
"
20900,Easter Breakfast Casserole,https://images.media-allrecipes.com/userphotos/720x405/4556853.jpg,bacon^diced onion^diced green bell pepper^shredded Cheddar cheese^eggs^milk^frozen hash brown potatoes,"{'directions': u'Prep\n25 m\nCook\n1 h 15 m\nReady In\n1 h 40 m\nPreheat oven to 350 degrees F (175 degrees C). Lightly grease a 7x11 inch casserole dish.\nFry the bacon in a large, deep skillet over medium-high heat until evenly browned, about 10 minutes. Drain on a paper towel-lined plate. Crumble.\nIn a large bowl beat together eggs and milk. Mix in cheese, bacon, onion and green pepper. Stir in the thawed hash browns. Pour mixture into prepared casserole.\nCover with aluminum foil and bake in preheated oven for 45 minutes. Uncover and bake for another 30 minutes until eggs have set.'}","{u'niacin': {u'hasCompleteData': False, u'name': u'Niacin Equivalents', u'amount': 4.696939, u'percentDailyValue': u'36', u'displayValue': u'5', u'unit': u'mg'}, u'sugars': {u'hasCompleteData': False, u'name': u'Sugars', u'amount': 2.562792, u'percentDailyValue': u'0', u'displayValue': u'2.6', u'unit': u'g'}, u'sodium': {u'hasCompleteData': True, u'name': u'Sodium', u'amount': 537.611, u'percentDailyValue': u'22', u'displayValue': u'538', u'unit': u'mg'}, u'carbohydrates': {u'hasCompleteData': True, u'name': u'Carbohydrates', u'amount': 9.86593, u'percentDailyValue': u'3', u'displayValue': u'9.9', u'unit': u'g'}, u'vitaminB6': {u'hasCompleteData': False, u'name': u'Vitamin B6', u'amount': 0.1388433, u'percentDailyValue': u'9', u'displayValue': u'< 1', u'unit': u'mg'}, u'calories': {u'hasCompleteData': True, u'name': u'Calories', u'amount': 281.2635, u'percentDailyValue': u'14', u'displayValue': u'281', u'unit': u'kcal'}, u'thiamin': {u'hasCompleteData': False, u'name': u'Thiamin', u'amount': 0.1332967, u'percentDailyValue': u'13', u'displayValue': u'< 1', u'unit': u'mg'}, u'fat': {u'hasCompleteData': True, u'name': u'Fat', u'amount': 20.98687, u'percentDailyValue': u'32', u'displayValue': u'21', u'unit': u'g'}, u'folate': {u'hasCompleteData': False, u'name': u'Folate', u'amount': 24.02667, u'percentDailyValue': u'13', u'displayValue': u'24', u'unit': u'mcg'}, u'caloriesFromFat': {u'hasCompleteData': True, u'name': u'Calories from Fat', u'amount': 188.8818, u'percentDailyValue': u'-', u'displayValue': u'189', u'unit': u'kcal'}, u'calcium': {u'hasCompleteData': True, u'name': u'Calcium', u'amount': 273.9396, u'percentDailyValue': u'34', u'displayValue': u'274', u'unit': u'mg'}, u'fiber': {u'hasCompleteData': True, u'name': u'Dietary Fiber', u'amount': 0.6292281, u'percentDailyValue': u'3', u'displayValue': u'0.6', u'unit': u'g'}, u'magnesium': {u'hasCompleteData': False, u'name': u'Magnesium', u'amount': 21.15583, u'percentDailyValue': u'8', u'displayValue': u'21', u'unit': u'mg'}, u'iron': {u'hasCompleteData': True, u'name': u'Iron', u'amount': 1.29747, u'percentDailyValue': u'13', u'displayValue': u'1', u'unit': u'mg'}, u'cholesterol': {u'hasCompleteData': True, u'name': u'Cholesterol', u'amount': 170.5742, u'percentDailyValue': u'57', u'displayValue': u'171', u'unit': u'mg'}, u'protein': {u'hasCompleteData': True, u'name': u'Protein', u'amount': 17.99492, u'percentDailyValue': u'36', u'displayValue': u'18', u'unit': u'g'}, u'vitaminA': {u'hasCompleteData': True, u'name': u'Vitamin A - IU', u'amount': 541.3492, u'percentDailyValue': u'11', u'displayValue': u'541', u'unit': u'IU'}, u'potassium': {u'hasCompleteData': True, u'name': u'Potassium', u'amount': 383.8459, u'percentDailyValue': u'11', u'displayValue': u'384', u'unit': u'mg'}, u'saturatedFat': {u'hasCompleteData': True, u'name': u'Saturated Fat', u'amount': 10.11352, u'percentDailyValue': u'51', u'displayValue': u'10.1', u'unit': u'g'}, u'vitaminC': {u'hasCompleteData': True, u'name': u'Vitamin C', u'amount': 5.953723, u'percentDailyValue': u'10', u'displayValue': u'6', u'unit': u'mg'}}
"
125366,Chinese Pot Roast,https://images.media-allrecipes.com/userphotos/720x405/1031173.jpg,boneless beef chuck roast^garlic salt^ground black pepper^dry mustard powder^vegetable oil^water^soy sauce^white vinegar^honey^ground ginger^celery seed^cornstarch^cold water,"{'directions': u'Prep\n15 m\nCook\n3 h\nReady In\n3 h 15 m\nPreheat the oven to 325 degrees F (165 degrees C).\nCoat the chuck roast with garlic salt, pepper and mustard powder. Heat the oil in a large oven-proof skillet or Dutch oven over medium-high heat. Add the roast and brown on both sides, about 5 minutes per side.\nIn a medium bowl, stir together 3 cups of water, soy sauce, vinegar, honey, ginger and celery seed. Pour over the roast and then cover the roast tightly with a lid or aluminum foil.\nBake in the preheated oven until the roast is very tender, 2 1/2 to 3 hours.\nWhen the roast is done, remove it from the pan to a serving plate. Set the pan of drippings over medium-high heat and bring to a boil. Stir together cornstarch and 1/4 cup of cold water. Pour into the boiling liquid and stir until thickened, about 1 minute. Serve the roast with the gravy poured over.'}","{u'niacin': {u'hasCompleteData': False, u'name': u'Niacin Equivalents', u'amount': 9.269184, u'percentDailyValue': u'71', u'displayValue': u'9', u'unit': u'mg'}, u'sugars': {u'hasCompleteData': False, u'name': u'Sugars', u'amount': 12.16287, u'percentDailyValue': u'0', u'displayValue': u'12.2', u'unit': u'g'}, u'sodium': {u'hasCompleteData': True, u'name': u'Sodium', u'amount': 2809.821, u'percentDailyValue': u'112', u'displayValue': u'2810', u'unit': u'mg'}, u'carbohydrates': {u'hasCompleteData': True, u'name': u'Carbohydrates', u'amount': 17.96581, u'percentDailyValue': u'6', u'displayValue': u'18', u'unit': u'g'}, u'vitaminB6': {u'hasCompleteData': False, u'name': u'Vitamin B6', u'amount': 0.5280572, u'percentDailyValue': u'33', u'displayValue': u'< 1', u'unit': u'mg'}, u'calories': {u'hasCompleteData': True, u'name': u'Calories', u'amount': 432.2119, u'percentDailyValue': u'22', u'displayValue': u'432', u'unit': u'kcal'}, u'thiamin': {u'hasCompleteData': False, u'name': u'Thiamin', u'amount': 0.1197551, u'percentDailyValue': u'12', u'displayValue': u'< 1', u'unit': u'mg'}, u'fat': {u'hasCompleteData': True, u'name': u'Fat', u'amount': 19.97584, u'percentDailyValue': u'31', u'displayValue': u'20', u'unit': u'g'}, u'folate': {u'hasCompleteData': False, u'name': u'Folate', u'amount': 13.21985, u'percentDailyValue': u'7', u'displayValue': u'13', u'unit': u'mcg'}, u'caloriesFromFat': {u'hasCompleteData': True, u'name': u'Calories from Fat', u'amount': 179.7826, u'percentDailyValue': u'-', u'displayValue': u'180', u'unit': u'kcal'}, u'calcium': {u'hasCompleteData': True, u'name': u'Calcium', u'amount': 41.92492, u'percentDailyValue': u'5', u'displayValue': u'42', u'unit': u'mg'}, u'fiber': {u'hasCompleteData': True, u'name': u'Dietary Fiber', u'amount': 0.7038926, u'percentDailyValue': u'3', u'displayValue': u'0.7', u'unit': u'g'}, u'magnesium': {u'hasCompleteData': False, u'name': u'Magnesium', u'amount': 51.10325, u'percentDailyValue': u'18', u'displayValue': u'51', u'unit': u'mg'}, u'iron': {u'hasCompleteData': True, u'name': u'Iron', u'amount': 6.131109, u'percentDailyValue': u'61', u'displayValue': u'6', u'unit': u'mg'}, u'cholesterol': {u'hasCompleteData': False, u'name': u'Cholesterol', u'amount': 140.4853, u'percentDailyValue': u'47', u'displayValue': u'140', u'unit': u'mg'}, u'protein': {u'hasCompleteData': True, u'name': u'Protein', u'amount': 43.65397, u'percentDailyValue': u'87', u'displayValue': u'43.7', u'unit': u'g'}, u'vitaminA': {u'hasCompleteData': True, u'name': u'Vitamin A - IU', u'amount': 4.068111, u'percentDailyValue': u'< 1', u'displayValue': u'4', u'unit': u'IU'}, u'potassium': {u'hasCompleteData': False, u'name': u'Potassium', u'amount': 453.9529, u'percentDailyValue': u'13', u'displayValue': u'454', u'unit': u'mg'}, u'saturatedFat': {u'hasCompleteData': False, u'name': u'Saturated Fat', u'amount': 7.115173, u'percentDailyValue': u'36', u'displayValue': u'7.1', u'unit': u'g'}, u'vitaminC': {u'hasCompleteData': True, u'name': u'Vitamin C', u'amount': 0.3878698, u'percentDailyValue': u'< 1', u'displayValue': u'< 1', u'unit': u'mg'}}
"
23613,Steph's Summer Salad,https://images.media-allrecipes.com/userphotos/720x405/1274907.jpg,dry penne pasta^skinless boneless chicken breast halves^fresh broccoli florets^green onions^canola oil^lemon pepper to taste,"{'directions': u'Prep\n10 m\nCook\n35 m\nReady In\n45 m\nBring a large pot of lightly salted water to a boil. Add penne pasta and cook for 8 to 10 minutes, add broccoli a few minutes before pasta is done; drain.\nCook the chicken in a pan, seasoning with lemon pepper as it cooks. When the chicken is no longer pink inside, cut into small pieces. Combine chicken to pasta-broccoli mixture. Stir in oil and sliced green onion and add lemon pepper to taste.'}","{u'niacin': {u'hasCompleteData': True, u'name': u'Niacin Equivalents', u'amount': 37.18438, u'percentDailyValue': u'286', u'displayValue': u'37', u'unit': u'mg'}, u'sugars': {u'hasCompleteData': True, u'name': u'Sugars', u'amount': 4.44625, u'percentDailyValue': u'0', u'displayValue': u'4.4', u'unit': u'g'}, u'sodium': {u'hasCompleteData': True, u'name': u'Sodium', u'amount': 146.6245, u'percentDailyValue': u'6', u'displayValue': u'147', u'unit': u'mg'}, u'carbohydrates': {u'hasCompleteData': True, u'name': u'Carbohydrates', u'amount': 67.18279, u'percentDailyValue': u'22', u'displayValue': u'67.2', u'unit': u'g'}, u'vitaminB6': {u'hasCompleteData': True, u'name': u'Vitamin B6', u'amount': 1.186114, u'percentDailyValue': u'74', u'displayValue': u'1', u'unit': u'mg'}, u'calories': {u'hasCompleteData': True, u'name': u'Calories', u'amount': 715.1155, u'percentDailyValue': u'36', u'displayValue': u'715', u'unit': u'kcal'}, u'thiamin': {u'hasCompleteData': False, u'name': u'Thiamin', u'amount': 0.165875, u'percentDailyValue': u'17', u'displayValue': u'< 1', u'unit': u'mg'}, u'fat': {u'hasCompleteData': True, u'name': u'Fat', u'amount': 21.87199, u'percentDailyValue': u'34', u'displayValue': u'21.9', u'unit': u'g'}, u'folate': {u'hasCompleteData': True, u'name': u'Folate', u'amount': 62.65778, u'percentDailyValue': u'35', u'displayValue': u'63', u'unit': u'mcg'}, u'caloriesFromFat': {u'hasCompleteData': True, u'name': u'Calories from Fat', u'amount': 196.8479, u'percentDailyValue': u'-', u'displayValue': u'197', u'unit': u'kcal'}, u'calcium': {u'hasCompleteData': True, u'name': u'Calcium', u'amount': 88.31111, u'percentDailyValue': u'11', u'displayValue': u'88', u'unit': u'mg'}, u'fiber': {u'hasCompleteData': True, u'name': u'Dietary Fiber', u'amount': 5.147667, u'percentDailyValue': u'21', u'displayValue': u'5.1', u'unit': u'g'}, u'magnesium': {u'hasCompleteData': True, u'name': u'Magnesium', u'amount': 103.66, u'percentDailyValue': u'37', u'displayValue': u'104', u'unit': u'mg'}, u'iron': {u'hasCompleteData': True, u'name': u'Iron', u'amount': 4.869111, u'percentDailyValue': u'49', u'displayValue': u'5', u'unit': u'mg'}, u'cholesterol': {u'hasCompleteData': True, u'name': u'Cholesterol', u'amount': 134.3, u'percentDailyValue': u'45', u'displayValue': u'134', u'unit': u'mg'}, u'protein': {u'hasCompleteData': True, u'name': u'Protein', u'amount': 62.45344, u'percentDailyValue': u'125', u'displayValue': u'62.5', u'unit': u'g'}, u'vitaminA': {u'hasCompleteData': True, u'name': u'Vitamin A - IU', u'amount': 668.685, u'percentDailyValue': u'13', u'displayValue': u'669', u'unit': u'IU'}, u'potassium': {u'hasCompleteData': True, u'name': u'Potassium', u'amount': 832.3134, u'percentDailyValue': u'23', u'displayValue': u'832', u'unit': u'mg'}, u'saturatedFat': {u'hasCompleteData': True, u'name': u'Saturated Fat', u'amount': 3.07984, u'percentDailyValue': u'15', u'displayValue': u'3.1', u'unit': u'g'}, u'vitaminC': {u'hasCompleteData': True, u'name': u'Vitamin C', u'amount': 63.102, u'percentDailyValue': u'105', u'displayValue': u'63', u'unit': u'mg'}}
"
63351,Lavender Chicken,https://images.media-allrecipes.com/userphotos/720x405/3478950.jpg,skinless boneless chicken breast halves^sprigs fresh lavender^bacon^salt and pepper to taste^red pepper flakes^shredded Cheddar cheese,"{'directions': u'Prep\n10 m\nCook\n30 m\nReady In\n40 m\nPreheat the oven to 400 degrees F (200 degrees C).\nPlace three sprigs of lavender on top of each chicken breast half. Wrap two slices of bacon around each piece of chicken keeping the lavender inside. Place chicken into a shallow baking dish. Season with salt, pepper, and red pepper flakes.\nPosition the baking dish on the top shelf in the preheated oven, and bake chicken for 20 minutes, turning once. Turn again so the lavender is on top, and sprinkle with shredded cheese. Continue baking 10 minutes, or until cheese has melted and chicken juices run clear.'}","{u'niacin': {u'hasCompleteData': False, u'name': u'Niacin Equivalents', u'amount': 20.37457, u'percentDailyValue': u'157', u'displayValue': u'20', u'unit': u'mg'}, u'sugars': {u'hasCompleteData': False, u'name': u'Sugars', u'amount': 0.205172, u'percentDailyValue': u'0', u'displayValue': u'0.2', u'unit': u'g'}, u'sodium': {u'hasCompleteData': False, u'name': u'Sodium', u'amount': 702.3193, u'percentDailyValue': u'28', u'displayValue': u'702', u'unit': u'mg'}, u'carbohydrates': {u'hasCompleteData': False, u'name': u'Carbohydrates', u'amount': 1.604147, u'percentDailyValue': u'< 1', u'displayValue': u'1.6', u'unit': u'g'}, u'vitaminB6': {u'hasCompleteData': False, u'name': u'Vitamin B6', u'amount': 0.5704992, u'percentDailyValue': u'36', u'displayValue': u'< 1', u'unit': u'mg'}, u'calories': {u'hasCompleteData': False, u'name': u'Calories', u'amount': 374.1554, u'percentDailyValue': u'19', u'displayValue': u'374', u'unit': u'kcal'}, u'thiamin': {u'hasCompleteData': False, u'name': u'Thiamin', u'amount': 0.1925346, u'percentDailyValue': u'19', u'displayValue': u'< 1', u'unit': u'mg'}, u'fat': {u'hasCompleteData': False, u'name': u'Fat', u'amount': 22.08059, u'percentDailyValue': u'34', u'displayValue': u'22.1', u'unit': u'g'}, u'folate': {u'hasCompleteData': False, u'name': u'Folate', u'amount': 10.0043, u'percentDailyValue': u'6', u'displayValue': u'10', u'unit': u'mcg'}, u'caloriesFromFat': {u'hasCompleteData': False, u'name': u'Calories from Fat', u'amount': 198.7253, u'percentDailyValue': u'-', u'displayValue': u'199', u'unit': u'kcal'}, u'calcium': {u'hasCompleteData': False, u'name': u'Calcium', u'amount': 262.8987, u'percentDailyValue': u'33', u'displayValue': u'263', u'unit': u'mg'}, u'fiber': {u'hasCompleteData': False, u'name': u'Dietary Fiber', u'amount': 0.6800001, u'percentDailyValue': u'3', u'displayValue': u'0.7', u'unit': u'g'}, u'magnesium': {u'hasCompleteData': False, u'name': u'Magnesium', u'amount': 39.0616, u'percentDailyValue': u'14', u'displayValue': u'39', u'unit': u'mg'}, u'iron': {u'hasCompleteData': False, u'name': u'Iron', u'amount': 1.342334, u'percentDailyValue': u'13', u'displayValue': u'1', u'unit': u'mg'}, u'cholesterol': {u'hasCompleteData': False, u'name': u'Cholesterol', u'amount': 123.7383, u'percentDailyValue': u'41', u'displayValue': u'124', u'unit': u'mg'}, u'protein': {u'hasCompleteData': False, u'name': u'Protein', u'amount': 40.2823, u'percentDailyValue': u'81', u'displayValue': u'40.3', u'unit': u'g'}, u'vitaminA': {u'hasCompleteData': False, u'name': u'Vitamin A - IU', u'amount': 473.0049, u'percentDailyValue': u'9', u'displayValue': u'473', u'unit': u'IU'}, u'potassium': {u'hasCompleteData': False, u'name': u'Potassium', u'amount': 345.6359, u'percentDailyValue': u'10', u'displayValue': u'346', u'unit': u'mg'}, u'saturatedFat': {u'hasCompleteData': False, u'name': u'Saturated Fat', u'amount': 10.63639, u'percentDailyValue': u'53', u'displayValue': u'10.6', u'unit': u'g'}, u'vitaminC': {u'hasCompleteData': False, u'name': u'Vitamin C', u'amount': 0.191, u'percentDailyValue': u'< 1', u'displayValue': u'< 1', u'unit': u'mg'}}
"
16246,Biggest Bestest Burger,https://images.media-allrecipes.com/userphotos/720x405/3178797.jpg,ground beef^onion^salt^ground black pepper^dried basil^Italian seasoned bread crumbs^grated Parmesan cheese^teriyaki sauce^American cheese^onion rolls,"{'directions': u'Prep\n20 m\nCook\n20 m\nReady In\n40 m\nPreheat oven to broil.\nIn a large bowl, combine the ground beef, onion, salt, ground black pepper and basil; mix together well. Then add the bread crumbs, cheese and teriyaki sauce. Mix this together well and divide into 4 to 6 large, round balls.\nPlace the hamburger balls onto a broiler pan, evenly spaced. Press down on each ball, either with your palm or with a spatula, until a perfectly round patty is formed.\nBroil for 8 minutes, turn each patty over, and broil for 8 minutes more. (Note: The outside of each patty should appear almost burnt.)\nTurn off heat and place cheese slices on each patty. When cheese is melted, remove from oven and serve on onion rolls.'}","{u'niacin': {u'hasCompleteData': True, u'name': u'Niacin Equivalents', u'amount': 14.74909, u'percentDailyValue': u'113', u'displayValue': u'15', u'unit': u'mg'}, u'sugars': {u'hasCompleteData': True, u'name': u'Sugars', u'amount': 6.478649, u'percentDailyValue': u'0', u'displayValue': u'6.5', u'unit': u'g'}, u'sodium': {u'hasCompleteData': True, u'name': u'Sodium', u'amount': 1861.76, u'percentDailyValue': u'74', u'displayValue': u'1862', u'unit': u'mg'}, u'carbohydrates': {u'hasCompleteData': True, u'name': u'Carbohydrates', u'amount': 33.48294, u'percentDailyValue': u'11', u'displayValue': u'33.5', u'unit': u'g'}, u'vitaminB6': {u'hasCompleteData': False, u'name': u'Vitamin B6', u'amount': 0.3546902, u'percentDailyValue': u'22', u'displayValue': u'< 1', u'unit': u'mg'}, u'calories': {u'hasCompleteData': True, u'name': u'Calories', u'amount': 575.6123, u'percentDailyValue': u'29', u'displayValue': u'576', u'unit': u'kcal'}, u'thiamin': {u'hasCompleteData': False, u'name': u'Thiamin', u'amount': 0.066723, u'percentDailyValue': u'7', u'displayValue': u'< 1', u'unit': u'mg'}, u'fat': {u'hasCompleteData': True, u'name': u'Fat', u'amount': 30.13836, u'percentDailyValue': u'46', u'displayValue': u'30.1', u'unit': u'g'}, u'folate': {u'hasCompleteData': True, u'name': u'Folate', u'amount': 55.10567, u'percentDailyValue': u'31', u'displayValue': u'55', u'unit': u'mcg'}, u'caloriesFromFat': {u'hasCompleteData': True, u'name': u'Calories from Fat', u'amount': 271.2452, u'percentDailyValue': u'-', u'displayValue': u'271', u'unit': u'kcal'}, u'calcium': {u'hasCompleteData': True, u'name': u'Calcium', u'amount': 260.9902, u'percentDailyValue': u'33', u'displayValue': u'261', u'unit': u'mg'}, u'fiber': {u'hasCompleteData': True, u'name': u'Dietary Fiber', u'amount': 1.759917, u'percentDailyValue': u'7', u'displayValue': u'1.8', u'unit': u'g'}, u'magnesium': {u'hasCompleteData': False, u'name': u'Magnesium', u'amount': 44.14483, u'percentDailyValue': u'16', u'displayValue': u'44', u'unit': u'mg'}, u'iron': {u'hasCompleteData': True, u'name': u'Iron', u'amount': 4.466642, u'percentDailyValue': u'45', u'displayValue': u'4', u'unit': u'mg'}, u'cholesterol': {u'hasCompleteData': True, u'name': u'Cholesterol', u'amount': 122.0357, u'percentDailyValue': u'41', u'displayValue': u'122', u'unit': u'mg'}, u'protein': {u'hasCompleteData': True, u'name': u'Protein', u'amount': 40.00618, u'percentDailyValue': u'80', u'displayValue': u'40', u'unit': u'g'}, u'vitaminA': {u'hasCompleteData': True, u'name': u'Vitamin A - IU', u'amount': 309.065, u'percentDailyValue': u'6', u'displayValue': u'309', u'unit': u'IU'}, u'potassium': {u'hasCompleteData': False, u'name': u'Potassium', u'amount': 442.0567, u'percentDailyValue': u'12', u'displayValue': u'442', u'unit': u'mg'}, u'saturatedFat': {u'hasCompleteData': True, u'name': u'Saturated Fat', u'amount': 13.97416, u'percentDailyValue': u'70', u'displayValue': u'14', u'unit': u'g'}, u'vitaminC': {u'hasCompleteData': True, u'name': u'Vitamin C', u'amount': 1.707967, u'percentDailyValue': u'3', u'displayValue': u'2', u'unit': u'mg'}}
"
152220,Chicken with Green Peppers in Black Bean Sauce,https://images.media-allrecipes.com/userphotos/720x405/658707.jpg,toasted sesame oil^garlic cloves^black bean sauce^salt^skinless boneless chicken breast half^chicken bouillon dissolved in^boiling water^large onion^green onions^green bell pepper^dark soy sauce^black pepper^cornstarch dissolved in^water^chopped fresh cilantro,"{'directions': u'Prep\n30 m\nCook\n15 m\nReady In\n45 m\nHeat a wok over a medium heat until hot, add the toasted sesame oil and heat for about 30 seconds. Stir in garlic and black bean sauce, and season with salt. Add chicken to the wok; cook, stirring frequently, until chicken is cooked through. Pour in dissolved chicken bouillon, cover, and cook for 6 minutes.\nStir in onion, green onions, and bell pepper, and season with soy sauce and black pepper. Cover, and cook for 8 minutes. Stir in cornstarch mixture, and stir until sauce thickens. Stir in cilantro, and serve.'}","{u'niacin': {u'hasCompleteData': False, u'name': u'Niacin Equivalents', u'amount': 5.699506, u'percentDailyValue': u'44', u'displayValue': u'6', u'unit': u'mg'}, u'sugars': {u'hasCompleteData': False, u'name': u'Sugars', u'amount': 4.386998, u'percentDailyValue': u'0', u'displayValue': u'4.4', u'unit': u'g'}, u'sodium': {u'hasCompleteData': True, u'name': u'Sodium', u'amount': 1421.16, u'percentDailyValue': u'57', u'displayValue': u'1421', u'unit': u'mg'}, u'carbohydrates': {u'hasCompleteData': True, u'name': u'Carbohydrates', u'amount': 17.23315, u'percentDailyValue': u'6', u'displayValue': u'17.2', u'unit': u'g'}, u'vitaminB6': {u'hasCompleteData': False, u'name': u'Vitamin B6', u'amount': 0.4346739, u'percentDailyValue': u'27', u'displayValue': u'< 1', u'unit': u'mg'}, u'calories': {u'hasCompleteData': True, u'name': u'Calories', u'amount': 253.4563, u'percentDailyValue': u'13', u'displayValue': u'253', u'unit': u'kcal'}, u'thiamin': {u'hasCompleteData': False, u'name': u'Thiamin', u'amount': 0.1200254, u'percentDailyValue': u'12', u'displayValue': u'< 1', u'unit': u'mg'}, u'fat': {u'hasCompleteData': True, u'name': u'Fat', u'amount': 12.55326, u'percentDailyValue': u'19', u'displayValue': u'12.6', u'unit': u'g'}, u'folate': {u'hasCompleteData': False, u'name': u'Folate', u'amount': 59.64149, u'percentDailyValue': u'33', u'displayValue': u'60', u'unit': u'mcg'}, u'caloriesFromFat': {u'hasCompleteData': True, u'name': u'Calories from Fat', u'amount': 112.9794, u'percentDailyValue': u'-', u'displayValue': u'113', u'unit': u'kcal'}, u'calcium': {u'hasCompleteData': True, u'name': u'Calcium', u'amount': 82.04683, u'percentDailyValue': u'10', u'displayValue': u'82', u'unit': u'mg'}, u'fiber': {u'hasCompleteData': True, u'name': u'Dietary Fiber', u'amount': 3.789635, u'percentDailyValue': u'15', u'displayValue': u'3.8', u'unit': u'g'}, u'magnesium': {u'hasCompleteData': False, u'name': u'Magnesium', u'amount': 41.30964, u'percentDailyValue': u'15', u'displayValue': u'41', u'unit': u'mg'}, u'iron': {u'hasCompleteData': True, u'name': u'Iron', u'amount': 2.086736, u'percentDailyValue': u'21', u'displayValue': u'2', u'unit': u'mg'}, u'cholesterol': {u'hasCompleteData': True, u'name': u'Cholesterol', u'amount': 42.969, u'percentDailyValue': u'14', u'displayValue': u'43', u'unit': u'mg'}, u'protein': {u'hasCompleteData': True, u'name': u'Protein', u'amount': 18.71437, u'percentDailyValue': u'37', u'displayValue': u'18.7', u'unit': u'g'}, u'vitaminA': {u'hasCompleteData': True, u'name': u'Vitamin A - IU', u'amount': 1035.744, u'percentDailyValue': u'21', u'displayValue': u'1036', u'unit': u'IU'}, u'potassium': {u'hasCompleteData': False, u'name': u'Potassium', u'amount': 489.8749, u'percentDailyValue': u'14', u'displayValue': u'490', u'unit': u'mg'}, u'saturatedFat': {u'hasCompleteData': True, u'name': u'Saturated Fat', u'amount': 2.450424, u'percentDailyValue': u'12', u'displayValue': u'2.5', u'unit': u'g'}, u'vitaminC': {u'hasCompleteData': True, u'name': u'Vitamin C', u'amount': 63.46629, u'percentDailyValue': u'106', u'displayValue': u'63', u'unit': u'mg'}}
"
212912,Beef Nilaga,https://images.media-allrecipes.com/userphotos/250x250/809737.jpg,beef short ribs^quart water^black peppercorns crushed^onions^beef bouillon cubes^carrots^celery^chayote squash peeled and quartered^potatoes^salt to taste^head cabbage cut into wedges,"{'directions': u'Prep\n30 m\nCook\n1 h 30 m\nReady In\n2 h\nPlace the beef ribs in a large pot with enough water to cover. Bring to a boil over high heat, and boil for 5 minutes. Drain; discard the cooking water (the ribs will not be fully cooked).\nReturn the beef to the pot. Pour in the 1 quart water, peppercorns, onions, and beef bouillon. Bring to a boil, cover, reduce the heat, and simmer for 1 hour.\nSkim any fat floating on the surface. Stir in the carrots, celery, chayote, and potatoes; cover, and simmer until potatoes are tender, about 20 minutes. Season with salt. Add cabbage and cook an additional 5 minutes.'}","{u'niacin': {u'hasCompleteData': True, u'name': u'Niacin Equivalents', u'amount': 11.17693, u'percentDailyValue': u'86', u'displayValue': u'11', u'unit': u'mg'}, u'sugars': {u'hasCompleteData': True, u'name': u'Sugars', u'amount': 8.701877, u'percentDailyValue': u'0', u'displayValue': u'8.7', u'unit': u'g'}, u'sodium': {u'hasCompleteData': True, u'name': u'Sodium', u'amount': 568.3455, u'percentDailyValue': u'23', u'displayValue': u'568', u'unit': u'mg'}, u'carbohydrates': {u'hasCompleteData': True, u'name': u'Carbohydrates', u'amount': 32.31088, u'percentDailyValue': u'10', u'displayValue': u'32.3', u'unit': u'g'}, u'vitaminB6': {u'hasCompleteData': True, u'name': u'Vitamin B6', u'amount': 0.909028, u'percentDailyValue': u'57', u'displayValue': u'< 1', u'unit': u'mg'}, u'calories': {u'hasCompleteData': True, u'name': u'Calories', u'amount': 983.156, u'percentDailyValue': u'49', u'displayValue': u'983', u'unit': u'kcal'}, u'thiamin': {u'hasCompleteData': True, u'name': u'Thiamin', u'amount': 0.27706, u'percentDailyValue': u'28', u'displayValue': u'< 1', u'unit': u'mg'}, u'fat': {u'hasCompleteData': True, u'name': u'Fat', u'amount': 75.4315, u'percentDailyValue': u'116', u'displayValue': u'75.4', u'unit': u'g'}, u'folate': {u'hasCompleteData': True, u'name': u'Folate', u'amount': 113.8988, u'percentDailyValue': u'63', u'displayValue': u'114', u'unit': u'mcg'}, u'caloriesFromFat': {u'hasCompleteData': True, u'name': u'Calories from Fat', u'amount': 678.8835, u'percentDailyValue': u'-', u'displayValue': u'679', u'unit': u'kcal'}, u'calcium': {u'hasCompleteData': True, u'name': u'Calcium', u'amount': 108.4534, u'percentDailyValue': u'14', u'displayValue': u'108', u'unit': u'mg'}, u'fiber': {u'hasCompleteData': True, u'name': u'Dietary Fiber', u'amount': 6.753068, u'percentDailyValue': u'27', u'displayValue': u'6.8', u'unit': u'g'}, u'magnesium': {u'hasCompleteData': True, u'name': u'Magnesium', u'amount': 76.66048, u'percentDailyValue': u'27', u'displayValue': u'77', u'unit': u'mg'}, u'iron': {u'hasCompleteData': True, u'name': u'Iron', u'amount': 5.822812, u'percentDailyValue': u'58', u'displayValue': u'6', u'unit': u'mg'}, u'cholesterol': {u'hasCompleteData': True, u'name': u'Cholesterol', u'amount': 167.9416, u'percentDailyValue': u'56', u'displayValue': u'168', u'unit': u'mg'}, u'protein': {u'hasCompleteData': True, u'name': u'Protein', u'amount': 43.02792, u'percentDailyValue': u'86', u'displayValue': u'43', u'unit': u'g'}, u'vitaminA': {u'hasCompleteData': True, u'name': u'Vitamin A - IU', u'amount': 4212.449, u'percentDailyValue': u'84', u'displayValue': u'4212', u'unit': u'IU'}, u'potassium': {u'hasCompleteData': True, u'name': u'Potassium', u'amount': 1182.356, u'percentDailyValue': u'33', u'displayValue': u'1182', u'unit': u'mg'}, u'saturatedFat': {u'hasCompleteData': True, u'name': u'Saturated Fat', u'amount': 31.93672, u'percentDailyValue': u'160', u'displayValue': u'31.9', u'unit': u'g'}, u'vitaminC': {u'hasCompleteData': True, u'name': u'Vitamin C', u'amount': 50.3694, u'percentDailyValue': u'84', u'displayValue': u'50', u'unit': u'mg'}}
"
213650,"Chicken Penne with Asparagus, Sun-dried Tomatoes, and Artichoke Hearts",https://images.media-allrecipes.com/userphotos/250x250/822061.jpg,uncooked penne pasta^olive oil^cooked shredded chicken^salt and black pepper to taste^garlic salt^minced garlic^small onion^fresh asparagus trimmed and cut into 2-inch pieces^chopped sun-dried tomatoes (not oil-packed)^reduced-sodium beef broth^artichoke hearts drained and quartered^butter^grated Parmesan cheese,"{'directions': u'Prep\n25 m\nCook\n25 m\nReady In\n55 m\nBring a large pot of lightly salted water to a rolling boil. Cook the penne pasta uncovered in the boiling water, stirring occasionally, until the pasta has cooked through, but is still firm to the bite, about 11 minutes. Drain, set aside, and keep warm.\nHeat the olive oil in a large skillet over medium-high heat; add the chicken to the skillet and season with salt, pepper, and garlic salt. Cook and stir for about 2 minutes; remove the chicken and set aside. Cook and the garlic and onion in the oil remaining in the skillet until the onion becomes translucent, about 3 minutes. Stir in the asparagus, sun-dried tomatoes, and beef broth; reduce heat to medium-low. Cook until the asparagus is bright green and starting to become tender, about 5 minutes. Return the chicken to the skillet and stir in the artichoke hearts. Cook and stir until hot, about 3 minutes.\nGently fold the pasta into the chicken and vegetables, cover the skillet, and turn off the heat. Allow the mixture to sit until the pasta has absorbed any excess broth, about 5 minutes. Mix butter into the pasta mixture until butter melts and coats the pasta; sprinkle with Parmesan cheese to serve.'}","{u'niacin': {u'hasCompleteData': False, u'name': u'Niacin Equivalents', u'amount': 6.493885, u'percentDailyValue': u'50', u'displayValue': u'6', u'unit': u'mg'}, u'sugars': {u'hasCompleteData': False, u'name': u'Sugars', u'amount': 9.816438, u'percentDailyValue': u'0', u'displayValue': u'9.8', u'unit': u'g'}, u'sodium': {u'hasCompleteData': False, u'name': u'Sodium', u'amount': 727.0776, u'percentDailyValue': u'29', u'displayValue': u'727', u'unit': u'mg'}, u'carbohydrates': {u'hasCompleteData': False, u'name': u'Carbohydrates', u'amount': 113.5709, u'percentDailyValue': u'37', u'displayValue': u'113.6', u'unit': u'g'}, u'vitaminB6': {u'hasCompleteData': False, u'name': u'Vitamin B6', u'amount': 0.2720495, u'percentDailyValue': u'17', u'displayValue': u'< 1', u'unit': u'mg'}, u'calories': {u'hasCompleteData': False, u'name': u'Calories', u'amount': 731.4134, u'percentDailyValue': u'37', u'displayValue': u'731', u'unit': u'kcal'}, u'thiamin': {u'hasCompleteData': False, u'name': u'Thiamin', u'amount': 0.2074084, u'percentDailyValue': u'21', u'displayValue': u'< 1', u'unit': u'mg'}, u'fat': {u'hasCompleteData': False, u'name': u'Fat', u'amount': 15.26751, u'percentDailyValue': u'23', u'displayValue': u'15.3', u'unit': u'g'}, u'folate': {u'hasCompleteData': False, u'name': u'Folate', u'amount': 59.51242, u'percentDailyValue': u'33', u'displayValue': u'60', u'unit': u'mcg'}, u'caloriesFromFat': {u'hasCompleteData': False, u'name': u'Calories from Fat', u'amount': 137.4076, u'percentDailyValue': u'-', u'displayValue': u'137', u'unit': u'kcal'}, u'calcium': {u'hasCompleteData': False, u'name': u'Calcium', u'amount': 58.00189, u'percentDailyValue': u'7', u'displayValue': u'58', u'unit': u'mg'}, u'fiber': {u'hasCompleteData': False, u'name': u'Dietary Fiber', u'amount': 15.10003, u'percentDailyValue': u'60', u'displayValue': u'15.1', u'unit': u'g'}, u'magnesium': {u'hasCompleteData': False, u'name': u'Magnesium', u'amount': 46.48464, u'percentDailyValue': u'17', u'displayValue': u'46', u'unit': u'mg'}, u'iron': {u'hasCompleteData': False, u'name': u'Iron', u'amount': 3.488494, u'percentDailyValue': u'35', u'displayValue': u'3', u'unit': u'mg'}, u'cholesterol': {u'hasCompleteData': False, u'name': u'Cholesterol', u'amount': 38.77501, u'percentDailyValue': u'13', u'displayValue': u'39', u'unit': u'mg'}, u'protein': {u'hasCompleteData': False, u'name': u'Protein', u'amount': 38.63263, u'percentDailyValue': u'77', u'displayValue': u'38.6', u'unit': u'g'}, u'vitaminA': {u'hasCompleteData': False, u'name': u'Vitamin A - IU', u'amount': 1127.773, u'percentDailyValue': u'23', u'displayValue': u'1128', u'unit': u'IU'}, u'potassium': {u'hasCompleteData': False, u'name': u'Potassium', u'amount': 741.5542, u'percentDailyValue': u'21', u'displayValue': u'742', u'unit': u'mg'}, u'saturatedFat': {u'hasCompleteData': False, u'name': u'Saturated Fat', u'amount': 4.310789, u'percentDailyValue': u'22', u'displayValue': u'4.3', u'unit': u'g'}, u'vitaminC': {u'hasCompleteData': False, u'name': u'Vitamin C', u'amount': 16.7347, u'percentDailyValue': u'28', u'displayValue': u'17', u'unit': u'mg'}}
"
17178,Chicken and Wild Rice Casserole,https://images.media-allrecipes.com/userphotos/720x405/3096745.jpg,bone-in chicken breast halves^water^dry white wine^salt^curry powder^onion^chopped celery^long grain and wild rice mix^sliced mushrooms drained^sour cream^condensed cream of mushroom soup,"{'directions': u'Prep\n30 m\nCook\n2 h\nReady In\n2 h 30 m\nPlace chicken breasts in a large pot with water, wine, salt, curry powder, onion, and celery. Cover, and bring to a boil. Reduce heat to low, and simmer for 1 hour. Remove from heat, strain (reserving broth), and refrigerate to cool. Remove chicken meat from bone, and cut into bite size pieces.\nPrepare the rice mix according to package directions. Replace the specified amount of liquid with the same amount of the reserved broth.\nPreheat oven to 350 degrees F (175 degrees C). Lightly grease a 9x13 inch baking dish.\nIn a large bowl combine the chicken, rice, and mushrooms. Blend in the sour cream and soup. Spoon into the prepared baking dish.\nBake at 350 degrees F (175 degrees C) for 1 hour.'}","{u'niacin': {u'hasCompleteData': False, u'name': u'Niacin Equivalents', u'amount': 20.48986, u'percentDailyValue': u'158', u'displayValue': u'20', u'unit': u'mg'}, u'sugars': {u'hasCompleteData': False, u'name': u'Sugars', u'amount': 3.307695, u'percentDailyValue': u'0', u'displayValue': u'3.3', u'unit': u'g'}, u'sodium': {u'hasCompleteData': False, u'name': u'Sodium', u'amount': 1325.809, u'percentDailyValue': u'53', u'displayValue': u'1326', u'unit': u'mg'}, u'carbohydrates': {u'hasCompleteData': False, u'name': u'Carbohydrates', u'amount': 33.71192, u'percentDailyValue': u'11', u'displayValue': u'33.7', u'unit': u'g'}, u'vitaminB6': {u'hasCompleteData': False, u'name': u'Vitamin B6', u'amount': 0.6154082, u'percentDailyValue': u'38', u'displayValue': u'< 1', u'unit': u'mg'}, u'calories': {u'hasCompleteData': False, u'name': u'Calories', u'amount': 385.1278, u'percentDailyValue': u'19', u'displayValue': u'385', u'unit': u'kcal'}, u'thiamin': {u'hasCompleteData': False, u'name': u'Thiamin', u'amount': 0.1289735, u'percentDailyValue': u'13', u'displayValue': u'< 1', u'unit': u'mg'}, u'fat': {u'hasCompleteData': False, u'name': u'Fat', u'amount': 10.32646, u'percentDailyValue': u'16', u'displayValue': u'10.3', u'unit': u'g'}, u'folate': {u'hasCompleteData': False, u'name': u'Folate', u'amount': 19.13408, u'percentDailyValue': u'11', u'displayValue': u'19', u'unit': u'mcg'}, u'caloriesFromFat': {u'hasCompleteData': False, u'name': u'Calories from Fat', u'amount': 92.93813, u'percentDailyValue': u'-', u'displayValue': u'93', u'unit': u'kcal'}, u'calcium': {u'hasCompleteData': False, u'name': u'Calcium', u'amount': 70.20741, u'percentDailyValue': u'9', u'displayValue': u'70', u'unit': u'mg'}, u'fiber': {u'hasCompleteData': False, u'name': u'Dietary Fiber', u'amount': 2.019851, u'percentDailyValue': u'8', u'displayValue': u'2', u'unit': u'g'}, u'magnesium': {u'hasCompleteData': False, u'name': u'Magnesium', u'amount': 42.36989, u'percentDailyValue': u'15', u'displayValue': u'42', u'unit': u'mg'}, u'iron': {u'hasCompleteData': False, u'name': u'Iron', u'amount': 2.777041, u'percentDailyValue': u'28', u'displayValue': u'3', u'unit': u'mg'}, u'cholesterol': {u'hasCompleteData': False, u'name': u'Cholesterol', u'amount': 87.68591, u'percentDailyValue': u'29', u'displayValue': u'88', u'unit': u'mg'}, u'protein': {u'hasCompleteData': False, u'name': u'Protein', u'amount': 33.75922, u'percentDailyValue': u'68', u'displayValue': u'33.8', u'unit': u'g'}, u'vitaminA': {u'hasCompleteData': False, u'name': u'Vitamin A - IU', u'amount': 233.1203, u'percentDailyValue': u'5', u'displayValue': u'233', u'unit': u'IU'}, u'potassium': {u'hasCompleteData': False, u'name': u'Potassium', u'amount': 461.4698, u'percentDailyValue': u'13', u'displayValue': u'461', u'unit': u'mg'}, u'saturatedFat': {u'hasCompleteData': False, u'name': u'Saturated Fat', u'amount': 4.371397, u'percentDailyValue': u'22', u'displayValue': u'4.4', u'unit': u'g'}, u'vitaminC': {u'hasCompleteData': False, u'name': u'Vitamin C', u'amount': 1.4158, u'percentDailyValue': u'2', u'displayValue': u'1', u'unit': u'mg'}}
"
130444,Guam Fried Rice,https://images.media-allrecipes.com/userphotos/250x250/765786.jpg,bacon^garlic^green onions^carrots^snow peas^cooked white rice^soy sauce,"{'directions': u'Prep\n30 m\nCook\n20 m\nReady In\n50 m\nCook bacon in a skillet over medium-high heat until crisp. Stir in the garlic, green onions, and carrots; cook for 2 minutes. Add snow peas; cook for 2 more minutes.\nStir in the cooked rice, a cup at a time, coating well with the grease. Cook and stir until the rice is hot, then sprinkle with soy sauce.'}","{u'niacin': {u'hasCompleteData': True, u'name': u'Niacin Equivalents', u'amount': 7.42696, u'percentDailyValue': u'57', u'displayValue': u'7', u'unit': u'mg'}, u'sugars': {u'hasCompleteData': True, u'name': u'Sugars', u'amount': 3.254433, u'percentDailyValue': u'0', u'displayValue': u'3.3', u'unit': u'g'}, u'sodium': {u'hasCompleteData': True, u'name': u'Sodium', u'amount': 1253.45, u'percentDailyValue': u'50', u'displayValue': u'1253', u'unit': u'mg'}, u'carbohydrates': {u'hasCompleteData': True, u'name': u'Carbohydrates', u'amount': 37.90135, u'percentDailyValue': u'12', u'displayValue': u'37.9', u'unit': u'g'}, u'vitaminB6': {u'hasCompleteData': True, u'name': u'Vitamin B6', u'amount': 0.40015, u'percentDailyValue': u'25', u'displayValue': u'< 1', u'unit': u'mg'}, u'calories': {u'hasCompleteData': True, u'name': u'Calories', u'amount': 522.65, u'percentDailyValue': u'26', u'displayValue': u'523', u'unit': u'kcal'}, u'thiamin': {u'hasCompleteData': True, u'name': u'Thiamin', u'amount': 0.54616, u'percentDailyValue': u'55', u'displayValue': u'< 1', u'unit': u'mg'}, u'fat': {u'hasCompleteData': True, u'name': u'Fat', u'amount': 34.55124, u'percentDailyValue': u'53', u'displayValue': u'34.6', u'unit': u'g'}, u'folate': {u'hasCompleteData': True, u'name': u'Folate', u'amount': 94.21001, u'percentDailyValue': u'52', u'displayValue': u'94', u'unit': u'mcg'}, u'caloriesFromFat': {u'hasCompleteData': True, u'name': u'Calories from Fat', u'amount': 310.9611, u'percentDailyValue': u'-', u'displayValue': u'311', u'unit': u'kcal'}, u'calcium': {u'hasCompleteData': True, u'name': u'Calcium', u'amount': 55.70833, u'percentDailyValue': u'7', u'displayValue': u'56', u'unit': u'mg'}, u'fiber': {u'hasCompleteData': True, u'name': u'Dietary Fiber', u'amount': 2.594333, u'percentDailyValue': u'10', u'displayValue': u'2.6', u'unit': u'g'}, u'magnesium': {u'hasCompleteData': True, u'name': u'Magnesium', u'amount': 41.76667, u'percentDailyValue': u'15', u'displayValue': u'42', u'unit': u'mg'}, u'iron': {u'hasCompleteData': True, u'name': u'Iron', u'amount': 2.948, u'percentDailyValue': u'29', u'displayValue': u'3', u'unit': u'mg'}, u'cholesterol': {u'hasCompleteData': True, u'name': u'Cholesterol', u'amount': 51.45333, u'percentDailyValue': u'17', u'displayValue': u'51', u'unit': u'mg'}, u'protein': {u'hasCompleteData': True, u'name': u'Protein', u'amount': 13.9649, u'percentDailyValue': u'28', u'displayValue': u'14', u'unit': u'g'}, u'vitaminA': {u'hasCompleteData': True, u'name': u'Vitamin A - IU', u'amount': 4598.415, u'percentDailyValue': u'92', u'displayValue': u'4598', u'unit': u'IU'}, u'potassium': {u'hasCompleteData': True, u'name': u'Potassium', u'amount': 419.2867, u'percentDailyValue': u'12', u'displayValue': u'419', u'unit': u'mg'}, u'saturatedFat': {u'hasCompleteData': True, u'name': u'Saturated Fat', u'amount': 11.45656, u'percentDailyValue': u'57', u'displayValue': u'11.5', u'unit': u'g'}, u'vitaminC': {u'hasCompleteData': True, u'name': u'Vitamin C', u'amount': 27.56, u'percentDailyValue': u'46', u'displayValue': u'28', u'unit': u'mg'}}
"
231412,Jambalaya In a Jiffy,https://images.media-allrecipes.com/userphotos/720x405/1020709.jpg,olive oil^onion^green bell pepper^garlic^fully cooked kielbasa cubed^diced tomatoes with juice^water^paprika^dried oregano^dried thyme^hot sauce^orzo pasta,"{'directions': u'Prep\n15 m\nCook\n20 m\nReady In\n35 m\nHeat olive oil in a large, deep skillet over medium heat; cook and stir onion and green bell pepper in the hot oil until tender, 5 to 8 minutes. Stir garlic into vegetables and cook until fragrant and softened, about 2 minutes.\nStir kielbasa sausage, tomatoes with juice, water, paprika, oregano, thyme, and hot sauce into onion mixture, bring to a boil, and stir in orzo. Reduce heat to low, cover, and simmer until orzo are tender, about 10 minutes.'}","{u'niacin': {u'hasCompleteData': False, u'name': u'Niacin Equivalents', u'amount': 3.054404, u'percentDailyValue': u'23', u'displayValue': u'3', u'unit': u'mg'}, u'sugars': {u'hasCompleteData': True, u'name': u'Sugars', u'amount': 8.812734, u'percentDailyValue': u'0', u'displayValue': u'8.8', u'unit': u'g'}, u'sodium': {u'hasCompleteData': True, u'name': u'Sodium', u'amount': 845.6733, u'percentDailyValue': u'34', u'displayValue': u'846', u'unit': u'mg'}, u'carbohydrates': {u'hasCompleteData': True, u'name': u'Carbohydrates', u'amount': 48.37021, u'percentDailyValue': u'16', u'displayValue': u'48.4', u'unit': u'g'}, u'vitaminB6': {u'hasCompleteData': False, u'name': u'Vitamin B6', u'amount': 0.1324342, u'percentDailyValue': u'8', u'displayValue': u'< 1', u'unit': u'mg'}, u'calories': {u'hasCompleteData': True, u'name': u'Calories', u'amount': 529.1794, u'percentDailyValue': u'26', u'displayValue': u'529', u'unit': u'kcal'}, u'thiamin': {u'hasCompleteData': False, u'name': u'Thiamin', u'amount': 0.03634452, u'percentDailyValue': u'4', u'displayValue': u'< 1', u'unit': u'mg'}, u'fat': {u'hasCompleteData': True, u'name': u'Fat', u'amount': 28.32012, u'percentDailyValue': u'44', u'displayValue': u'28.3', u'unit': u'g'}, u'folate': {u'hasCompleteData': False, u'name': u'Folate', u'amount': 117.1708, u'percentDailyValue': u'65', u'displayValue': u'117', u'unit': u'mcg'}, u'caloriesFromFat': {u'hasCompleteData': True, u'name': u'Calories from Fat', u'amount': 254.881, u'percentDailyValue': u'-', u'displayValue': u'255', u'unit': u'kcal'}, u'calcium': {u'hasCompleteData': False, u'name': u'Calcium', u'amount': 70.93969, u'percentDailyValue': u'9', u'displayValue': u'71', u'unit': u'mg'}, u'fiber': {u'hasCompleteData': True, u'name': u'Dietary Fiber', u'amount': 3.901492, u'percentDailyValue': u'16', u'displayValue': u'3.9', u'unit': u'g'}, u'magnesium': {u'hasCompleteData': False, u'name': u'Magnesium', u'amount': 34.53131, u'percentDailyValue': u'12', u'displayValue': u'35', u'unit': u'mg'}, u'iron': {u'hasCompleteData': False, u'name': u'Iron', u'amount': 4.947678, u'percentDailyValue': u'49', u'displayValue': u'5', u'unit': u'mg'}, u'cholesterol': {u'hasCompleteData': True, u'name': u'Cholesterol', u'amount': 54.05262, u'percentDailyValue': u'18', u'displayValue': u'54', u'unit': u'mg'}, u'protein': {u'hasCompleteData': True, u'name': u'Protein', u'amount': 18.13, u'percentDailyValue': u'36', u'displayValue': u'18.1', u'unit': u'g'}, u'vitaminA': {u'hasCompleteData': False, u'name': u'Vitamin A - IU', u'amount': 1368.529, u'percentDailyValue': u'27', u'displayValue': u'1369', u'unit': u'IU'}, u'potassium': {u'hasCompleteData': False, u'name': u'Potassium', u'amount': 344.4488, u'percentDailyValue': u'10', u'displayValue': u'344', u'unit': u'mg'}, u'saturatedFat': {u'hasCompleteData': True, u'name': u'Saturated Fat', u'amount': 11.67826, u'percentDailyValue': u'58', u'displayValue': u'11.7', u'unit': u'g'}, u'vitaminC': {u'hasCompleteData': False, u'name': u'Vitamin C', u'amount': 29.83032, u'percentDailyValue': u'50', u'displayValue': u'30', u'unit': u'mg'}}
"
233443,Spaghetti Carbonara (Paleo Style),https://images.media-allrecipes.com/userphotos/720x405/3696640.jpg,large spaghetti squash halved and seeded^extra-virgin olive oil^bacon^large tomato^salt^ground black pepper^large egg yolks^sprigs fresh basil,"{'directions': u'Prep\n10 m\nCook\n50 m\nReady In\n1 h\nPreheat oven to 400 degrees F (200 degrees C). Place squash, cut side up, on a baking sheet.\nBake squash in the preheated oven until tender, 45 minutes to 1 hour. Scoop out flesh and shred squash into strands using a fork.\nHeat olive oil in a large skillet over medium-high heat; cook and stir bacon in the hot oil until browned and cooked through, 5 to 10 minutes. Add shredded squash; cook and stir until squash is softened, 3 to 5 minutes. Stir tomato, salt, and pepper into squash mixture; remove skillet from heat.\nStir egg yolks into squash mixture, without letting the egg yolks touch the skillet, until mixture is creamy. Transfer squash carbonara to a serving bowl; garnish with basil sprigs.'}","{u'niacin': {u'hasCompleteData': False, u'name': u'Niacin Equivalents', u'amount': 8.847817, u'percentDailyValue': u'68', u'displayValue': u'9', u'unit': u'mg'}, u'sugars': {u'hasCompleteData': False, u'name': u'Sugars', u'amount': 1.304445, u'percentDailyValue': u'0', u'displayValue': u'1.3', u'unit': u'g'}, u'sodium': {u'hasCompleteData': True, u'name': u'Sodium', u'amount': 1090.683, u'percentDailyValue': u'44', u'displayValue': u'1091', u'unit': u'mg'}, u'carbohydrates': {u'hasCompleteData': True, u'name': u'Carbohydrates', u'amount': 34.42534, u'percentDailyValue': u'11', u'displayValue': u'34.4', u'unit': u'g'}, u'vitaminB6': {u'hasCompleteData': False, u'name': u'Vitamin B6', u'amount': 0.6240342, u'percentDailyValue': u'39', u'displayValue': u'< 1', u'unit': u'mg'}, u'calories': {u'hasCompleteData': True, u'name': u'Calories', u'amount': 428.3765, u'percentDailyValue': u'21', u'displayValue': u'428', u'unit': u'kcal'}, u'thiamin': {u'hasCompleteData': False, u'name': u'Thiamin', u'amount': 0.3507508, u'percentDailyValue': u'35', u'displayValue': u'< 1', u'unit': u'mg'}, u'fat': {u'hasCompleteData': True, u'name': u'Fat', u'amount': 28.74856, u'percentDailyValue': u'44', u'displayValue': u'28.7', u'unit': u'g'}, u'folate': {u'hasCompleteData': False, u'name': u'Folate', u'amount': 88.51054, u'percentDailyValue': u'49', u'displayValue': u'89', u'unit': u'mcg'}, u'caloriesFromFat': {u'hasCompleteData': True, u'name': u'Calories from Fat', u'amount': 258.737, u'percentDailyValue': u'-', u'displayValue': u'259', u'unit': u'kcal'}, u'calcium': {u'hasCompleteData': False, u'name': u'Calcium', u'amount': 141.7222, u'percentDailyValue': u'18', u'displayValue': u'142', u'unit': u'mg'}, u'fiber': {u'hasCompleteData': False, u'name': u'Dietary Fiber', u'amount': 0.7463251, u'percentDailyValue': u'3', u'displayValue': u'0.7', u'unit': u'g'}, u'magnesium': {u'hasCompleteData': False, u'name': u'Magnesium', u'amount': 69.77004, u'percentDailyValue': u'25', u'displayValue': u'70', u'unit': u'mg'}, u'iron': {u'hasCompleteData': False, u'name': u'Iron', u'amount': 2.522683, u'percentDailyValue': u'25', u'displayValue': u'3', u'unit': u'mg'}, u'cholesterol': {u'hasCompleteData': True, u'name': u'Cholesterol', u'amount': 224.919, u'percentDailyValue': u'75', u'displayValue': u'225', u'unit': u'mg'}, u'protein': {u'hasCompleteData': True, u'name': u'Protein', u'amount': 12.87392, u'percentDailyValue': u'26', u'displayValue': u'12.9', u'unit': u'g'}, u'vitaminA': {u'hasCompleteData': False, u'name': u'Vitamin A - IU', u'amount': 1055.274, u'percentDailyValue': u'21', u'displayValue': u'1055', u'unit': u'IU'}, u'potassium': {u'hasCompleteData': False, u'name': u'Potassium', u'amount': 736.9344, u'percentDailyValue': u'21', u'displayValue': u'737', u'unit': u'mg'}, u'saturatedFat': {u'hasCompleteData': True, u'name': u'Saturated Fat', u'amount': 6.60299, u'percentDailyValue': u'33', u'displayValue': u'6.6', u'unit': u'g'}, u'vitaminC': {u'hasCompleteData': False, u'name': u'Vitamin C', u'amount': 16.10268, u'percentDailyValue': u'27', u'displayValue': u'16', u'unit': u'mg'}}
"
8987,Cheesy Chicken and Potato Casserole,https://images.media-allrecipes.com/userphotos/720x405/562.jpg,vegetable oil^skinless boneless chicken breasts^scalloped potato mix^potatoes^shredded Cheddar cheese,"{'directions': u'Preheat oven to 350 degrees F (175 degrees C).\nHeat oil in a medium skillet over medium high heat. Add chicken breasts and saute until tender. Meanwhile, prepare potatoes according to package directions, adding 1 cup (instead of 2/3 cup) of milk and sliced potatoes. When chicken is tender, remove from heat, let cool and shred. Add shredded chicken to potato mixture.\nFold chicken/potato mixture into a 9x13 inch baking dish. Cover and bake in the preheated oven for 25 to 35 minutes. Add cheese and bake for another 10 minutes.'}","{u'niacin': {u'hasCompleteData': True, u'name': u'Niacin Equivalents', u'amount': 10.91443, u'percentDailyValue': u'84', u'displayValue': u'11', u'unit': u'mg'}, u'sugars': {u'hasCompleteData': False, u'name': u'Sugars', u'amount': 0.9776, u'percentDailyValue': u'0', u'displayValue': u'1', u'unit': u'g'}, u'sodium': {u'hasCompleteData': True, u'name': u'Sodium', u'amount': 518.295, u'percentDailyValue': u'21', u'displayValue': u'518', u'unit': u'mg'}, u'carbohydrates': {u'hasCompleteData': True, u'name': u'Carbohydrates', u'amount': 33.3835, u'percentDailyValue': u'11', u'displayValue': u'33.4', u'unit': u'g'}, u'vitaminB6': {u'hasCompleteData': True, u'name': u'Vitamin B6', u'amount': 0.613555, u'percentDailyValue': u'38', u'displayValue': u'< 1', u'unit': u'mg'}, u'calories': {u'hasCompleteData': True, u'name': u'Calories', u'amount': 329.5313, u'percentDailyValue': u'16', u'displayValue': u'330', u'unit': u'kcal'}, u'thiamin': {u'hasCompleteData': True, u'name': u'Thiamin', u'amount': 0.1440225, u'percentDailyValue': u'14', u'displayValue': u'< 1', u'unit': u'mg'}, u'fat': {u'hasCompleteData': True, u'name': u'Fat', u'amount': 12.6204, u'percentDailyValue': u'19', u'displayValue': u'12.6', u'unit': u'g'}, u'folate': {u'hasCompleteData': True, u'name': u'Folate', u'amount': 30.135, u'percentDailyValue': u'17', u'displayValue': u'30', u'unit': u'mcg'}, u'caloriesFromFat': {u'hasCompleteData': True, u'name': u'Calories from Fat', u'amount': 113.5836, u'percentDailyValue': u'-', u'displayValue': u'114', u'unit': u'kcal'}, u'calcium': {u'hasCompleteData': True, u'name': u'Calcium', u'amount': 233.42, u'percentDailyValue': u'29', u'displayValue': u'233', u'unit': u'mg'}, u'fiber': {u'hasCompleteData': True, u'name': u'Dietary Fiber', u'amount': 4.02, u'percentDailyValue': u'16', u'displayValue': u'4', u'unit': u'g'}, u'magnesium': {u'hasCompleteData': True, u'name': u'Magnesium', u'amount': 56.3, u'percentDailyValue': u'20', u'displayValue': u'56', u'unit': u'mg'}, u'iron': {u'hasCompleteData': True, u'name': u'Iron', u'amount': 1.73335, u'percentDailyValue': u'17', u'displayValue': u'2', u'unit': u'mg'}, u'cholesterol': {u'hasCompleteData': True, u'name': u'Cholesterol', u'amount': 56.3025, u'percentDailyValue': u'19', u'displayValue': u'56', u'unit': u'mg'}, u'protein': {u'hasCompleteData': True, u'name': u'Protein', u'amount': 20.91803, u'percentDailyValue': u'42', u'displayValue': u'20.9', u'unit': u'g'}, u'vitaminA': {u'hasCompleteData': True, u'name': u'Vitamin A - IU', u'amount': 294.4875, u'percentDailyValue': u'6', u'displayValue': u'294', u'unit': u'IU'}, u'potassium': {u'hasCompleteData': True, u'name': u'Potassium', u'amount': 765.3625, u'percentDailyValue': u'21', u'displayValue': u'765', u'unit': u'mg'}, u'saturatedFat': {u'hasCompleteData': True, u'name': u'Saturated Fat', u'amount': 6.588748, u'percentDailyValue': u'33', u'displayValue': u'6.6', u'unit': u'g'}, u'vitaminC': {u'hasCompleteData': True, u'name': u'Vitamin C', u'amount': 24.729, u'percentDailyValue': u'41', u'displayValue': u'25', u'unit': u'mg'}}
"
191159,Ham and Pear Panini,https://images.media-allrecipes.com/userphotos/720x405/1022823.jpg,bread^mustard^ham^pear peeled and thinly sliced^ground black pepper^shredded mozzarella cheese^light margarine (such as I Can't Believe It's Not Butter,"{'directions': u'Prep\n5 m\nCook\n6 m\nReady In\n11 m\nSpread 2 slices of bread with the mustard. Layer each with 3 slices of ham, half of the pear slices, a dash of pepper, and 1/2 cup mozzarella cheese. Top with remaining bread. Lightly spread margarine on the outer sides of each sandwich.\nHeat a skillet or griddle over medium heat. Grill the sandwiches until the cheese is melted and the bread is golden brown, about 3 minutes per side. Cut each sandwich in half to serve.'}","{u'niacin': {u'hasCompleteData': False, u'name': u'Niacin Equivalents', u'amount': 6.107711, u'percentDailyValue': u'47', u'displayValue': u'6', u'unit': u'mg'}, u'sugars': {u'hasCompleteData': False, u'name': u'Sugars', u'amount': 11.00015, u'percentDailyValue': u'0', u'displayValue': u'11', u'unit': u'g'}, u'sodium': {u'hasCompleteData': False, u'name': u'Sodium', u'amount': 844.0049, u'percentDailyValue': u'34', u'displayValue': u'844', u'unit': u'mg'}, u'carbohydrates': {u'hasCompleteData': False, u'name': u'Carbohydrates', u'amount': 40.76085, u'percentDailyValue': u'13', u'displayValue': u'40.8', u'unit': u'g'}, u'vitaminB6': {u'hasCompleteData': False, u'name': u'Vitamin B6', u'amount': 0.1130468, u'percentDailyValue': u'7', u'displayValue': u'< 1', u'unit': u'mg'}, u'calories': {u'hasCompleteData': False, u'name': u'Calories', u'amount': 357.3652, u'percentDailyValue': u'18', u'displayValue': u'357', u'unit': u'kcal'}, u'thiamin': {u'hasCompleteData': False, u'name': u'Thiamin', u'amount': 0.1497917, u'percentDailyValue': u'15', u'displayValue': u'< 1', u'unit': u'mg'}, u'fat': {u'hasCompleteData': False, u'name': u'Fat', u'amount': 13.58114, u'percentDailyValue': u'21', u'displayValue': u'13.6', u'unit': u'g'}, u'folate': {u'hasCompleteData': False, u'name': u'Folate', u'amount': 67.03465, u'percentDailyValue': u'37', u'displayValue': u'67', u'unit': u'mcg'}, u'caloriesFromFat': {u'hasCompleteData': False, u'name': u'Calories from Fat', u'amount': 122.2303, u'percentDailyValue': u'-', u'displayValue': u'122', u'unit': u'kcal'}, u'calcium': {u'hasCompleteData': False, u'name': u'Calcium', u'amount': 533.6414, u'percentDailyValue': u'67', u'displayValue': u'534', u'unit': u'mg'}, u'fiber': {u'hasCompleteData': False, u'name': u'Dietary Fiber', u'amount': 4.292405, u'percentDailyValue': u'17', u'displayValue': u'4.3', u'unit': u'g'}, u'magnesium': {u'hasCompleteData': False, u'name': u'Magnesium', u'amount': 36.02253, u'percentDailyValue': u'13', u'displayValue': u'36', u'unit': u'mg'}, u'iron': {u'hasCompleteData': False, u'name': u'Iron', u'amount': 2.54041, u'percentDailyValue': u'25', u'displayValue': u'3', u'unit': u'mg'}, u'cholesterol': {u'hasCompleteData': False, u'name': u'Cholesterol', u'amount': 36.16, u'percentDailyValue': u'12', u'displayValue': u'36', u'unit': u'mg'}, u'protein': {u'hasCompleteData': False, u'name': u'Protein', u'amount': 18.28869, u'percentDailyValue': u'37', u'displayValue': u'18.3', u'unit': u'g'}, u'vitaminA': {u'hasCompleteData': False, u'name': u'Vitamin A - IU', u'amount': 549.3185, u'percentDailyValue': u'11', u'displayValue': u'549', u'unit': u'IU'}, u'potassium': {u'hasCompleteData': False, u'name': u'Potassium', u'amount': 219.4588, u'percentDailyValue': u'6', u'displayValue': u'219', u'unit': u'mg'}, u'saturatedFat': {u'hasCompleteData': False, u'name': u'Saturated Fat', u'amount': 6.606809, u'percentDailyValue': u'33', u'displayValue': u'6.6', u'unit': u'g'}, u'vitaminC': {u'hasCompleteData': False, u'name': u'Vitamin C', u'amount': 3.811639, u'percentDailyValue': u'6', u'displayValue': u'4', u'unit': u'mg'}}
"
229331,Easy Sweet Chili,https://images.media-allrecipes.com/userphotos/250x250/972722.jpg,ground beef^garlic^dried oregano^chili powder^dried basil^light red kidney beans drained and rinsed^dark red kidney beans drained and rinsed^diced tomatoes^corn^white sugar^salt and ground black pepper to taste,"{'directions': u'Prep\n5 m\nCook\n8 h 10 m\nReady In\n8 h 15 m\nCrumble ground beef into a skillet over medium heat. Stir garlic, oregano, chili powder, and basil into the beef; cook and stir until beef is completely browned, 7 to 10 minutes.\nCombine light red kidney beans, dark red kidney beans, diced tomatoes, and corn in crock of a slow cooker. Stir cooked ground beef into the bean mixture.\nCook on Medium-Low for 2 hours. Stir sugar into the chili and continue cooking as long as you can wait, at least 6 hours. Season with salt and black pepper to serve.'}","{u'niacin': {u'hasCompleteData': False, u'name': u'Niacin Equivalents', u'amount': 6.755422, u'percentDailyValue': u'52', u'displayValue': u'7', u'unit': u'mg'}, u'sugars': {u'hasCompleteData': False, u'name': u'Sugars', u'amount': 15.70106, u'percentDailyValue': u'0', u'displayValue': u'15.7', u'unit': u'g'}, u'sodium': {u'hasCompleteData': False, u'name': u'Sodium', u'amount': 1392.495, u'percentDailyValue': u'56', u'displayValue': u'1392', u'unit': u'mg'}, u'carbohydrates': {u'hasCompleteData': False, u'name': u'Carbohydrates', u'amount': 85.25423, u'percentDailyValue': u'28', u'displayValue': u'85.3', u'unit': u'g'}, u'vitaminB6': {u'hasCompleteData': False, u'name': u'Vitamin B6', u'amount': 0.3364876, u'percentDailyValue': u'21', u'displayValue': u'< 1', u'unit': u'mg'}, u'calories': {u'hasCompleteData': False, u'name': u'Calories', u'amount': 566.9196, u'percentDailyValue': u'28', u'displayValue': u'567', u'unit': u'kcal'}, u'thiamin': {u'hasCompleteData': False, u'name': u'Thiamin', u'amount': 0.3742383, u'percentDailyValue': u'37', u'displayValue': u'< 1', u'unit': u'mg'}, u'fat': {u'hasCompleteData': False, u'name': u'Fat', u'amount': 11.8392, u'percentDailyValue': u'18', u'displayValue': u'11.8', u'unit': u'g'}, u'folate': {u'hasCompleteData': False, u'name': u'Folate', u'amount': 72.02083, u'percentDailyValue': u'40', u'displayValue': u'72', u'unit': u'mcg'}, u'caloriesFromFat': {u'hasCompleteData': False, u'name': u'Calories from Fat', u'amount': 106.5528, u'percentDailyValue': u'-', u'displayValue': u'107', u'unit': u'kcal'}, u'calcium': {u'hasCompleteData': False, u'name': u'Calcium', u'amount': 213.3146, u'percentDailyValue': u'27', u'displayValue': u'213', u'unit': u'mg'}, u'fiber': {u'hasCompleteData': False, u'name': u'Dietary Fiber', u'amount': 22.87902, u'percentDailyValue': u'92', u'displayValue': u'22.9', u'unit': u'g'}, u'magnesium': {u'hasCompleteData': False, u'name': u'Magnesium', u'amount': 40.76858, u'percentDailyValue': u'15', u'displayValue': u'41', u'unit': u'mg'}, u'iron': {u'hasCompleteData': False, u'name': u'Iron', u'amount': 11.85029, u'percentDailyValue': u'119', u'displayValue': u'12', u'unit': u'mg'}, u'cholesterol': {u'hasCompleteData': False, u'name': u'Cholesterol', u'amount': 47.30167, u'percentDailyValue': u'16', u'displayValue': u'47', u'unit': u'mg'}, u'protein': {u'hasCompleteData': False, u'name': u'Protein', u'amount': 33.76105, u'percentDailyValue': u'68', u'displayValue': u'33.8', u'unit': u'g'}, u'vitaminA': {u'hasCompleteData': False, u'name': u'Vitamin A - IU', u'amount': 2176.473, u'percentDailyValue': u'44', u'displayValue': u'2176', u'unit': u'IU'}, u'potassium': {u'hasCompleteData': False, u'name': u'Potassium', u'amount': 673.644, u'percentDailyValue': u'19', u'displayValue': u'674', u'unit': u'mg'}, u'saturatedFat': {u'hasCompleteData': False, u'name': u'Saturated Fat', u'amount': 3.89538, u'percentDailyValue': u'19', u'displayValue': u'3.9', u'unit': u'g'}, u'vitaminC': {u'hasCompleteData': False, u'name': u'Vitamin C', u'amount': 18.78985, u'percentDailyValue': u'31', u'displayValue': u'19', u'unit': u'mg'}}
"
53650,Chalau,https://images.media-allrecipes.com/userphotos/250x250/251463.jpg,vegetable oil^large onion^garlic^cubed lamb stew meat^water^salt to taste^freshly ground black pepper to taste^cayenne pepper^ground cumin^chopped fresh spinach^chopped fresh cilantro^cooking oil^uncooked basmati rice^water,"{'directions': u'Prep\n30 m\nCook\n2 h\nReady In\n2 h 30 m\nHeat 1/2 cup of oil in a large heavy skillet over medium-low heat. Add onion, and fry gently until transparent. Increase heat to medium, and add garlic and stew meat. Cook, stirring frequently, until meat is browned on the outside. Pour in the water, and season with salt, pepper, cayenne pepper and cumin. Bring to a simmer, and reduce heat to low. Cover the pan, and continue cooking for 1 1/2 to 2 hours.\nHeat 1/4 cup of oil in a large saucepan over medium-high heat. Add rice, and cook, stirring frequently for 5 minutes. Add 6 cups water, and bring to a boil. Reduce heat to low, and cook loosely covered for about 30 minutes, or until rice is tender.\nAdd spinach and cilantro to the meat mixture, and cook for another 10 to 15 minutes. Mound the rice on a platter, and spoon some of the lamb stew over. Put remaining stew in a separate serving bowl.'}","{u'niacin': {u'hasCompleteData': False, u'name': u'Niacin Equivalents', u'amount': 11.55236, u'percentDailyValue': u'89', u'displayValue': u'12', u'unit': u'mg'}, u'sugars': {u'hasCompleteData': False, u'name': u'Sugars', u'amount': 1.379152, u'percentDailyValue': u'0', u'displayValue': u'1.4', u'unit': u'g'}, u'sodium': {u'hasCompleteData': False, u'name': u'Sodium', u'amount': 87.78134, u'percentDailyValue': u'4', u'displayValue': u'88', u'unit': u'mg'}, u'carbohydrates': {u'hasCompleteData': False, u'name': u'Carbohydrates', u'amount': 76.97083, u'percentDailyValue': u'25', u'displayValue': u'77', u'unit': u'g'}, u'vitaminB6': {u'hasCompleteData': False, u'name': u'Vitamin B6', u'amount': 0.2578279, u'percentDailyValue': u'16', u'displayValue': u'< 1', u'unit': u'mg'}, u'calories': {u'hasCompleteData': False, u'name': u'Calories', u'amount': 740.1524, u'percentDailyValue': u'37', u'displayValue': u'740', u'unit': u'kcal'}, u'thiamin': {u'hasCompleteData': False, u'name': u'Thiamin', u'amount': 0.1746678, u'percentDailyValue': u'17', u'displayValue': u'< 1', u'unit': u'mg'}, u'fat': {u'hasCompleteData': False, u'name': u'Fat', u'amount': 34.55965, u'percentDailyValue': u'53', u'displayValue': u'34.6', u'unit': u'g'}, u'folate': {u'hasCompleteData': False, u'name': u'Folate', u'amount': 60.67067, u'percentDailyValue': u'34', u'displayValue': u'61', u'unit': u'mcg'}, u'caloriesFromFat': {u'hasCompleteData': False, u'name': u'Calories from Fat', u'amount': 311.0369, u'percentDailyValue': u'-', u'displayValue': u'311', u'unit': u'kcal'}, u'calcium': {u'hasCompleteData': False, u'name': u'Calcium', u'amount': 43.02303, u'percentDailyValue': u'5', u'displayValue': u'43', u'unit': u'mg'}, u'fiber': {u'hasCompleteData': False, u'name': u'Dietary Fiber', u'amount': 1.463361, u'percentDailyValue': u'6', u'displayValue': u'1.5', u'unit': u'g'}, u'magnesium': {u'hasCompleteData': False, u'name': u'Magnesium', u'amount': 45.72817, u'percentDailyValue': u'16', u'displayValue': u'46', u'unit': u'mg'}, u'iron': {u'hasCompleteData': False, u'name': u'Iron', u'amount': 3.14935, u'percentDailyValue': u'31', u'displayValue': u'3', u'unit': u'mg'}, u'cholesterol': {u'hasCompleteData': False, u'name': u'Cholesterol', u'amount': 73.71001, u'percentDailyValue': u'25', u'displayValue': u'74', u'unit': u'mg'}, u'protein': {u'hasCompleteData': False, u'name': u'Protein', u'amount': 30.85929, u'percentDailyValue': u'62', u'displayValue': u'30.9', u'unit': u'g'}, u'vitaminA': {u'hasCompleteData': False, u'name': u'Vitamin A - IU', u'amount': 1507.461, u'percentDailyValue': u'30', u'displayValue': u'1507', u'unit': u'IU'}, u'potassium': {u'hasCompleteData': False, u'name': u'Potassium', u'amount': 459.0274, u'percentDailyValue': u'13', u'displayValue': u'459', u'unit': u'mg'}, u'saturatedFat': {u'hasCompleteData': False, u'name': u'Saturated Fat', u'amount': 6.816112, u'percentDailyValue': u'34', u'displayValue': u'6.8', u'unit': u'g'}, u'vitaminC': {u'hasCompleteData': False, u'name': u'Vitamin C', u'amount': 6.969288, u'percentDailyValue': u'12', u'displayValue': u'7', u'unit': u'mg'}}
"
214631,Chicken Salad Fit for a Dragon,https://images.media-allrecipes.com/userphotos/720x405/1031244.jpg,cooked chicken^mayonnaise^large stalk celery^pine nuts^lemon juice^sweet pickle relish^small jalapeno pepper^cracked black pepper,"{'directions': u'Prep\n10 m\nReady In\n30 m\nStir the chicken, mayonnaise, celery, pine nuts, lemon juice, relish, jalapeno pepper, and black pepper together in a mixing bowl until evenly blended. Cover, and refrigerate 20 to 30 minutes to allow the flavors to blend.'}","{u'niacin': {u'hasCompleteData': True, u'name': u'Niacin Equivalents', u'amount': 8.782316, u'percentDailyValue': u'68', u'displayValue': u'9', u'unit': u'mg'}, u'sugars': {u'hasCompleteData': True, u'name': u'Sugars', u'amount': 2.928161, u'percentDailyValue': u'0', u'displayValue': u'2.9', u'unit': u'g'}, u'sodium': {u'hasCompleteData': True, u'name': u'Sodium', u'amount': 262.3291, u'percentDailyValue': u'10', u'displayValue': u'262', u'unit': u'mg'}, u'carbohydrates': {u'hasCompleteData': True, u'name': u'Carbohydrates', u'amount': 6.349959, u'percentDailyValue': u'2', u'displayValue': u'6.3', u'unit': u'g'}, u'vitaminB6': {u'hasCompleteData': True, u'name': u'Vitamin B6', u'amount': 0.3642037, u'percentDailyValue': u'23', u'displayValue': u'< 1', u'unit': u'mg'}, u'calories': {u'hasCompleteData': True, u'name': u'Calories', u'amount': 459.1677, u'percentDailyValue': u'23', u'displayValue': u'459', u'unit': u'kcal'}, u'thiamin': {u'hasCompleteData': True, u'name': u'Thiamin', u'amount': 0.1835717, u'percentDailyValue': u'18', u'displayValue': u'< 1', u'unit': u'mg'}, u'fat': {u'hasCompleteData': True, u'name': u'Fat', u'amount': 39.32287, u'percentDailyValue': u'60', u'displayValue': u'39.3', u'unit': u'g'}, u'folate': {u'hasCompleteData': True, u'name': u'Folate', u'amount': 22.52845, u'percentDailyValue': u'13', u'displayValue': u'23', u'unit': u'mcg'}, u'caloriesFromFat': {u'hasCompleteData': True, u'name': u'Calories from Fat', u'amount': 353.9058, u'percentDailyValue': u'-', u'displayValue': u'354', u'unit': u'kcal'}, u'calcium': {u'hasCompleteData': True, u'name': u'Calcium', u'amount': 23.20066, u'percentDailyValue': u'3', u'displayValue': u'23', u'unit': u'mg'}, u'fiber': {u'hasCompleteData': True, u'name': u'Dietary Fiber', u'amount': 1.190737, u'percentDailyValue': u'5', u'displayValue': u'1.2', u'unit': u'g'}, u'magnesium': {u'hasCompleteData': True, u'name': u'Magnesium', u'amount': 56.3716, u'percentDailyValue': u'20', u'displayValue': u'56', u'unit': u'mg'}, u'iron': {u'hasCompleteData': True, u'name': u'Iron', u'amount': 2.580945, u'percentDailyValue': u'26', u'displayValue': u'3', u'unit': u'mg'}, u'cholesterol': {u'hasCompleteData': True, u'name': u'Cholesterol', u'amount': 65.05, u'percentDailyValue': u'22', u'displayValue': u'65', u'unit': u'mg'}, u'protein': {u'hasCompleteData': True, u'name': u'Protein', u'amount': 21.81063, u'percentDailyValue': u'44', u'displayValue': u'21.8', u'unit': u'g'}, u'vitaminA': {u'hasCompleteData': True, u'name': u'Vitamin A - IU', u'amount': 353.5923, u'percentDailyValue': u'7', u'displayValue': u'354', u'unit': u'IU'}, u'potassium': {u'hasCompleteData': True, u'name': u'Potassium', u'amount': 278.1787, u'percentDailyValue': u'8', u'displayValue': u'278', u'unit': u'mg'}, u'saturatedFat': {u'hasCompleteData': True, u'name': u'Saturated Fat', u'amount': 7.057079, u'percentDailyValue': u'35', u'displayValue': u'7.1', u'unit': u'g'}, u'vitaminC': {u'hasCompleteData': True, u'name': u'Vitamin C', u'amount': 4.183885, u'percentDailyValue': u'7', u'displayValue': u'4', u'unit': u'mg'}}
"
8657,Julie's Chicken Salad,https://images.media-allrecipes.com/userphotos/250x250/908708.jpg,skinless boneless chicken breast halves^raisins^thinly sliced celery^seedless grapes quartered^walnuts toasted and chopped^avocado^tart apple^mayonnaise^fresh lemon juice,"{'directions': u'In a large bowl toss together the chicken, raisins, celery and grapes. Fold in the avocado and the apple. Mix in the mayonnaise and lemon juice. Chill.'}","{u'niacin': {u'hasCompleteData': True, u'name': u'Niacin Equivalents', u'amount': 8.172674, u'percentDailyValue': u'63', u'displayValue': u'8', u'unit': u'mg'}, u'sugars': {u'hasCompleteData': True, u'name': u'Sugars', u'amount': 9.408226, u'percentDailyValue': u'0', u'displayValue': u'9.4', u'unit': u'g'}, u'sodium': {u'hasCompleteData': True, u'name': u'Sodium', u'amount': 184.2999, u'percentDailyValue': u'7', u'displayValue': u'184', u'unit': u'mg'}, u'carbohydrates': {u'hasCompleteData': True, u'name': u'Carbohydrates', u'amount': 14.90427, u'percentDailyValue': u'5', u'displayValue': u'14.9', u'unit': u'g'}, u'vitaminB6': {u'hasCompleteData': True, u'name': u'Vitamin B6', u'amount': 0.445849, u'percentDailyValue': u'28', u'displayValue': u'< 1', u'unit': u'mg'}, u'calories': {u'hasCompleteData': True, u'name': u'Calories', u'amount': 374.8243, u'percentDailyValue': u'19', u'displayValue': u'375', u'unit': u'kcal'}, u'thiamin': {u'hasCompleteData': True, u'name': u'Thiamin', u'amount': 0.1017925, u'percentDailyValue': u'10', u'displayValue': u'< 1', u'unit': u'mg'}, u'fat': {u'hasCompleteData': True, u'name': u'Fat', u'amount': 28.71943, u'percentDailyValue': u'44', u'displayValue': u'28.7', u'unit': u'g'}, u'folate': {u'hasCompleteData': True, u'name': u'Folate', u'amount': 33.63263, u'percentDailyValue': u'19', u'displayValue': u'34', u'unit': u'mcg'}, u'caloriesFromFat': {u'hasCompleteData': True, u'name': u'Calories from Fat', u'amount': 258.4749, u'percentDailyValue': u'-', u'displayValue': u'258', u'unit': u'kcal'}, u'calcium': {u'hasCompleteData': True, u'name': u'Calcium', u'amount': 29.2718, u'percentDailyValue': u'4', u'displayValue': u'29', u'unit': u'mg'}, u'fiber': {u'hasCompleteData': True, u'name': u'Dietary Fiber', u'amount': 2.929501, u'percentDailyValue': u'12', u'displayValue': u'2.9', u'unit': u'g'}, u'magnesium': {u'hasCompleteData': True, u'name': u'Magnesium', u'amount': 35.00805, u'percentDailyValue': u'13', u'displayValue': u'35', u'unit': u'mg'}, u'iron': {u'hasCompleteData': True, u'name': u'Iron', u'amount': 1.045879, u'percentDailyValue': u'10', u'displayValue': u'1', u'unit': u'mg'}, u'cholesterol': {u'hasCompleteData': True, u'name': u'Cholesterol', u'amount': 48.13111, u'percentDailyValue': u'16', u'displayValue': u'48', u'unit': u'mg'}, u'protein': {u'hasCompleteData': True, u'name': u'Protein', u'amount': 16.77024, u'percentDailyValue': u'34', u'displayValue': u'16.8', u'unit': u'g'}, u'vitaminA': {u'hasCompleteData': True, u'name': u'Vitamin A - IU', u'amount': 189.9683, u'percentDailyValue': u'4', u'displayValue': u'190', u'unit': u'IU'}, u'potassium': {u'hasCompleteData': True, u'name': u'Potassium', u'amount': 371.7977, u'percentDailyValue': u'10', u'displayValue': u'372', u'unit': u'mg'}, u'saturatedFat': {u'hasCompleteData': True, u'name': u'Saturated Fat', u'amount': 4.256972, u'percentDailyValue': u'21', u'displayValue': u'4.3', u'unit': u'g'}, u'vitaminC': {u'hasCompleteData': True, u'name': u'Vitamin C', u'amount': 5.338639, u'percentDailyValue': u'9', u'displayValue': u'5', u'unit': u'mg'}}
"
216704,Kielbasa for the Big Game,https://images.media-allrecipes.com/userphotos/720x405/3825607.jpg,kielbasa (Polish) sausage (such as Hillshire Farm®)^grape jelly^bottles barbeque sauce,"{'directions': u'Prep\n10 m\nCook\n2 h\nReady In\n2 h 10 m\nPlace the kielbasa into a slow cooker. Add the grape jelly and barbeque sauce.\nCook on Medium until hot, about 2 hours.'}","{u'niacin': {u'hasCompleteData': False, u'name': u'Niacin Equivalents', u'amount': 3.296115, u'percentDailyValue': u'25', u'displayValue': u'3', u'unit': u'mg'}, u'sugars': {u'hasCompleteData': True, u'name': u'Sugars', u'amount': 18.5669, u'percentDailyValue': u'0', u'displayValue': u'18.6', u'unit': u'g'}, u'sodium': {u'hasCompleteData': True, u'name': u'Sodium', u'amount': 865.505, u'percentDailyValue': u'35', u'displayValue': u'866', u'unit': u'mg'}, u'carbohydrates': {u'hasCompleteData': True, u'name': u'Carbohydrates', u'amount': 23.25093, u'percentDailyValue': u'8', u'displayValue': u'23.3', u'unit': u'g'}, u'vitaminB6': {u'hasCompleteData': False, u'name': u'Vitamin B6', u'amount': 0.117335, u'percentDailyValue': u'7', u'displayValue': u'< 1', u'unit': u'mg'}, u'calories': {u'hasCompleteData': True, u'name': u'Calories', u'amount': 261.9825, u'percentDailyValue': u'13', u'displayValue': u'262', u'unit': u'kcal'}, u'thiamin': {u'hasCompleteData': False, u'name': u'Thiamin', u'amount': 0.13884, u'percentDailyValue': u'14', u'displayValue': u'< 1', u'unit': u'mg'}, u'fat': {u'hasCompleteData': True, u'name': u'Fat', u'amount': 15.57843, u'percentDailyValue': u'24', u'displayValue': u'15.6', u'unit': u'g'}, u'folate': {u'hasCompleteData': False, u'name': u'Folate', u'amount': 1.1975, u'percentDailyValue': u'< 1', u'displayValue': u'1', u'unit': u'mcg'}, u'caloriesFromFat': {u'hasCompleteData': True, u'name': u'Calories from Fat', u'amount': 140.2058, u'percentDailyValue': u'-', u'displayValue': u'140', u'unit': u'kcal'}, u'calcium': {u'hasCompleteData': True, u'name': u'Calcium', u'amount': 13.4275, u'percentDailyValue': u'2', u'displayValue': u'13', u'unit': u'mg'}, u'fiber': {u'hasCompleteData': True, u'name': u'Dietary Fiber', u'amount': 0.189, u'percentDailyValue': u'< 1', u'displayValue': u'0.2', u'unit': u'g'}, u'magnesium': {u'hasCompleteData': False, u'name': u'Magnesium', u'amount': 11.1575, u'percentDailyValue': u'4', u'displayValue': u'11', u'unit': u'mg'}, u'iron': {u'hasCompleteData': True, u'name': u'Iron', u'amount': 0.5315, u'percentDailyValue': u'5', u'displayValue': u'< 1', u'unit': u'mg'}, u'cholesterol': {u'hasCompleteData': True, u'name': u'Cholesterol', u'amount': 37.455, u'percentDailyValue': u'12', u'displayValue': u'37', u'unit': u'mg'}, u'protein': {u'hasCompleteData': True, u'name': u'Protein', u'amount': 6.940525, u'percentDailyValue': u'14', u'displayValue': u'6.9', u'unit': u'g'}, u'vitaminA': {u'hasCompleteData': True, u'name': u'Vitamin A - IU', u'amount': 74.02499, u'percentDailyValue': u'1', u'displayValue': u'74', u'unit': u'IU'}, u'potassium': {u'hasCompleteData': False, u'name': u'Potassium', u'amount': 235.77, u'percentDailyValue': u'7', u'displayValue': u'236', u'unit': u'mg'}, u'saturatedFat': {u'hasCompleteData': True, u'name': u'Saturated Fat', u'amount': 5.239727, u'percentDailyValue': u'26', u'displayValue': u'5.2', u'unit': u'g'}, u'vitaminC': {u'hasCompleteData': True, u'name': u'Vitamin C', u'amount': 0.2205, u'percentDailyValue': u'< 1', u'displayValue': u'< 1', u'unit': u'mg'}}
"
236517,Jalapeno Bacon Cheddar Deviled Eggs,https://images.media-allrecipes.com/userphotos/720x405/1103563.jpg,eggs^bacon^jalapeno peppers^finely shredded sharp Cheddar cheese^mayonnaise^red onion^spicy brown mustard^paprika,"{'directions': u'Prep\n20 m\nCook\n25 m\nReady In\n1 h\nPlace eggs in a saucepan; cover with water. Bring to a boil, remove from heat, and let eggs stand in hot water for 15 minutes. Remove eggs from hot water, cool under cold running water, and peel.\nPlace bacon in a large skillet; cook over medium-high heat, turning occasionally, until evenly browned, about 10 minutes. Drain bacon on paper towels; crumble when cool enough to handle.\nRemove seeds and stems from jalapenos; mince 1 pepper and slice remaining peppers into very thin strips; set aside.\nCut eggs in half lengthwise; place yolks in a bowl. Mash egg yolks with a fork; stir in minced jalapeno, Cheddar cheese, mayonnaise, red onion, and mustard.\nPlace egg whites cut-side up on a serving platter. Spoon yolk mixture into egg white halves; sprinkle with crumbled bacon and paprika.'}","{u'niacin': {u'hasCompleteData': True, u'name': u'Niacin Equivalents', u'amount': 1.232666, u'percentDailyValue': u'9', u'displayValue': u'1', u'unit': u'mg'}, u'sugars': {u'hasCompleteData': False, u'name': u'Sugars', u'amount': 0.3599429, u'percentDailyValue': u'0', u'displayValue': u'0.4', u'unit': u'g'}, u'sodium': {u'hasCompleteData': True, u'name': u'Sodium', u'amount': 132.5232, u'percentDailyValue': u'5', u'displayValue': u'133', u'unit': u'mg'}, u'carbohydrates': {u'hasCompleteData': True, u'name': u'Carbohydrates', u'amount': 0.669966, u'percentDailyValue': u'< 1', u'displayValue': u'0.7', u'unit': u'g'}, u'vitaminB6': {u'hasCompleteData': False, u'name': u'Vitamin B6', u'amount': 0.07403973, u'percentDailyValue': u'5', u'displayValue': u'< 1', u'unit': u'mg'}, u'calories': {u'hasCompleteData': True, u'name': u'Calories', u'amount': 87.01025, u'percentDailyValue': u'4', u'displayValue': u'87', u'unit': u'kcal'}, u'thiamin': {u'hasCompleteData': False, u'name': u'Thiamin', u'amount': 0.02994, u'percentDailyValue': u'3', u'displayValue': u'< 1', u'unit': u'mg'}, u'fat': {u'hasCompleteData': True, u'name': u'Fat', u'amount': 7.193333, u'percentDailyValue': u'11', u'displayValue': u'7.2', u'unit': u'g'}, u'folate': {u'hasCompleteData': False, u'name': u'Folate', u'amount': 13.86465, u'percentDailyValue': u'8', u'displayValue': u'14', u'unit': u'mcg'}, u'caloriesFromFat': {u'hasCompleteData': True, u'name': u'Calories from Fat', u'amount': 64.73999, u'percentDailyValue': u'-', u'displayValue': u'65', u'unit': u'kcal'}, u'calcium': {u'hasCompleteData': True, u'name': u'Calcium', u'amount': 49.62535, u'percentDailyValue': u'6', u'displayValue': u'50', u'unit': u'mg'}, u'fiber': {u'hasCompleteData': False, u'name': u'Dietary Fiber', u'amount': 0.08124461, u'percentDailyValue': u'< 1', u'displayValue': u'0.1', u'unit': u'g'}, u'magnesium': {u'hasCompleteData': False, u'name': u'Magnesium', u'amount': 5.368056, u'percentDailyValue': u'2', u'displayValue': u'5', u'unit': u'mg'}, u'iron': {u'hasCompleteData': True, u'name': u'Iron', u'amount': 0.5646368, u'percentDailyValue': u'6', u'displayValue': u'< 1', u'unit': u'mg'}, u'cholesterol': {u'hasCompleteData': True, u'name': u'Cholesterol', u'amount': 100.7549, u'percentDailyValue': u'34', u'displayValue': u'101', u'unit': u'mg'}, u'protein': {u'hasCompleteData': True, u'name': u'Protein', u'amount': 5.01599, u'percentDailyValue': u'10', u'displayValue': u'5', u'unit': u'g'}, u'vitaminA': {u'hasCompleteData': True, u'name': u'Vitamin A - IU', u'amount': 214.0164, u'percentDailyValue': u'4', u'displayValue': u'214', u'unit': u'IU'}, u'potassium': {u'hasCompleteData': True, u'name': u'Potassium', u'amount': 54.97937, u'percentDailyValue': u'2', u'displayValue': u'55', u'unit': u'mg'}, u'saturatedFat': {u'hasCompleteData': True, u'name': u'Saturated Fat', u'amount': 2.351907, u'percentDailyValue': u'12', u'displayValue': u'2.4', u'unit': u'g'}, u'vitaminC': {u'hasCompleteData': True, u'name': u'Vitamin C', u'amount': 0.8896667, u'percentDailyValue': u'1', u'displayValue': u'< 1', u'unit': u'mg'}}
"
8733,Italian Chicken with Garlic and Lemon,https://images.media-allrecipes.com/userphotos/720x405/6951.jpg,chicken thighs^large potatoes^vegetable oil^wine vinegar^lemons juiced^crushed garlic^dried oregano^dried parsley^onion^salt and pepper to taste,"{'directions': u'Prep\n15 m\nCook\n1 h 15 m\nReady In\n1 h 30 m\nPreheat the oven to 350 degrees F (175 degrees C).\nArrange the chicken pieces in a 10x15-inch enameled roasting pan. In a large skillet over medium high heat, fry the potatoes in 1/2-inch-deep oil until golden brown, then put them in the pan with the chicken.\nCombine the vinegar, lemon juice, garlic, oregano, parsley, onion, salt and pepper with the 1/2 cup reserved frying oil and pour this mixture over the chicken and potatoes.\nBake in the preheated oven for 1 1/4 hours, basting the chicken and potatoes with the sauce mixture. Let rest for 5 minutes and serve hot.'}","{u'niacin': {u'hasCompleteData': False, u'name': u'Niacin Equivalents', u'amount': 9.687373, u'percentDailyValue': u'75', u'displayValue': u'10', u'unit': u'mg'}, u'sugars': {u'hasCompleteData': False, u'name': u'Sugars', u'amount': 2.542552, u'percentDailyValue': u'0', u'displayValue': u'2.5', u'unit': u'g'}, u'sodium': {u'hasCompleteData': True, u'name': u'Sodium', u'amount': 63.61221, u'percentDailyValue': u'3', u'displayValue': u'64', u'unit': u'mg'}, u'carbohydrates': {u'hasCompleteData': True, u'name': u'Carbohydrates', u'amount': 33.27886, u'percentDailyValue': u'11', u'displayValue': u'33.3', u'unit': u'g'}, u'vitaminB6': {u'hasCompleteData': False, u'name': u'Vitamin B6', u'amount': 0.6804513, u'percentDailyValue': u'43', u'displayValue': u'< 1', u'unit': u'mg'}, u'calories': {u'hasCompleteData': True, u'name': u'Calories', u'amount': 275.2208, u'percentDailyValue': u'14', u'displayValue': u'275', u'unit': u'kcal'}, u'thiamin': {u'hasCompleteData': False, u'name': u'Thiamin', u'amount': 0.2068911, u'percentDailyValue': u'21', u'displayValue': u'< 1', u'unit': u'mg'}, u'fat': {u'hasCompleteData': True, u'name': u'Fat', u'amount': 8.434399, u'percentDailyValue': u'13', u'displayValue': u'8.4', u'unit': u'g'}, u'folate': {u'hasCompleteData': False, u'name': u'Folate', u'amount': 22.34107, u'percentDailyValue': u'12', u'displayValue': u'22', u'unit': u'mcg'}, u'caloriesFromFat': {u'hasCompleteData': True, u'name': u'Calories from Fat', u'amount': 75.90959, u'percentDailyValue': u'-', u'displayValue': u'76', u'unit': u'kcal'}, u'calcium': {u'hasCompleteData': True, u'name': u'Calcium', u'amount': 53.59444, u'percentDailyValue': u'7', u'displayValue': u'54', u'unit': u'mg'}, u'fiber': {u'hasCompleteData': True, u'name': u'Dietary Fiber', u'amount': 4.089269, u'percentDailyValue': u'16', u'displayValue': u'4.1', u'unit': u'g'}, u'magnesium': {u'hasCompleteData': False, u'name': u'Magnesium', u'amount': 54.25306, u'percentDailyValue': u'19', u'displayValue': u'54', u'unit': u'mg'}, u'iron': {u'hasCompleteData': True, u'name': u'Iron', u'amount': 2.05523, u'percentDailyValue': u'21', u'displayValue': u'2', u'unit': u'mg'}, u'cholesterol': {u'hasCompleteData': True, u'name': u'Cholesterol', u'amount': 58.01333, u'percentDailyValue': u'19', u'displayValue': u'58', u'unit': u'mg'}, u'protein': {u'hasCompleteData': True, u'name': u'Protein', u'amount': 19.10322, u'percentDailyValue': u'38', u'displayValue': u'19.1', u'unit': u'g'}, u'vitaminA': {u'hasCompleteData': True, u'name': u'Vitamin A - IU', u'amount': 110.9317, u'percentDailyValue': u'2', u'displayValue': u'111', u'unit': u'IU'}, u'potassium': {u'hasCompleteData': False, u'name': u'Potassium', u'amount': 733.2225, u'percentDailyValue': u'21', u'displayValue': u'733', u'unit': u'mg'}, u'saturatedFat': {u'hasCompleteData': False, u'name': u'Saturated Fat', u'amount': 2.104903, u'percentDailyValue': u'11', u'displayValue': u'2.1', u'unit': u'g'}, u'vitaminC': {u'hasCompleteData': True, u'name': u'Vitamin C', u'amount': 45.82075, u'percentDailyValue': u'76', u'displayValue': u'46', u'unit': u'mg'}}
"
214755,Beet Stump Pot,https://images.media-allrecipes.com/userphotos/250x250/423316.jpg,potatoes^butter^salt and pepper to taste^ground beef^onion^sliced beets drained,"{'directions': u'Prep\n10 m\nCook\n40 m\nReady In\n50 m\nPreheat an oven to 350 degrees F (175 degrees C).\nPlace the potatoes into a large pot and cover with salted water. Bring to a boil over high heat, then reduce heat to medium-low, cover, and simmer until tender, about 20 minutes. Drain and allow to steam dry for a minute or two. Return potatoes to the pot. Mash potatoes and butter using a potato masher. Season with salt and pepper.\nHeat a large skillet over medium-high heat and stir in the ground beef. Stir in the onions when the beef begins to brown. Cook and stir until the beef is crumbly, evenly browned, and no longer pink. Drain and discard any excess grease. Stir in the beets and mashed potato, and spread the mixture into a 9x13-inch baking dish.\nBake in the preheated oven until lightly browned on top, about 20 minutes.'}","{u'niacin': {u'hasCompleteData': False, u'name': u'Niacin Equivalents', u'amount': 4.263854, u'percentDailyValue': u'33', u'displayValue': u'4', u'unit': u'mg'}, u'sugars': {u'hasCompleteData': False, u'name': u'Sugars', u'amount': 3.008941, u'percentDailyValue': u'0', u'displayValue': u'3', u'unit': u'g'}, u'sodium': {u'hasCompleteData': False, u'name': u'Sodium', u'amount': 116.6659, u'percentDailyValue': u'5', u'displayValue': u'117', u'unit': u'mg'}, u'carbohydrates': {u'hasCompleteData': False, u'name': u'Carbohydrates', u'amount': 18.91796, u'percentDailyValue': u'6', u'displayValue': u'18.9', u'unit': u'g'}, u'vitaminB6': {u'hasCompleteData': False, u'name': u'Vitamin B6', u'amount': 0.3633684, u'percentDailyValue': u'23', u'displayValue': u'< 1', u'unit': u'mg'}, u'calories': {u'hasCompleteData': False, u'name': u'Calories', u'amount': 176.82, u'percentDailyValue': u'9', u'displayValue': u'177', u'unit': u'kcal'}, u'thiamin': {u'hasCompleteData': False, u'name': u'Thiamin', u'amount': 0.09503791, u'percentDailyValue': u'10', u'displayValue': u'< 1', u'unit': u'mg'}, u'fat': {u'hasCompleteData': False, u'name': u'Fat', u'amount': 7.574943, u'percentDailyValue': u'12', u'displayValue': u'7.6', u'unit': u'g'}, u'folate': {u'hasCompleteData': False, u'name': u'Folate', u'amount': 29.02108, u'percentDailyValue': u'16', u'displayValue': u'29', u'unit': u'mcg'}, u'caloriesFromFat': {u'hasCompleteData': False, u'name': u'Calories from Fat', u'amount': 68.17448, u'percentDailyValue': u'-', u'displayValue': u'68', u'unit': u'kcal'}, u'calcium': {u'hasCompleteData': False, u'name': u'Calcium', u'amount': 21.73596, u'percentDailyValue': u'3', u'displayValue': u'22', u'unit': u'mg'}, u'fiber': {u'hasCompleteData': False, u'name': u'Dietary Fiber', u'amount': 2.737482, u'percentDailyValue': u'11', u'displayValue': u'2.7', u'unit': u'g'}, u'magnesium': {u'hasCompleteData': False, u'name': u'Magnesium', u'amount': 32.57621, u'percentDailyValue': u'12', u'displayValue': u'33', u'unit': u'mg'}, u'iron': {u'hasCompleteData': False, u'name': u'Iron', u'amount': 1.998789, u'percentDailyValue': u'20', u'displayValue': u'2', u'unit': u'mg'}, u'cholesterol': {u'hasCompleteData': False, u'name': u'Cholesterol', u'amount': 31.28333, u'percentDailyValue': u'10', u'displayValue': u'31', u'unit': u'mg'}, u'protein': {u'hasCompleteData': False, u'name': u'Protein', u'amount': 8.615573, u'percentDailyValue': u'17', u'displayValue': u'8.6', u'unit': u'g'}, u'vitaminA': {u'hasCompleteData': False, u'name': u'Vitamin A - IU', u'amount': 99.17783, u'percentDailyValue': u'2', u'displayValue': u'99', u'unit': u'IU'}, u'potassium': {u'hasCompleteData': False, u'name': u'Potassium', u'amount': 516.8928, u'percentDailyValue': u'14', u'displayValue': u'517', u'unit': u'mg'}, u'saturatedFat': {u'hasCompleteData': False, u'name': u'Saturated Fat', u'amount': 3.64966, u'percentDailyValue': u'18', u'displayValue': u'3.6', u'unit': u'g'}, u'vitaminC': {u'hasCompleteData': False, u'name': u'Vitamin C', u'amount': 19.61502, u'percentDailyValue': u'33', u'displayValue': u'20', u'unit': u'mg'}}
"
215053,Puerto Rican Shepherd Pie (Pastelon),https://images.media-allrecipes.com/userphotos/250x250/478848.jpg,onion^green bell pepper^fresh parsley^fresh cilantro^culantro^garlic^water^ground beef^sazon seasoning^ground black pepper to taste^adobo seasoning^olive oil^ripe plantains peeled and cut on the bias^eggs beaten^green beans drained^eggs beaten,"{'directions': u'Prep\n25 m\nCook\n45 m\nReady In\n1 h 10 m\nTo make sofrito: Place the onion, bell pepper, parsley, cilantro, culantro, garlic, and water into a blender. Cover, and puree until smooth. Pour mixture into a bowl; cover and refrigerate until ready to use.\nHeat a large skillet over medium-high heat and stir in the ground beef. Cook and stir until the beef is crumbly, evenly browned, and no longer pink. Stir in 2 tablespoons of sofrito into the beef, then season with sazon, pepper, and adobo. Drain and discard any excess grease; set aside.\nPreheat an oven to 350 degrees F (175 degrees C).\nHeat a skillet over medium heat. Arrange the plantains in the skillet and pan fry until golden and softened, 3 to 5 minutes. Remove from heat. Layer half of the plantains in a deep baking dish, making sure to cover the entire bottom of the dish. Pour 4 beaten eggs over the plantains, then spread the beef on top. Layer the green beans over the beef, then arrange the remaining plantains on top. Pour 4 more beaten eggs evenly over the plantains. Sprinkle the top with adobo seasoning.\nBake in the preheated oven until the eggs are firm, 30 to 45 minutes.'}","{u'niacin': {u'hasCompleteData': False, u'name': u'Niacin Equivalents', u'amount': 7.876125, u'percentDailyValue': u'61', u'displayValue': u'8', u'unit': u'mg'}, u'sugars': {u'hasCompleteData': False, u'name': u'Sugars', u'amount': 28.8835, u'percentDailyValue': u'0', u'displayValue': u'28.9', u'unit': u'g'}, u'sodium': {u'hasCompleteData': True, u'name': u'Sodium', u'amount': 1043.473, u'percentDailyValue': u'42', u'displayValue': u'1043', u'unit': u'mg'}, u'carbohydrates': {u'hasCompleteData': True, u'name': u'Carbohydrates', u'amount': 63.84528, u'percentDailyValue': u'21', u'displayValue': u'63.8', u'unit': u'g'}, u'vitaminB6': {u'hasCompleteData': False, u'name': u'Vitamin B6', u'amount': 0.8236787, u'percentDailyValue': u'51', u'displayValue': u'< 1', u'unit': u'mg'}, u'calories': {u'hasCompleteData': True, u'name': u'Calories', u'amount': 439.2237, u'percentDailyValue': u'22', u'displayValue': u'439', u'unit': u'kcal'}, u'thiamin': {u'hasCompleteData': False, u'name': u'Thiamin', u'amount': 0.18152, u'percentDailyValue': u'18', u'displayValue': u'< 1', u'unit': u'mg'}, u'fat': {u'hasCompleteData': True, u'name': u'Fat', u'amount': 14.42522, u'percentDailyValue': u'22', u'displayValue': u'14.4', u'unit': u'g'}, u'folate': {u'hasCompleteData': False, u'name': u'Folate', u'amount': 111.7712, u'percentDailyValue': u'62', u'displayValue': u'112', u'unit': u'mcg'}, u'caloriesFromFat': {u'hasCompleteData': True, u'name': u'Calories from Fat', u'amount': 129.827, u'percentDailyValue': u'-', u'displayValue': u'130', u'unit': u'kcal'}, u'calcium': {u'hasCompleteData': False, u'name': u'Calcium', u'amount': 82.05732, u'percentDailyValue': u'10', u'displayValue': u'82', u'unit': u'mg'}, u'fiber': {u'hasCompleteData': True, u'name': u'Dietary Fiber', u'amount': 6.847875, u'percentDailyValue': u'27', u'displayValue': u'6.8', u'unit': u'g'}, u'magnesium': {u'hasCompleteData': False, u'name': u'Magnesium', u'amount': 99.58472, u'percentDailyValue': u'36', u'displayValue': u'100', u'unit': u'mg'}, u'iron': {u'hasCompleteData': False, u'name': u'Iron', u'amount': 4.415163, u'percentDailyValue': u'44', u'displayValue': u'4', u'unit': u'mg'}, u'cholesterol': {u'hasCompleteData': True, u'name': u'Cholesterol', u'amount': 221.4763, u'percentDailyValue': u'74', u'displayValue': u'221', u'unit': u'mg'}, u'protein': {u'hasCompleteData': True, u'name': u'Protein', u'amount': 19.84509, u'percentDailyValue': u'40', u'displayValue': u'19.8', u'unit': u'g'}, u'vitaminA': {u'hasCompleteData': False, u'name': u'Vitamin A - IU', u'amount': 4125.585, u'percentDailyValue': u'83', u'displayValue': u'4126', u'unit': u'IU'}, u'potassium': {u'hasCompleteData': False, u'name': u'Potassium', u'amount': 1316.419, u'percentDailyValue': u'37', u'displayValue': u'1316', u'unit': u'mg'}, u'saturatedFat': {u'hasCompleteData': True, u'name': u'Saturated Fat', u'amount': 4.773202, u'percentDailyValue': u'24', u'displayValue': u'4.8', u'unit': u'g'}, u'vitaminC': {u'hasCompleteData': False, u'name': u'Vitamin C', u'amount': 62.87601, u'percentDailyValue': u'105', u'displayValue': u'63', u'unit': u'mg'}}
"
9035,Becki's Oven Barbecue Chicken,https://images.media-allrecipes.com/userphotos/720x405/3598488.jpg,chicken wings^butter^onion powder^brown sugar^Worcestershire sauce^ketchup^water^prepared mustard,"{'directions': u'Preheat oven to 425 degrees F (220 degrees C).\nIn a small saucepan, melt butter or margarine. Add onion powder, sugar, Worcestershire sauce and mustard; mix well. Dilute ketchup with water and add to saucepan mixture. Let simmer for 15 minutes.\nPlace chicken wings in a 9x13 inch baking dish. Pour saucepan mixture over chicken. Bake, uncovered, in the preheated oven for about 45 minutes.'}","{u'niacin': {u'hasCompleteData': True, u'name': u'Niacin Equivalents', u'amount': 9.945586, u'percentDailyValue': u'77', u'displayValue': u'10', u'unit': u'mg'}, u'sugars': {u'hasCompleteData': True, u'name': u'Sugars', u'amount': 25.29498, u'percentDailyValue': u'0', u'displayValue': u'25.3', u'unit': u'g'}, u'sodium': {u'hasCompleteData': True, u'name': u'Sodium', u'amount': 797.1874, u'percentDailyValue': u'32', u'displayValue': u'797', u'unit': u'mg'}, u'carbohydrates': {u'hasCompleteData': True, u'name': u'Carbohydrates', u'amount': 28.08695, u'percentDailyValue': u'9', u'displayValue': u'28.1', u'unit': u'g'}, u'vitaminB6': {u'hasCompleteData': True, u'name': u'Vitamin B6', u'amount': 0.4400191, u'percentDailyValue': u'28', u'displayValue': u'< 1', u'unit': u'mg'}, u'calories': {u'hasCompleteData': True, u'name': u'Calories', u'amount': 390.715, u'percentDailyValue': u'20', u'displayValue': u'391', u'unit': u'kcal'}, u'thiamin': {u'hasCompleteData': False, u'name': u'Thiamin', u'amount': 0.09985084, u'percentDailyValue': u'10', u'displayValue': u'< 1', u'unit': u'mg'}, u'fat': {u'hasCompleteData': True, u'name': u'Fat', u'amount': 22.97093, u'percentDailyValue': u'35', u'displayValue': u'23', u'unit': u'g'}, u'folate': {u'hasCompleteData': True, u'name': u'Folate', u'amount': 12.245, u'percentDailyValue': u'7', u'displayValue': u'12', u'unit': u'mcg'}, u'caloriesFromFat': {u'hasCompleteData': True, u'name': u'Calories from Fat', u'amount': 206.7384, u'percentDailyValue': u'-', u'displayValue': u'207', u'unit': u'kcal'}, u'calcium': {u'hasCompleteData': True, u'name': u'Calcium', u'amount': 49.98957, u'percentDailyValue': u'6', u'displayValue': u'50', u'unit': u'mg'}, u'fiber': {u'hasCompleteData': True, u'name': u'Dietary Fiber', u'amount': 0.4216242, u'percentDailyValue': u'2', u'displayValue': u'0.4', u'unit': u'g'}, u'magnesium': {u'hasCompleteData': True, u'name': u'Magnesium', u'amount': 33.88057, u'percentDailyValue': u'12', u'displayValue': u'34', u'unit': u'mg'}, u'iron': {u'hasCompleteData': True, u'name': u'Iron', u'amount': 1.760647, u'percentDailyValue': u'18', u'displayValue': u'2', u'unit': u'mg'}, u'cholesterol': {u'hasCompleteData': True, u'name': u'Cholesterol', u'amount': 93.778, u'percentDailyValue': u'31', u'displayValue': u'94', u'unit': u'mg'}, u'protein': {u'hasCompleteData': True, u'name': u'Protein', u'amount': 19.28838, u'percentDailyValue': u'39', u'displayValue': u'19.3', u'unit': u'g'}, u'vitaminA': {u'hasCompleteData': True, u'name': u'Vitamin A - IU', u'amount': 814.5657, u'percentDailyValue': u'16', u'displayValue': u'815', u'unit': u'IU'}, u'potassium': {u'hasCompleteData': True, u'name': u'Potassium', u'amount': 431.7376, u'percentDailyValue': u'12', u'displayValue': u'432', u'unit': u'mg'}, u'saturatedFat': {u'hasCompleteData': True, u'name': u'Saturated Fat', u'amount': 8.805267, u'percentDailyValue': u'44', u'displayValue': u'8.8', u'unit': u'g'}, u'vitaminC': {u'hasCompleteData': True, u'name': u'Vitamin C', u'amount': 9.101612, u'percentDailyValue': u'15', u'displayValue': u'9', u'unit': u'mg'}}
"
237375,Paleo Broccoli Rabe and Sausage,https://images.media-allrecipes.com/userphotos/720x405/2381782.jpg,olive oil^links Italian sausage^large cloves garlic^bunches broccoli rabe trimmed^lemon zest^ground red pepper^sea salt to taste^lemon,"{'directions': u'Prep\n10 m\nCook\n20 m\nReady In\n30 m\nCoat the bottom of a skillet with a thin layer of olive oil; heat over medium heat. Cook and stir sausage slices in skillet until browned, 3 to 5 minutes; add garlic and continue cooking until fragrant, about 1 minute more.\nAdd broccoli rabe to the skillet; season with lemon zest, red pepper, and sea salt. Drizzle olive oil over the broccoli rabe and toss to coat. Cook, stirring occasionally, until the broccoli rabe is completely wilted, about 15 minutes. Squeeze lemon half over the sausage and broccoli rabe mixture.'}","{u'niacin': {u'hasCompleteData': False, u'name': u'Niacin Equivalents', u'amount': 8.704859, u'percentDailyValue': u'67', u'displayValue': u'9', u'unit': u'mg'}, u'sugars': {u'hasCompleteData': True, u'name': u'Sugars', u'amount': 4.081264, u'percentDailyValue': u'0', u'displayValue': u'4.1', u'unit': u'g'}, u'sodium': {u'hasCompleteData': True, u'name': u'Sodium', u'amount': 1742.912, u'percentDailyValue': u'70', u'displayValue': u'1743', u'unit': u'mg'}, u'carbohydrates': {u'hasCompleteData': True, u'name': u'Carbohydrates', u'amount': 18.72543, u'percentDailyValue': u'6', u'displayValue': u'18.7', u'unit': u'g'}, u'vitaminB6': {u'hasCompleteData': False, u'name': u'Vitamin B6', u'amount': 0.484195, u'percentDailyValue': u'30', u'displayValue': u'< 1', u'unit': u'mg'}, u'calories': {u'hasCompleteData': True, u'name': u'Calories', u'amount': 688.0653, u'percentDailyValue': u'34', u'displayValue': u'688', u'unit': u'kcal'}, u'thiamin': {u'hasCompleteData': False, u'name': u'Thiamin', u'amount': 0.7956055, u'percentDailyValue': u'80', u'displayValue': u'< 1', u'unit': u'mg'}, u'fat': {u'hasCompleteData': True, u'name': u'Fat', u'amount': 54.56651, u'percentDailyValue': u'84', u'displayValue': u'54.6', u'unit': u'g'}, u'folate': {u'hasCompleteData': False, u'name': u'Folate', u'amount': 8.001625, u'percentDailyValue': u'4', u'displayValue': u'8', u'unit': u'mcg'}, u'caloriesFromFat': {u'hasCompleteData': True, u'name': u'Calories from Fat', u'amount': 491.0985, u'percentDailyValue': u'-', u'displayValue': u'491', u'unit': u'kcal'}, u'calcium': {u'hasCompleteData': True, u'name': u'Calcium', u'amount': 143.4475, u'percentDailyValue': u'18', u'displayValue': u'143', u'unit': u'mg'}, u'fiber': {u'hasCompleteData': True, u'name': u'Dietary Fiber', u'amount': 6.438325, u'percentDailyValue': u'26', u'displayValue': u'6.4', u'unit': u'g'}, u'magnesium': {u'hasCompleteData': False, u'name': u'Magnesium', u'amount': 27.17637, u'percentDailyValue': u'10', u'displayValue': u'27', u'unit': u'mg'}, u'iron': {u'hasCompleteData': True, u'name': u'Iron', u'amount': 5.826418, u'percentDailyValue': u'58', u'displayValue': u'6', u'unit': u'mg'}, u'cholesterol': {u'hasCompleteData': True, u'name': u'Cholesterol', u'amount': 71.535, u'percentDailyValue': u'24', u'displayValue': u'72', u'unit': u'mg'}, u'protein': {u'hasCompleteData': True, u'name': u'Protein', u'amount': 32.37635, u'percentDailyValue': u'65', u'displayValue': u'32.4', u'unit': u'g'}, u'vitaminA': {u'hasCompleteData': True, u'name': u'Vitamin A - IU', u'amount': 14764.1, u'percentDailyValue': u'295', u'displayValue': u'14764', u'unit': u'IU'}, u'potassium': {u'hasCompleteData': False, u'name': u'Potassium', u'amount': 419.1365, u'percentDailyValue': u'12', u'displayValue': u'419', u'unit': u'mg'}, u'saturatedFat': {u'hasCompleteData': True, u'name': u'Saturated Fat', u'amount': 14.77028, u'percentDailyValue': u'74', u'displayValue': u'14.8', u'unit': u'g'}, u'vitaminC': {u'hasCompleteData': True, u'name': u'Vitamin C', u'amount': 215.2009, u'percentDailyValue': u'359', u'displayValue': u'215', u'unit': u'mg'}}
"
31870,Beef Potato House Pie Casserole,https://images.media-allrecipes.com/userphotos/720x405/3120332.jpg,large potatoes^milk^butter^ground beef^onion^green bell pepper^salt and pepper to taste^processed American cheese,"{'directions': u'Prep\n20 m\nCook\n40 m\nReady In\n1 h\nPreheat oven to 375 degrees F (190 degrees C). Bring a large pot of salted water to a boil. Add potatoes and cook until tender but still firm, about 15 minutes. Drain, then mash with milk and butter until smooth.\nIn a large, deep skillet over medium high heat, combine ground beef, onion and green pepper. Cook until beef is evenly brown. Drain excess fat. Season with salt and pepper.\nIn a deep casserole dish, spoon a layer of beef mixture. Spread a layer of mashed potato over the beef. Continue alternating layers until the dish is full. Top with cheese.\nBake in preheated oven for 20 minutes.'}","{u'niacin': {u'hasCompleteData': True, u'name': u'Niacin Equivalents', u'amount': 15.08074, u'percentDailyValue': u'116', u'displayValue': u'15', u'unit': u'mg'}, u'sugars': {u'hasCompleteData': True, u'name': u'Sugars', u'amount': 3.95728, u'percentDailyValue': u'0', u'displayValue': u'4', u'unit': u'g'}, u'sodium': {u'hasCompleteData': True, u'name': u'Sodium', u'amount': 538.4017, u'percentDailyValue': u'22', u'displayValue': u'538', u'unit': u'mg'}, u'carbohydrates': {u'hasCompleteData': True, u'name': u'Carbohydrates', u'amount': 51.4865, u'percentDailyValue': u'17', u'displayValue': u'51.5', u'unit': u'g'}, u'vitaminB6': {u'hasCompleteData': True, u'name': u'Vitamin B6', u'amount': 1.164414, u'percentDailyValue': u'73', u'displayValue': u'1', u'unit': u'mg'}, u'calories': {u'hasCompleteData': True, u'name': u'Calories', u'amount': 711.501, u'percentDailyValue': u'36', u'displayValue': u'712', u'unit': u'kcal'}, u'thiamin': {u'hasCompleteData': True, u'name': u'Thiamin', u'amount': 0.3159475, u'percentDailyValue': u'32', u'displayValue': u'< 1', u'unit': u'mg'}, u'fat': {u'hasCompleteData': True, u'name': u'Fat', u'amount': 42.35219, u'percentDailyValue': u'65', u'displayValue': u'42.4', u'unit': u'g'}, u'folate': {u'hasCompleteData': True, u'name': u'Folate', u'amount': 59.434, u'percentDailyValue': u'33', u'displayValue': u'59', u'unit': u'mcg'}, u'caloriesFromFat': {u'hasCompleteData': True, u'name': u'Calories from Fat', u'amount': 381.1697, u'percentDailyValue': u'-', u'displayValue': u'381', u'unit': u'kcal'}, u'calcium': {u'hasCompleteData': True, u'name': u'Calcium', u'amount': 220.1945, u'percentDailyValue': u'28', u'displayValue': u'220', u'unit': u'mg'}, u'fiber': {u'hasCompleteData': True, u'name': u'Dietary Fiber', u'amount': 6.575125, u'percentDailyValue': u'26', u'displayValue': u'6.6', u'unit': u'g'}, u'magnesium': {u'hasCompleteData': True, u'name': u'Magnesium', u'amount': 93.9835, u'percentDailyValue': u'34', u'displayValue': u'94', u'unit': u'mg'}, u'iron': {u'hasCompleteData': True, u'name': u'Iron', u'amount': 4.260135, u'percentDailyValue': u'43', u'displayValue': u'4', u'unit': u'mg'}, u'cholesterol': {u'hasCompleteData': True, u'name': u'Cholesterol', u'amount': 131.6475, u'percentDailyValue': u'44', u'displayValue': u'132', u'unit': u'mg'}, u'protein': {u'hasCompleteData': True, u'name': u'Protein', u'amount': 31.46865, u'percentDailyValue': u'63', u'displayValue': u'31.5', u'unit': u'g'}, u'vitaminA': {u'hasCompleteData': True, u'name': u'Vitamin A - IU', u'amount': 447.4645, u'percentDailyValue': u'9', u'displayValue': u'447', u'unit': u'IU'}, u'potassium': {u'hasCompleteData': True, u'name': u'Potassium', u'amount': 1541.051, u'percentDailyValue': u'43', u'displayValue': u'1541', u'unit': u'mg'}, u'saturatedFat': {u'hasCompleteData': True, u'name': u'Saturated Fat', u'amount': 19.85123, u'percentDailyValue': u'99', u'displayValue': u'19.9', u'unit': u'g'}, u'vitaminC': {u'hasCompleteData': True, u'name': u'Vitamin C', u'amount': 67.52725, u'percentDailyValue': u'113', u'displayValue': u'68', u'unit': u'mg'}}
"
12414,Steak and Kidney Pie I,https://images.media-allrecipes.com/userphotos/250x250/931864.jpg,beef tenderloin^beef kidney^all-purpose flour for rolling^water to cover^all-purpose flour^to taste salt and pepper to taste^frozen puff pastry thawed,"{'directions': u'Prep\n30 m\nCook\n1 h 30 m\nReady In\n2 h\nCut meat into 1 inch cubes, and roll in seasoned flour. Place meat in a saucepan, and add enough water to cover. Cook until meat is tender, about 3 hours. Remove the meat, leaving the liquid in the pan.\nThicken gravy with 1 tablespoon flour, and season with salt and pepper to taste. Return meat to the pan. Spoon into a pie dish. Allow to cool.\nTake a small portion of the pastry, and roll into 1 inch wide strips. Moisten the edges of the pie dish, and press pastry around the rim. Roll out the rest of the pastry to size of the dish. Moisten the strip pastry, and cover with pastry.\nBake at 450 degrees F (230 degrees C) for 15 to 20 minutes, or until nicely browned.'}","{u'niacin': {u'hasCompleteData': False, u'name': u'Niacin Equivalents', u'amount': 13.9991, u'percentDailyValue': u'108', u'displayValue': u'14', u'unit': u'mg'}, u'sugars': {u'hasCompleteData': False, u'name': u'Sugars', u'amount': 0.4980742, u'percentDailyValue': u'0', u'displayValue': u'0.5', u'unit': u'g'}, u'sodium': {u'hasCompleteData': False, u'name': u'Sodium', u'amount': 342.7904, u'percentDailyValue': u'14', u'displayValue': u'343', u'unit': u'mg'}, u'carbohydrates': {u'hasCompleteData': False, u'name': u'Carbohydrates', u'amount': 40.4548, u'percentDailyValue': u'13', u'displayValue': u'40.5', u'unit': u'g'}, u'vitaminB6': {u'hasCompleteData': False, u'name': u'Vitamin B6', u'amount': 0.481161, u'percentDailyValue': u'30', u'displayValue': u'< 1', u'unit': u'mg'}, u'calories': {u'hasCompleteData': False, u'name': u'Calories', u'amount': 570.4147, u'percentDailyValue': u'29', u'displayValue': u'570', u'unit': u'kcal'}, u'thiamin': {u'hasCompleteData': False, u'name': u'Thiamin', u'amount': 0.618791, u'percentDailyValue': u'62', u'displayValue': u'< 1', u'unit': u'mg'}, u'fat': {u'hasCompleteData': False, u'name': u'Fat', u'amount': 33.94697, u'percentDailyValue': u'52', u'displayValue': u'33.9', u'unit': u'g'}, u'folate': {u'hasCompleteData': False, u'name': u'Folate', u'amount': 135.8709, u'percentDailyValue': u'75', u'displayValue': u'136', u'unit': u'mcg'}, u'caloriesFromFat': {u'hasCompleteData': False, u'name': u'Calories from Fat', u'amount': 305.5227, u'percentDailyValue': u'-', u'displayValue': u'306', u'unit': u'kcal'}, u'calcium': {u'hasCompleteData': False, u'name': u'Calcium', u'amount': 19.12661, u'percentDailyValue': u'2', u'displayValue': u'19', u'unit': u'mg'}, u'fiber': {u'hasCompleteData': False, u'name': u'Dietary Fiber', u'amount': 1.366992, u'percentDailyValue': u'5', u'displayValue': u'1.4', u'unit': u'g'}, u'magnesium': {u'hasCompleteData': False, u'name': u'Magnesium', u'amount': 30.77035, u'percentDailyValue': u'11', u'displayValue': u'31', u'unit': u'mg'}, u'iron': {u'hasCompleteData': False, u'name': u'Iron', u'amount': 6.016996, u'percentDailyValue': u'60', u'displayValue': u'6', u'unit': u'mg'}, u'cholesterol': {u'hasCompleteData': False, u'name': u'Cholesterol', u'amount': 260.2819, u'percentDailyValue': u'87', u'displayValue': u'260', u'unit': u'mg'}, u'protein': {u'hasCompleteData': False, u'name': u'Protein', u'amount': 24.39975, u'percentDailyValue': u'49', u'displayValue': u'24.4', u'unit': u'g'}, u'vitaminA': {u'hasCompleteData': False, u'name': u'Vitamin A - IU', u'amount': 782.9325, u'percentDailyValue': u'16', u'displayValue': u'783', u'unit': u'IU'}, u'potassium': {u'hasCompleteData': False, u'name': u'Potassium', u'amount': 319.1583, u'percentDailyValue': u'9', u'displayValue': u'319', u'unit': u'mg'}, u'saturatedFat': {u'hasCompleteData': False, u'name': u'Saturated Fat', u'amount': 9.862675, u'percentDailyValue': u'49', u'displayValue': u'9.9', u'unit': u'g'}, u'vitaminC': {u'hasCompleteData': False, u'name': u'Vitamin C', u'amount': 5.264, u'percentDailyValue': u'9', u'displayValue': u'5', u'unit': u'mg'}}
"
216090,Karen's First Place Chili,https://images.media-allrecipes.com/userphotos/250x250/491000.jpg,pork sausage^ground beef^large onion^diced tomatoes with green chile peppers (such as RO*TEL®)^chili beans^tomato sauce^chili powder^masa harina (instant corn masa mix)^ground cumin^salt^ground paprika^dried oregano^garlic powder^cayenne pepper,"{'directions': u'Prep\n15 m\nCook\n1 h 15 m\nReady In\n1 h 30 m\nPlace the pork sausage, beef, and onion into a large skillet over medium heat, and cook, stirring frequently, until the meat is browned, about 15 minutes. Break the meat up into crumbles as it cooks. Drain off excess fat, then place the meat into a soup pot. Mix in the diced tomatoes with green peppers, chili beans, tomato sauce, chili powder, masa harina, cumin, salt, paprika, oregano, garlic powder, and cayenne pepper. Bring the chili to a simmer, reduce heat, and simmer for 1 hour.'}","{u'niacin': {u'hasCompleteData': False, u'name': u'Niacin Equivalents', u'amount': 8.900151, u'percentDailyValue': u'68', u'displayValue': u'9', u'unit': u'mg'}, u'sugars': {u'hasCompleteData': False, u'name': u'Sugars', u'amount': 5.440059, u'percentDailyValue': u'0', u'displayValue': u'5.4', u'unit': u'g'}, u'sodium': {u'hasCompleteData': True, u'name': u'Sodium', u'amount': 2172.165, u'percentDailyValue': u'87', u'displayValue': u'2172', u'unit': u'mg'}, u'carbohydrates': {u'hasCompleteData': True, u'name': u'Carbohydrates', u'amount': 24.4752, u'percentDailyValue': u'8', u'displayValue': u'24.5', u'unit': u'g'}, u'vitaminB6': {u'hasCompleteData': False, u'name': u'Vitamin B6', u'amount': 0.7072072, u'percentDailyValue': u'44', u'displayValue': u'< 1', u'unit': u'mg'}, u'calories': {u'hasCompleteData': True, u'name': u'Calories', u'amount': 364.6303, u'percentDailyValue': u'18', u'displayValue': u'365', u'unit': u'kcal'}, u'thiamin': {u'hasCompleteData': False, u'name': u'Thiamin', u'amount': 0.4420102, u'percentDailyValue': u'44', u'displayValue': u'< 1', u'unit': u'mg'}, u'fat': {u'hasCompleteData': True, u'name': u'Fat', u'amount': 21.44259, u'percentDailyValue': u'33', u'displayValue': u'21.4', u'unit': u'g'}, u'folate': {u'hasCompleteData': False, u'name': u'Folate', u'amount': 33.15464, u'percentDailyValue': u'18', u'displayValue': u'33', u'unit': u'mcg'}, u'caloriesFromFat': {u'hasCompleteData': True, u'name': u'Calories from Fat', u'amount': 192.9833, u'percentDailyValue': u'-', u'displayValue': u'193', u'unit': u'kcal'}, u'calcium': {u'hasCompleteData': True, u'name': u'Calcium', u'amount': 99.77081, u'percentDailyValue': u'12', u'displayValue': u'100', u'unit': u'mg'}, u'fiber': {u'hasCompleteData': True, u'name': u'Dietary Fiber', u'amount': 7.864063, u'percentDailyValue': u'31', u'displayValue': u'7.9', u'unit': u'g'}, u'magnesium': {u'hasCompleteData': False, u'name': u'Magnesium', u'amount': 53.72228, u'percentDailyValue': u'19', u'displayValue': u'54', u'unit': u'mg'}, u'iron': {u'hasCompleteData': True, u'name': u'Iron', u'amount': 5.377536, u'percentDailyValue': u'54', u'displayValue': u'5', u'unit': u'mg'}, u'cholesterol': {u'hasCompleteData': True, u'name': u'Cholesterol', u'amount': 67.1133, u'percentDailyValue': u'22', u'displayValue': u'67', u'unit': u'mg'}, u'protein': {u'hasCompleteData': True, u'name': u'Protein', u'amount': 23.11153, u'percentDailyValue': u'46', u'displayValue': u'23.1', u'unit': u'g'}, u'vitaminA': {u'hasCompleteData': True, u'name': u'Vitamin A - IU', u'amount': 3380.8, u'percentDailyValue': u'68', u'displayValue': u'3381', u'unit': u'IU'}, u'potassium': {u'hasCompleteData': True, u'name': u'Potassium', u'amount': 924.8145, u'percentDailyValue': u'26', u'displayValue': u'925', u'unit': u'mg'}, u'saturatedFat': {u'hasCompleteData': True, u'name': u'Saturated Fat', u'amount': 7.183927, u'percentDailyValue': u'36', u'displayValue': u'7.2', u'unit': u'g'}, u'vitaminC': {u'hasCompleteData': True, u'name': u'Vitamin C', u'amount': 15.95164, u'percentDailyValue': u'27', u'displayValue': u'16', u'unit': u'mg'}}
"
57002,Pork Tenderloin with Dijon Marsala Sauce,https://images.media-allrecipes.com/userphotos/720x405/1066861.jpg,pork tenderloins^Dijon mustard^oil^butter^shallots minced^Marsala wine^Dijon mustard^heavy cream,"{'directions': u'Prep\n15 m\nCook\n40 m\nReady In\n55 m\nPreheat oven to 350 degrees F (175 degrees C). Coat pork tenderloins generously with mustard. Oil a 9x13 inch baking dish.\nHeat oil in a large skillet over medium-high heat. Arrange tenderloins in pan, and brown the meat. Turn to brown evenly. Transfer meat to prepared baking dish.\nBake in preheated oven for 20 minutes. Turn, and continue cooking for 20 minutes, or until desired doneness.\nMeanwhile, melt butter over medium heat in the same pan used to cook the pork. Cook shallots in butter until soft. Stir in Marsala, mustard, and cream, and cook until volume of liquid is reduced by half.\nSlice pork, and place on a serving dish. Spoon sauce over meat, and serve.'}","{u'niacin': {u'hasCompleteData': False, u'name': u'Niacin Equivalents', u'amount': 15.83773, u'percentDailyValue': u'122', u'displayValue': u'16', u'unit': u'mg'}, u'sugars': {u'hasCompleteData': True, u'name': u'Sugars', u'amount': 3.777646, u'percentDailyValue': u'0', u'displayValue': u'3.8', u'unit': u'g'}, u'sodium': {u'hasCompleteData': True, u'name': u'Sodium', u'amount': 439.2299, u'percentDailyValue': u'18', u'displayValue': u'439', u'unit': u'mg'}, u'carbohydrates': {u'hasCompleteData': True, u'name': u'Carbohydrates', u'amount': 12.14075, u'percentDailyValue': u'4', u'displayValue': u'12.1', u'unit': u'g'}, u'vitaminB6': {u'hasCompleteData': False, u'name': u'Vitamin B6', u'amount': 1.225655, u'percentDailyValue': u'77', u'displayValue': u'1', u'unit': u'mg'}, u'calories': {u'hasCompleteData': True, u'name': u'Calories', u'amount': 463.2484, u'percentDailyValue': u'23', u'displayValue': u'463', u'unit': u'kcal'}, u'thiamin': {u'hasCompleteData': False, u'name': u'Thiamin', u'amount': 1.458143, u'percentDailyValue': u'146', u'displayValue': u'1', u'unit': u'mg'}, u'fat': {u'hasCompleteData': True, u'name': u'Fat', u'amount': 26.14544, u'percentDailyValue': u'40', u'displayValue': u'26.1', u'unit': u'g'}, u'folate': {u'hasCompleteData': False, u'name': u'Folate', u'amount': 7.395334, u'percentDailyValue': u'4', u'displayValue': u'7', u'unit': u'mcg'}, u'caloriesFromFat': {u'hasCompleteData': True, u'name': u'Calories from Fat', u'amount': 235.309, u'percentDailyValue': u'-', u'displayValue': u'235', u'unit': u'kcal'}, u'calcium': {u'hasCompleteData': True, u'name': u'Calcium', u'amount': 45.45427, u'percentDailyValue': u'6', u'displayValue': u'45', u'unit': u'mg'}, u'fiber': {u'hasCompleteData': True, u'name': u'Dietary Fiber', u'amount': 0.1166667, u'percentDailyValue': u'< 1', u'displayValue': u'0.1', u'unit': u'g'}, u'magnesium': {u'hasCompleteData': False, u'name': u'Magnesium', u'amount': 50.93064, u'percentDailyValue': u'18', u'displayValue': u'51', u'unit': u'mg'}, u'iron': {u'hasCompleteData': True, u'name': u'Iron', u'amount': 1.780563, u'percentDailyValue': u'18', u'displayValue': u'2', u'unit': u'mg'}, u'cholesterol': {u'hasCompleteData': True, u'name': u'Cholesterol', u'amount': 162.8867, u'percentDailyValue': u'54', u'displayValue': u'163', u'unit': u'mg'}, u'protein': {u'hasCompleteData': True, u'name': u'Protein', u'amount': 32.6026, u'percentDailyValue': u'65', u'displayValue': u'32.6', u'unit': u'g'}, u'vitaminA': {u'hasCompleteData': True, u'name': u'Vitamin A - IU', u'amount': 902.746, u'percentDailyValue': u'18', u'displayValue': u'903', u'unit': u'IU'}, u'potassium': {u'hasCompleteData': False, u'name': u'Potassium', u'amount': 719.1077, u'percentDailyValue': u'20', u'displayValue': u'719', u'unit': u'mg'}, u'saturatedFat': {u'hasCompleteData': True, u'name': u'Saturated Fat', u'amount': 13.71291, u'percentDailyValue': u'69', u'displayValue': u'13.7', u'unit': u'g'}, u'vitaminC': {u'hasCompleteData': True, u'name': u'Vitamin C', u'amount': 1.571333, u'percentDailyValue': u'3', u'displayValue': u'2', u'unit': u'mg'}}
"
213268,Classic Goulash,https://images.media-allrecipes.com/userphotos/720x405/1108799.jpg,lean ground beef^large yellow onions^garlic^water^tomato sauce^diced tomatoes^soy sauce^dried Italian herb seasoning^bay leaves^seasoned salt^uncooked elbow macaroni,"{'directions': u'Prep\n15 m\nCook\n1 h 5 m\nReady In\n1 h 20 m\nCook and stir the ground beef in a large Dutch oven over medium-high heat, breaking the meat up as it cooks, until the meat is no longer pink and has started to brown, about 10 minutes. Skim off excess fat, and stir in the onions and garlic. Cook and stir the meat mixture until the onions are translucent, about 10 more minutes.\nStir water, tomato sauce, diced tomatoes, soy sauce, Italian seasoning, bay leaves, and seasoned salt into the meat mixture and bring to a boil over medium heat. Reduce heat to low, cover, and simmer 20 minutes, stirring occasionally.\nStir macaroni into the mixture, cover, and simmer over low heat until the pasta is tender, about 25 minutes, stirring occasionally. Remove from heat, discard bay leaves, and serve.'}","{u'niacin': {u'hasCompleteData': False, u'name': u'Niacin Equivalents', u'amount': 12.62308, u'percentDailyValue': u'97', u'displayValue': u'13', u'unit': u'mg'}, u'sugars': {u'hasCompleteData': False, u'name': u'Sugars', u'amount': 9.142015, u'percentDailyValue': u'0', u'displayValue': u'9.1', u'unit': u'g'}, u'sodium': {u'hasCompleteData': True, u'name': u'Sodium', u'amount': 1466.092, u'percentDailyValue': u'59', u'displayValue': u'1466', u'unit': u'mg'}, u'carbohydrates': {u'hasCompleteData': True, u'name': u'Carbohydrates', u'amount': 34.08728, u'percentDailyValue': u'11', u'displayValue': u'34.1', u'unit': u'g'}, u'vitaminB6': {u'hasCompleteData': False, u'name': u'Vitamin B6', u'amount': 0.480995, u'percentDailyValue': u'30', u'displayValue': u'< 1', u'unit': u'mg'}, u'calories': {u'hasCompleteData': True, u'name': u'Calories', u'amount': 385.5409, u'percentDailyValue': u'19', u'displayValue': u'386', u'unit': u'kcal'}, u'thiamin': {u'hasCompleteData': False, u'name': u'Thiamin', u'amount': 0.4064676, u'percentDailyValue': u'41', u'displayValue': u'< 1', u'unit': u'mg'}, u'fat': {u'hasCompleteData': True, u'name': u'Fat', u'amount': 14.60979, u'percentDailyValue': u'22', u'displayValue': u'14.6', u'unit': u'g'}, u'folate': {u'hasCompleteData': False, u'name': u'Folate', u'amount': 92.86209, u'percentDailyValue': u'52', u'displayValue': u'93', u'unit': u'mcg'}, u'caloriesFromFat': {u'hasCompleteData': True, u'name': u'Calories from Fat', u'amount': 131.4881, u'percentDailyValue': u'-', u'displayValue': u'131', u'unit': u'kcal'}, u'calcium': {u'hasCompleteData': True, u'name': u'Calcium', u'amount': 101.1003, u'percentDailyValue': u'13', u'displayValue': u'101', u'unit': u'mg'}, u'fiber': {u'hasCompleteData': True, u'name': u'Dietary Fiber', u'amount': 4.395714, u'percentDailyValue': u'18', u'displayValue': u'4.4', u'unit': u'g'}, u'magnesium': {u'hasCompleteData': False, u'name': u'Magnesium', u'amount': 60.032, u'percentDailyValue': u'21', u'displayValue': u'60', u'unit': u'mg'}, u'iron': {u'hasCompleteData': True, u'name': u'Iron', u'amount': 6.924489, u'percentDailyValue': u'69', u'displayValue': u'7', u'unit': u'mg'}, u'cholesterol': {u'hasCompleteData': True, u'name': u'Cholesterol', u'amount': 74.3375, u'percentDailyValue': u'25', u'displayValue': u'74', u'unit': u'mg'}, u'protein': {u'hasCompleteData': True, u'name': u'Protein', u'amount': 28.23992, u'percentDailyValue': u'56', u'displayValue': u'28.2', u'unit': u'g'}, u'vitaminA': {u'hasCompleteData': True, u'name': u'Vitamin A - IU', u'amount': 1377.132, u'percentDailyValue': u'28', u'displayValue': u'1377', u'unit': u'IU'}, u'potassium': {u'hasCompleteData': True, u'name': u'Potassium', u'amount': 897.8727, u'percentDailyValue': u'25', u'displayValue': u'898', u'unit': u'mg'}, u'saturatedFat': {u'hasCompleteData': True, u'name': u'Saturated Fat', u'amount': 5.581476, u'percentDailyValue': u'28', u'displayValue': u'5.6', u'unit': u'g'}, u'vitaminC': {u'hasCompleteData': True, u'name': u'Vitamin C', u'amount': 18.73274, u'percentDailyValue': u'31', u'displayValue': u'19', u'unit': u'mg'}}
"
230270,Beefy Lasagna Roll-Ups,https://images.media-allrecipes.com/userphotos/720x405/4557988.jpg,lasagna noodles^extra-lean ground beef^small onion^pasta sauce^garlic powder^dried basil^dried parsley^dried chives^dried oregano^ground nutmeg^shredded yellow and white marbled Cheddar cheese^light cream cheese,"{'directions': u'Prep\n25 m\nCook\n20 m\nReady In\n45 m\nPreheat oven to 350 degrees F (175 degrees C).\nBring a large pot of lightly salted water to a boil. Cook lasagna noodles in the boiling water, stirring occasionally until cooked through, about 8 minutes. Drain and pat noodles dry with paper towels.\nBrown ground beef and onion in a large skillet over medium heat, breaking the meat into crumbles as it cooks, about 10 minutes. Pour pasta sauce into beef mixture and stir garlic powder, basil, parsley, chives, oregano, and nutmeg into beef and sauce.\nSpread half of the beef sauce into a 2-quart casserole dish and sprinkle with 1 cup Cheddar cheese.\nLay a lasagna noodle out onto a lightly floured work surface and spread with 2 tablespoons cream cheese. Spread 2 tablespoons ground beef sauce onto noodle; roll noodle and place with seam side down atop cheese in casserole dish. Repeat with remaining noodles. Sprinkle remaining beef sauce and 1 cup Cheddar cheese over noodle rolls.\nBake in the preheated oven until cheese and sauce bubble, 10 to 15 minutes.'}","{u'niacin': {u'hasCompleteData': False, u'name': u'Niacin Equivalents', u'amount': 14.30799, u'percentDailyValue': u'110', u'displayValue': u'14', u'unit': u'mg'}, u'sugars': {u'hasCompleteData': False, u'name': u'Sugars', u'amount': 15.76647, u'percentDailyValue': u'0', u'displayValue': u'15.8', u'unit': u'g'}, u'sodium': {u'hasCompleteData': True, u'name': u'Sodium', u'amount': 980.3312, u'percentDailyValue': u'39', u'displayValue': u'980', u'unit': u'mg'}, u'carbohydrates': {u'hasCompleteData': True, u'name': u'Carbohydrates', u'amount': 40.52562, u'percentDailyValue': u'13', u'displayValue': u'40.5', u'unit': u'g'}, u'vitaminB6': {u'hasCompleteData': False, u'name': u'Vitamin B6', u'amount': 0.4901314, u'percentDailyValue': u'31', u'displayValue': u'< 1', u'unit': u'mg'}, u'calories': {u'hasCompleteData': True, u'name': u'Calories', u'amount': 575.0252, u'percentDailyValue': u'29', u'displayValue': u'575', u'unit': u'kcal'}, u'thiamin': {u'hasCompleteData': False, u'name': u'Thiamin', u'amount': 0.118982, u'percentDailyValue': u'12', u'displayValue': u'< 1', u'unit': u'mg'}, u'fat': {u'hasCompleteData': True, u'name': u'Fat', u'amount': 30.2282, u'percentDailyValue': u'47', u'displayValue': u'30.2', u'unit': u'g'}, u'folate': {u'hasCompleteData': False, u'name': u'Folate', u'amount': 79.66415, u'percentDailyValue': u'44', u'displayValue': u'80', u'unit': u'mcg'}, u'caloriesFromFat': {u'hasCompleteData': True, u'name': u'Calories from Fat', u'amount': 272.0538, u'percentDailyValue': u'-', u'displayValue': u'272', u'unit': u'kcal'}, u'calcium': {u'hasCompleteData': True, u'name': u'Calcium', u'amount': 433.6725, u'percentDailyValue': u'54', u'displayValue': u'434', u'unit': u'mg'}, u'fiber': {u'hasCompleteData': True, u'name': u'Dietary Fiber', u'amount': 4.633977, u'percentDailyValue': u'19', u'displayValue': u'4.6', u'unit': u'g'}, u'magnesium': {u'hasCompleteData': False, u'name': u'Magnesium', u'amount': 63.23539, u'percentDailyValue': u'23', u'displayValue': u'63', u'unit': u'mg'}, u'iron': {u'hasCompleteData': True, u'name': u'Iron', u'amount': 3.586271, u'percentDailyValue': u'36', u'displayValue': u'4', u'unit': u'mg'}, u'cholesterol': {u'hasCompleteData': True, u'name': u'Cholesterol', u'amount': 115.4817, u'percentDailyValue': u'38', u'displayValue': u'115', u'unit': u'mg'}, u'protein': {u'hasCompleteData': True, u'name': u'Protein', u'amount': 34.60542, u'percentDailyValue': u'69', u'displayValue': u'34.6', u'unit': u'g'}, u'vitaminA': {u'hasCompleteData': True, u'name': u'Vitamin A - IU', u'amount': 1468.16, u'percentDailyValue': u'29', u'displayValue': u'1468', u'unit': u'IU'}, u'potassium': {u'hasCompleteData': False, u'name': u'Potassium', u'amount': 684.2885, u'percentDailyValue': u'19', u'displayValue': u'684', u'unit': u'mg'}, u'saturatedFat': {u'hasCompleteData': False, u'name': u'Saturated Fat', u'amount': 15.80086, u'percentDailyValue': u'79', u'displayValue': u'15.8', u'unit': u'g'}, u'vitaminC': {u'hasCompleteData': True, u'name': u'Vitamin C', u'amount': 3.831985, u'percentDailyValue': u'6', u'displayValue': u'4', u'unit': u'mg'}}
"
28011,Tandoori Chicken II,https://images.media-allrecipes.com/userphotos/250x250/10190.jpg,curry powder^red pepper flakes^kosher salt^ground ginger^paprika^ground cinnamon^ground turmeric^water^skinless boneless chicken breast halves,"{'directions': u'Prep\n15 m\nCook\n15 m\nReady In\n50 m\nPreheat grill for high heat.\nIn a medium bowl, mix curry powder, red pepper flakes, salt, ginger, paprika, cinnamon, and turmeric with water to form a smooth paste. Rub paste into chicken breasts, and place them on a plate. Cover, and allow to marinate for 20 minutes.\nBrush grate with oil. Place chicken on the grill, and cook 6 to 8 minutes on each side, until juices run clear when pierced with a fork.'}","{u'niacin': {u'hasCompleteData': False, u'name': u'Niacin Equivalents', u'amount': 31.2779, u'percentDailyValue': u'241', u'displayValue': u'31', u'unit': u'mg'}, u'sugars': {u'hasCompleteData': True, u'name': u'Sugars', u'amount': 0.07176176, u'percentDailyValue': u'0', u'displayValue': u'0.1', u'unit': u'g'}, u'sodium': {u'hasCompleteData': True, u'name': u'Sodium', u'amount': 357.5354, u'percentDailyValue': u'14', u'displayValue': u'358', u'unit': u'mg'}, u'carbohydrates': {u'hasCompleteData': True, u'name': u'Carbohydrates', u'amount': 0.7219617, u'percentDailyValue': u'< 1', u'displayValue': u'0.7', u'unit': u'g'}, u'vitaminB6': {u'hasCompleteData': False, u'name': u'Vitamin B6', u'amount': 0.9694403, u'percentDailyValue': u'61', u'displayValue': u'< 1', u'unit': u'mg'}, u'calories': {u'hasCompleteData': True, u'name': u'Calories', u'amount': 264.3492, u'percentDailyValue': u'13', u'displayValue': u'264', u'unit': u'kcal'}, u'thiamin': {u'hasCompleteData': False, u'name': u'Thiamin', u'amount': 0.1125234, u'percentDailyValue': u'11', u'displayValue': u'< 1', u'unit': u'mg'}, u'fat': {u'hasCompleteData': True, u'name': u'Fat', u'amount': 5.780409, u'percentDailyValue': u'9', u'displayValue': u'5.8', u'unit': u'g'}, u'folate': {u'hasCompleteData': False, u'name': u'Folate', u'amount': 7.35973, u'percentDailyValue': u'4', u'displayValue': u'7', u'unit': u'mcg'}, u'caloriesFromFat': {u'hasCompleteData': True, u'name': u'Calories from Fat', u'amount': 52.02369, u'percentDailyValue': u'-', u'displayValue': u'52', u'unit': u'kcal'}, u'calcium': {u'hasCompleteData': False, u'name': u'Calcium', u'amount': 27.74659, u'percentDailyValue': u'3', u'displayValue': u'28', u'unit': u'mg'}, u'fiber': {u'hasCompleteData': True, u'name': u'Dietary Fiber', u'amount': 0.3577207, u'percentDailyValue': u'1', u'displayValue': u'0.4', u'unit': u'g'}, u'magnesium': {u'hasCompleteData': False, u'name': u'Magnesium', u'amount': 47.92127, u'percentDailyValue': u'17', u'displayValue': u'48', u'unit': u'mg'}, u'iron': {u'hasCompleteData': False, u'name': u'Iron', u'amount': 1.861926, u'percentDailyValue': u'19', u'displayValue': u'2', u'unit': u'mg'}, u'cholesterol': {u'hasCompleteData': True, u'name': u'Cholesterol', u'amount': 134.3, u'percentDailyValue': u'45', u'displayValue': u'134', u'unit': u'mg'}, u'protein': {u'hasCompleteData': True, u'name': u'Protein', u'amount': 49.13609, u'percentDailyValue': u'98', u'displayValue': u'49.1', u'unit': u'g'}, u'vitaminA': {u'hasCompleteData': False, u'name': u'Vitamin A - IU', u'amount': 267.4467, u'percentDailyValue': u'5', u'displayValue': u'267', u'unit': u'IU'}, u'potassium': {u'hasCompleteData': False, u'name': u'Potassium', u'amount': 424.9077, u'percentDailyValue': u'12', u'displayValue': u'425', u'unit': u'mg'}, u'saturatedFat': {u'hasCompleteData': True, u'name': u'Saturated Fat', u'amount': 1.62358, u'percentDailyValue': u'8', u'displayValue': u'1.6', u'unit': u'g'}, u'vitaminC': {u'hasCompleteData': False, u'name': u'Vitamin C', u'amount': 0.4653045, u'percentDailyValue': u'< 1', u'displayValue': u'< 1', u'unit': u'mg'}}
"
245367,Pan-Roasted Chicken Breasts,https://images.media-allrecipes.com/userphotos/720x405/3088895.jpg,boneless chicken breast halves with skin^salt and freshly ground black pepper to taste^chopped fresh herbs (thyme parsley^olive oil^apple cider vinegar^cold butter^chicken broth (or water),"{'directions': u'Prep\n5 m\nCook\n12 m\nReady In\n17 m\nSeason chicken on both sides with salt and pepper.\nHeat olive oil in a heavy skillet over medium-high heat until it starts to shimmer. Place chicken breasts in skillet skin side down. Sprinkle with fresh herbs. Do not disturb the breasts until the skin side sears, 5 or 6 minutes. Turn chicken.\nCook until internal temperature reaches 150 degrees F, about 5 minutes. Add vinegar and butter to pan with chicken. Shake pan gently until butter melts and internal temperature of chicken reaches 160 to 165 degrees F, 2 to 3 minutes more. Add a splash of chicken broth or water if sauce needs to be thinned.'}","{u'niacin': {u'hasCompleteData': False, u'name': u'Niacin Equivalents', u'amount': 27.75826, u'percentDailyValue': u'214', u'displayValue': u'28', u'unit': u'mg'}, u'sugars': {u'hasCompleteData': False, u'name': u'Sugars', u'amount': 0.083895, u'percentDailyValue': u'0', u'displayValue': u'0.1', u'unit': u'g'}, u'sodium': {u'hasCompleteData': True, u'name': u'Sodium', u'amount': 243.5184, u'percentDailyValue': u'10', u'displayValue': u'244', u'unit': u'mg'}, u'carbohydrates': {u'hasCompleteData': True, u'name': u'Carbohydrates', u'amount': 0.3097638, u'percentDailyValue': u'< 1', u'displayValue': u'0.3', u'unit': u'g'}, u'vitaminB6': {u'hasCompleteData': False, u'name': u'Vitamin B6', u'amount': 0.846714, u'percentDailyValue': u'53', u'displayValue': u'< 1', u'unit': u'mg'}, u'calories': {u'hasCompleteData': True, u'name': u'Calories', u'amount': 462.4388, u'percentDailyValue': u'23', u'displayValue': u'462', u'unit': u'kcal'}, u'thiamin': {u'hasCompleteData': False, u'name': u'Thiamin', u'amount': 0.100493, u'percentDailyValue': u'10', u'displayValue': u'< 1', u'unit': u'mg'}, u'fat': {u'hasCompleteData': True, u'name': u'Fat', u'amount': 30.01386, u'percentDailyValue': u'46', u'displayValue': u'30', u'unit': u'g'}, u'folate': {u'hasCompleteData': False, u'name': u'Folate', u'amount': 6.726, u'percentDailyValue': u'4', u'displayValue': u'7', u'unit': u'mcg'}, u'caloriesFromFat': {u'hasCompleteData': True, u'name': u'Calories from Fat', u'amount': 270.1248, u'percentDailyValue': u'-', u'displayValue': u'270', u'unit': u'kcal'}, u'calcium': {u'hasCompleteData': True, u'name': u'Calcium', u'amount': 28.08013, u'percentDailyValue': u'4', u'displayValue': u'28', u'unit': u'mg'}, u'fiber': {u'hasCompleteData': True, u'name': u'Dietary Fiber', u'amount': 0.084, u'percentDailyValue': u'< 1', u'displayValue': u'0.1', u'unit': u'g'}, u'magnesium': {u'hasCompleteData': False, u'name': u'Magnesium', u'amount': 42.69438, u'percentDailyValue': u'15', u'displayValue': u'43', u'unit': u'mg'}, u'iron': {u'hasCompleteData': True, u'name': u'Iron', u'amount': 1.78857, u'percentDailyValue': u'18', u'displayValue': u'2', u'unit': u'mg'}, u'cholesterol': {u'hasCompleteData': True, u'name': u'Cholesterol', u'amount': 157.2381, u'percentDailyValue': u'52', u'displayValue': u'157', u'unit': u'mg'}, u'protein': {u'hasCompleteData': True, u'name': u'Protein', u'amount': 45.09318, u'percentDailyValue': u'90', u'displayValue': u'45.1', u'unit': u'g'}, u'vitaminA': {u'hasCompleteData': True, u'name': u'Vitamin A - IU', u'amount': 523.5615, u'percentDailyValue': u'10', u'displayValue': u'524', u'unit': u'IU'}, u'potassium': {u'hasCompleteData': False, u'name': u'Potassium', u'amount': 387.3794, u'percentDailyValue': u'11', u'displayValue': u'387', u'unit': u'mg'}, u'saturatedFat': {u'hasCompleteData': True, u'name': u'Saturated Fat', u'amount': 11.53052, u'percentDailyValue': u'58', u'displayValue': u'11.5', u'unit': u'g'}, u'vitaminC': {u'hasCompleteData': True, u'name': u'Vitamin C', u'amount': 0.9606, u'percentDailyValue': u'2', u'displayValue': u'< 1', u'unit': u'mg'}}
"
238325,Roast Beef and Cheddar Frittata,https://images.media-allrecipes.com/userphotos/720x405/2183648.jpg,cooking spray^eggs beaten^condensed cream of mushroom soup^shredded Cheddar cheese^deli-style roast beef^ground black pepper,"{'directions': u'Prep\n10 m\nCook\n45 m\nReady In\n55 m\nPreheat oven to 350 degrees F (175 degrees C). Prepare a 2-quart shallow baking dish with cooking spray.\nStir eggs and cream of mushroom soup together in a large bowl until smooth. Stir Cheddar cheese, roast beef, and black pepper into the egg mixture.\nBake in preheated oven until set in the the center and golden brown on top, 45 to 50 minutes.'}","{u'niacin': {u'hasCompleteData': False, u'name': u'Niacin Equivalents', u'amount': 6.908453, u'percentDailyValue': u'53', u'displayValue': u'7', u'unit': u'mg'}, u'sugars': {u'hasCompleteData': True, u'name': u'Sugars', u'amount': 2.564872, u'percentDailyValue': u'0', u'displayValue': u'2.6', u'unit': u'g'}, u'sodium': {u'hasCompleteData': True, u'name': u'Sodium', u'amount': 1582.32, u'percentDailyValue': u'63', u'displayValue': u'1582', u'unit': u'mg'}, u'carbohydrates': {u'hasCompleteData': True, u'name': u'Carbohydrates', u'amount': 7.630201, u'percentDailyValue': u'2', u'displayValue': u'7.6', u'unit': u'g'}, u'vitaminB6': {u'hasCompleteData': False, u'name': u'Vitamin B6', u'amount': 0.2214525, u'percentDailyValue': u'14', u'displayValue': u'< 1', u'unit': u'mg'}, u'calories': {u'hasCompleteData': True, u'name': u'Calories', u'amount': 534.928, u'percentDailyValue': u'27', u'displayValue': u'535', u'unit': u'kcal'}, u'thiamin': {u'hasCompleteData': False, u'name': u'Thiamin', u'amount': 0.1109331, u'percentDailyValue': u'11', u'displayValue': u'< 1', u'unit': u'mg'}, u'fat': {u'hasCompleteData': True, u'name': u'Fat', u'amount': 37.29634, u'percentDailyValue': u'57', u'displayValue': u'37.3', u'unit': u'g'}, u'folate': {u'hasCompleteData': False, u'name': u'Folate', u'amount': 70.43725, u'percentDailyValue': u'39', u'displayValue': u'70', u'unit': u'mcg'}, u'caloriesFromFat': {u'hasCompleteData': True, u'name': u'Calories from Fat', u'amount': 335.6671, u'percentDailyValue': u'-', u'displayValue': u'336', u'unit': u'kcal'}, u'calcium': {u'hasCompleteData': True, u'name': u'Calcium', u'amount': 486.985, u'percentDailyValue': u'61', u'displayValue': u'487', u'unit': u'mg'}, u'fiber': {u'hasCompleteData': True, u'name': u'Dietary Fiber', u'amount': 0.06956249, u'percentDailyValue': u'< 1', u'displayValue': u'0.1', u'unit': u'g'}, u'magnesium': {u'hasCompleteData': False, u'name': u'Magnesium', u'amount': 45.88971, u'percentDailyValue': u'16', u'displayValue': u'46', u'unit': u'mg'}, u'iron': {u'hasCompleteData': True, u'name': u'Iron', u'amount': 4.667271, u'percentDailyValue': u'47', u'displayValue': u'5', u'unit': u'mg'}, u'cholesterol': {u'hasCompleteData': True, u'name': u'Cholesterol', u'amount': 551.6327, u'percentDailyValue': u'184', u'displayValue': u'552', u'unit': u'mg'}, u'protein': {u'hasCompleteData': True, u'name': u'Protein', u'amount': 42.49173, u'percentDailyValue': u'85', u'displayValue': u'42.5', u'unit': u'g'}, u'vitaminA': {u'hasCompleteData': True, u'name': u'Vitamin A - IU', u'amount': 1197.284, u'percentDailyValue': u'24', u'displayValue': u'1197', u'unit': u'IU'}, u'potassium': {u'hasCompleteData': False, u'name': u'Potassium', u'amount': 458.0882, u'percentDailyValue': u'13', u'displayValue': u'458', u'unit': u'mg'}, u'saturatedFat': {u'hasCompleteData': True, u'name': u'Saturated Fat', u'amount': 17.53701, u'percentDailyValue': u'88', u'displayValue': u'17.5', u'unit': u'g'}, u'vitaminC': {u'hasCompleteData': True, u'name': u'Vitamin C', u'amount': 0.055125, u'percentDailyValue': u'< 1', u'displayValue': u'< 1', u'unit': u'mg'}}
"
219208,Roasted Loin of Pork with Pan Gravy,https://images.media-allrecipes.com/userphotos/250x250/786457.jpg,butter^ground black pepper^cayenne pepper^dried thyme^dried oregano^dry mustard powder^garlic^boneless pork loin roast^celery^medium carrots^large onion^salt and ground black pepper to taste^flour^pork stock,"{'directions': u'Prep\n20 m\nCook\n2 h 10 m\nReady In\n2 h 30 m\nPreheat oven to 300 degrees F (150 degrees C).\nMelt the butter in a skillet over medium heat, and stir in the black pepper, cayenne pepper, thyme, oregano, dry mustard powder, and garlic. Cook and stir until the garlic is fragrant, about 1 minute. Remove from heat.\nWith a sharp knife, make several small slits in the pork roast. Place the roast into a roasting pan, and spread the spice mixture all over the roast and in the incisions. Surround the roast with celery, carrots, and onion, and season to taste with salt and black pepper.\nRoast in the preheated oven until the pork roast is browned and an instant-read meat thermometer inserted into the center of the roast reads at least 150 degrees F (65 degrees C), about 2 hours. About 15 minutes before the end of cooking, turn the oven temperature up to 425 to help brown the roast.\nRemove pork roast from oven, and allow to stand for about 10 minutes before slicing. Check temperature again; roast temperature should be at least 160 degrees F (75 degrees C) before serving.\nWhile roast is resting, place the roasting pan containing vegetables and pan drippings over a stove burner set to medium heat. Whisk in the flour, and simmer the drippings and flour for about 3 minutes to remove raw taste from flour. Whisk in the pork stock, a little at a time, until the gravy is thickened. Strain the gravy, and serve with the roast.'}","{u'niacin': {u'hasCompleteData': False, u'name': u'Niacin Equivalents', u'amount': 16.82883, u'percentDailyValue': u'129', u'displayValue': u'17', u'unit': u'mg'}, u'sugars': {u'hasCompleteData': False, u'name': u'Sugars', u'amount': 2.189265, u'percentDailyValue': u'0', u'displayValue': u'2.2', u'unit': u'g'}, u'sodium': {u'hasCompleteData': False, u'name': u'Sodium', u'amount': 174.4673, u'percentDailyValue': u'7', u'displayValue': u'174', u'unit': u'mg'}, u'carbohydrates': {u'hasCompleteData': False, u'name': u'Carbohydrates', u'amount': 8.316147, u'percentDailyValue': u'3', u'displayValue': u'8.3', u'unit': u'g'}, u'vitaminB6': {u'hasCompleteData': False, u'name': u'Vitamin B6', u'amount': 0.828516, u'percentDailyValue': u'52', u'displayValue': u'< 1', u'unit': u'mg'}, u'calories': {u'hasCompleteData': False, u'name': u'Calories', u'amount': 354.3676, u'percentDailyValue': u'18', u'displayValue': u'354', u'unit': u'kcal'}, u'thiamin': {u'hasCompleteData': False, u'name': u'Thiamin', u'amount': 1.437899, u'percentDailyValue': u'144', u'displayValue': u'1', u'unit': u'mg'}, u'fat': {u'hasCompleteData': False, u'name': u'Fat', u'amount': 17.11336, u'percentDailyValue': u'26', u'displayValue': u'17.1', u'unit': u'g'}, u'folate': {u'hasCompleteData': False, u'name': u'Folate', u'amount': 20.86922, u'percentDailyValue': u'12', u'displayValue': u'21', u'unit': u'mcg'}, u'caloriesFromFat': {u'hasCompleteData': False, u'name': u'Calories from Fat', u'amount': 154.0202, u'percentDailyValue': u'-', u'displayValue': u'154', u'unit': u'kcal'}, u'calcium': {u'hasCompleteData': False, u'name': u'Calcium', u'amount': 51.07348, u'percentDailyValue': u'6', u'displayValue': u'51', u'unit': u'mg'}, u'fiber': {u'hasCompleteData': False, u'name': u'Dietary Fiber', u'amount': 1.464552, u'percentDailyValue': u'6', u'displayValue': u'1.5', u'unit': u'g'}, u'magnesium': {u'hasCompleteData': False, u'name': u'Magnesium', u'amount': 46.08932, u'percentDailyValue': u'16', u'displayValue': u'46', u'unit': u'mg'}, u'iron': {u'hasCompleteData': False, u'name': u'Iron', u'amount': 2.138811, u'percentDailyValue': u'21', u'displayValue': u'2', u'unit': u'mg'}, u'cholesterol': {u'hasCompleteData': False, u'name': u'Cholesterol', u'amount': 119.4004, u'percentDailyValue': u'40', u'displayValue': u'119', u'unit': u'mg'}, u'protein': {u'hasCompleteData': False, u'name': u'Protein', u'amount': 39.77265, u'percentDailyValue': u'80', u'displayValue': u'39.8', u'unit': u'g'}, u'vitaminA': {u'hasCompleteData': False, u'name': u'Vitamin A - IU', u'amount': 3641.329, u'percentDailyValue': u'73', u'displayValue': u'3641', u'unit': u'IU'}, u'potassium': {u'hasCompleteData': False, u'name': u'Potassium', u'amount': 724.5114, u'percentDailyValue': u'20', u'displayValue': u'725', u'unit': u'mg'}, u'saturatedFat': {u'hasCompleteData': False, u'name': u'Saturated Fat', u'amount': 7.209544, u'percentDailyValue': u'36', u'displayValue': u'7.2', u'unit': u'g'}, u'vitaminC': {u'hasCompleteData': False, u'name': u'Vitamin C', u'amount': 4.717422, u'percentDailyValue': u'8', u'displayValue': u'5', u'unit': u'mg'}}
"
85757,Swiss Enchiladas,https://images.media-allrecipes.com/userphotos/720x405/639855.jpg,chopped cooked chicken^chopped green chilies^prepared green chile salsa^salt^whipping cream^oil for frying^corn tortillas^shredded Monterey Jack cheese,"{'directions': u'Prep\n30 m\nCook\n20 m\nReady In\n50 m\nPreheat oven to 350 degrees F (175 degrees C).\nIn a bowl, mix together chicken, chilies, and salsa.\nIn a wide, shallow dish stir together salt and whipping cream.\nHeat oil in a large, heavy skillet over medium-high heat. Fry each tortilla for a few seconds, until it blisters, and immediately dip into cream and salt.\nFill fried tortillas with chicken mixture. Roll and place flap side down in a baking dish. Pour remaining cream over tortillas, and sprinkle with cheese.\nBake, uncovered, in a preheated oven until cheese has melted, about 15 to 20 minutes.'}","{u'niacin': {u'hasCompleteData': False, u'name': u'Niacin Equivalents', u'amount': 7.774468, u'percentDailyValue': u'60', u'displayValue': u'8', u'unit': u'mg'}, u'sugars': {u'hasCompleteData': False, u'name': u'Sugars', u'amount': 2.103754, u'percentDailyValue': u'0', u'displayValue': u'2.1', u'unit': u'g'}, u'sodium': {u'hasCompleteData': True, u'name': u'Sodium', u'amount': 663.4114, u'percentDailyValue': u'27', u'displayValue': u'663', u'unit': u'mg'}, u'carbohydrates': {u'hasCompleteData': True, u'name': u'Carbohydrates', u'amount': 28.34717, u'percentDailyValue': u'9', u'displayValue': u'28.3', u'unit': u'g'}, u'vitaminB6': {u'hasCompleteData': False, u'name': u'Vitamin B6', u'amount': 0.2737708, u'percentDailyValue': u'17', u'displayValue': u'< 1', u'unit': u'mg'}, u'calories': {u'hasCompleteData': True, u'name': u'Calories', u'amount': 640.2702, u'percentDailyValue': u'32', u'displayValue': u'640', u'unit': u'kcal'}, u'thiamin': {u'hasCompleteData': False, u'name': u'Thiamin', u'amount': 0.1032642, u'percentDailyValue': u'10', u'displayValue': u'< 1', u'unit': u'mg'}, u'fat': {u'hasCompleteData': True, u'name': u'Fat', u'amount': 48.92677, u'percentDailyValue': u'75', u'displayValue': u'48.9', u'unit': u'g'}, u'folate': {u'hasCompleteData': False, u'name': u'Folate', u'amount': 14.125, u'percentDailyValue': u'8', u'displayValue': u'14', u'unit': u'mcg'}, u'caloriesFromFat': {u'hasCompleteData': True, u'name': u'Calories from Fat', u'amount': 440.3409, u'percentDailyValue': u'-', u'displayValue': u'440', u'unit': u'kcal'}, u'calcium': {u'hasCompleteData': True, u'name': u'Calcium', u'amount': 333.8004, u'percentDailyValue': u'42', u'displayValue': u'334', u'unit': u'mg'}, u'fiber': {u'hasCompleteData': True, u'name': u'Dietary Fiber', u'amount': 3.960552, u'percentDailyValue': u'16', u'displayValue': u'4', u'unit': u'g'}, u'magnesium': {u'hasCompleteData': False, u'name': u'Magnesium', u'amount': 60.79917, u'percentDailyValue': u'22', u'displayValue': u'61', u'unit': u'mg'}, u'iron': {u'hasCompleteData': True, u'name': u'Iron', u'amount': 1.45645, u'percentDailyValue': u'15', u'displayValue': u'1', u'unit': u'mg'}, u'cholesterol': {u'hasCompleteData': True, u'name': u'Cholesterol', u'amount': 170.2292, u'percentDailyValue': u'57', u'displayValue': u'170', u'unit': u'mg'}, u'protein': {u'hasCompleteData': True, u'name': u'Protein', u'amount': 23.10727, u'percentDailyValue': u'46', u'displayValue': u'23.1', u'unit': u'g'}, u'vitaminA': {u'hasCompleteData': True, u'name': u'Vitamin A - IU', u'amount': 1519.909, u'percentDailyValue': u'30', u'displayValue': u'1520', u'unit': u'IU'}, u'potassium': {u'hasCompleteData': False, u'name': u'Potassium', u'amount': 274.0625, u'percentDailyValue': u'8', u'displayValue': u'274', u'unit': u'mg'}, u'saturatedFat': {u'hasCompleteData': True, u'name': u'Saturated Fat', u'amount': 25.99369, u'percentDailyValue': u'130', u'displayValue': u'26', u'unit': u'g'}, u'vitaminC': {u'hasCompleteData': True, u'name': u'Vitamin C', u'amount': 9.526115, u'percentDailyValue': u'16', u'displayValue': u'10', u'unit': u'mg'}}
"
20020,American Frittata,https://images.media-allrecipes.com/userphotos/250x250/644405.jpg,potatoes^onions^vegetable oil^eggs beaten^cubed ham^salt and pepper to taste^shredded Cheddar cheese,"{'directions': u'Prep\n15 m\nCook\n15 m\nReady In\n30 m\nBring a large pot of salted water to a boil. Add potatoes and cook until tender but still firm, about 5 minutes. Drain and set aside to cool. Meanwhile, preheat oven to 350 degrees F (175 degrees C).\nIn a cast iron skillet, heat oil over medium heat. Add onions and cook slowly, stirring occasionally, until onions are soft.\nStir in eggs, drained potatoes, ham, salt and pepper. Cook until eggs are firm on the bottom, about 5 minutes. Top frittata with shredded cheese and place in preheated oven until cheese is melted and eggs are completely firm, about 10 minutes.'}","{u'niacin': {u'hasCompleteData': True, u'name': u'Niacin Equivalents', u'amount': 4.420814, u'percentDailyValue': u'34', u'displayValue': u'4', u'unit': u'mg'}, u'sugars': {u'hasCompleteData': True, u'name': u'Sugars', u'amount': 1.58, u'percentDailyValue': u'0', u'displayValue': u'1.6', u'unit': u'g'}, u'sodium': {u'hasCompleteData': True, u'name': u'Sodium', u'amount': 298.4066, u'percentDailyValue': u'12', u'displayValue': u'298', u'unit': u'mg'}, u'carbohydrates': {u'hasCompleteData': True, u'name': u'Carbohydrates', u'amount': 20.80395, u'percentDailyValue': u'7', u'displayValue': u'20.8', u'unit': u'g'}, u'vitaminB6': {u'hasCompleteData': True, u'name': u'Vitamin B6', u'amount': 0.383254, u'percentDailyValue': u'24', u'displayValue': u'< 1', u'unit': u'mg'}, u'calories': {u'hasCompleteData': True, u'name': u'Calories', u'amount': 234.1176, u'percentDailyValue': u'12', u'displayValue': u'234', u'unit': u'kcal'}, u'thiamin': {u'hasCompleteData': True, u'name': u'Thiamin', u'amount': 0.1978703, u'percentDailyValue': u'20', u'displayValue': u'< 1', u'unit': u'mg'}, u'fat': {u'hasCompleteData': True, u'name': u'Fat', u'amount': 11.4347, u'percentDailyValue': u'18', u'displayValue': u'11.4', u'unit': u'g'}, u'folate': {u'hasCompleteData': True, u'name': u'Folate', u'amount': 35.17094, u'percentDailyValue': u'20', u'displayValue': u'35', u'unit': u'mcg'}, u'caloriesFromFat': {u'hasCompleteData': True, u'name': u'Calories from Fat', u'amount': 102.9123, u'percentDailyValue': u'-', u'displayValue': u'103', u'unit': u'kcal'}, u'calcium': {u'hasCompleteData': True, u'name': u'Calcium', u'amount': 112.8056, u'percentDailyValue': u'14', u'displayValue': u'113', u'unit': u'mg'}, u'fiber': {u'hasCompleteData': True, u'name': u'Dietary Fiber', u'amount': 1.82155, u'percentDailyValue': u'7', u'displayValue': u'1.8', u'unit': u'g'}, u'magnesium': {u'hasCompleteData': True, u'name': u'Magnesium', u'amount': 30.5935, u'percentDailyValue': u'11', u'displayValue': u'31', u'unit': u'mg'}, u'iron': {u'hasCompleteData': True, u'name': u'Iron', u'amount': 1.388912, u'percentDailyValue': u'14', u'displayValue': u'1', u'unit': u'mg'}, u'cholesterol': {u'hasCompleteData': True, u'name': u'Cholesterol', u'amount': 203.3959, u'percentDailyValue': u'68', u'displayValue': u'203', u'unit': u'mg'}, u'protein': {u'hasCompleteData': True, u'name': u'Protein', u'amount': 12.41454, u'percentDailyValue': u'25', u'displayValue': u'12.4', u'unit': u'g'}, u'vitaminA': {u'hasCompleteData': True, u'name': u'Vitamin A - IU', u'amount': 352.6624, u'percentDailyValue': u'7', u'displayValue': u'353', u'unit': u'IU'}, u'potassium': {u'hasCompleteData': True, u'name': u'Potassium', u'amount': 437.0961, u'percentDailyValue': u'12', u'displayValue': u'437', u'unit': u'mg'}, u'saturatedFat': {u'hasCompleteData': True, u'name': u'Saturated Fat', u'amount': 4.303675, u'percentDailyValue': u'22', u'displayValue': u'4.3', u'unit': u'g'}, u'vitaminC': {u'hasCompleteData': True, u'name': u'Vitamin C', u'amount': 7.4504, u'percentDailyValue': u'12', u'displayValue': u'7', u'unit': u'mg'}}
"
262071,Beef Stroganoff Sauce with Meatballs,https://images.media-allrecipes.com/userphotos/720x405/5035778.jpg,vegetable oil^ground sirloin^Worcestershire sauce^egg^dry bread crumbs^small onion^salt and ground black pepper to taste^butter^mushrooms sliced^all-purpose flour^beef broth^ground mustard^sour cream,"{'directions': u'Prep\n20 m\nCook\n40 m\nReady In\n1 h\nPreheat the oven to 350 degrees F (175 degrees C). Coat a baking sheet with oil.\nCombine ground sirloin, Worcestershire sauce, egg, bread crumbs, onion, salt, and pepper in a bowl. Mix well. Divide into golf ball-sized meatballs. Place on the prepared baking sheet.\nBake in the preheated oven until meatballs are no longer pink in the center, about 15 minutes.\nMelt 2 tablespoons butter in a large skillet over medium heat. Add mushrooms; cook and stir until soft, about 10 minutes. Push mushrooms to the side of the pan.\nMelt remaining 2 tablespoons butter in the skillet; whisk in flour. Add broth and mustard; bring to a boil. Add meatballs and cook until some sauce is absorbed, 10 to 15 minutes. Remove from heat. Add sour cream and stir to combine.'}","{u'niacin': {u'hasCompleteData': False, u'name': u'Niacin Equivalents', u'amount': 13.24359, u'percentDailyValue': u'102', u'displayValue': u'13', u'unit': u'mg'}, u'sugars': {u'hasCompleteData': False, u'name': u'Sugars', u'amount': 4.226551, u'percentDailyValue': u'0', u'displayValue': u'4.2', u'unit': u'g'}, u'sodium': {u'hasCompleteData': True, u'name': u'Sodium', u'amount': 630.3425, u'percentDailyValue': u'25', u'displayValue': u'630', u'unit': u'mg'}, u'carbohydrates': {u'hasCompleteData': True, u'name': u'Carbohydrates', u'amount': 17.59076, u'percentDailyValue': u'6', u'displayValue': u'17.6', u'unit': u'g'}, u'vitaminB6': {u'hasCompleteData': False, u'name': u'Vitamin B6', u'amount': 0.4446711, u'percentDailyValue': u'28', u'displayValue': u'< 1', u'unit': u'mg'}, u'calories': {u'hasCompleteData': True, u'name': u'Calories', u'amount': 435.9843, u'percentDailyValue': u'22', u'displayValue': u'436', u'unit': u'kcal'}, u'thiamin': {u'hasCompleteData': False, u'name': u'Thiamin', u'amount': 0.2956978, u'percentDailyValue': u'30', u'displayValue': u'< 1', u'unit': u'mg'}, u'fat': {u'hasCompleteData': True, u'name': u'Fat', u'amount': 29.00666, u'percentDailyValue': u'45', u'displayValue': u'29', u'unit': u'g'}, u'folate': {u'hasCompleteData': False, u'name': u'Folate', u'amount': 53.5509, u'percentDailyValue': u'30', u'displayValue': u'54', u'unit': u'mcg'}, u'caloriesFromFat': {u'hasCompleteData': True, u'name': u'Calories from Fat', u'amount': 261.06, u'percentDailyValue': u'-', u'displayValue': u'261', u'unit': u'kcal'}, u'calcium': {u'hasCompleteData': True, u'name': u'Calcium', u'amount': 81.89628, u'percentDailyValue': u'10', u'displayValue': u'82', u'unit': u'mg'}, u'fiber': {u'hasCompleteData': True, u'name': u'Dietary Fiber', u'amount': 1.831719, u'percentDailyValue': u'7', u'displayValue': u'1.8', u'unit': u'g'}, u'magnesium': {u'hasCompleteData': False, u'name': u'Magnesium', u'amount': 42.29096, u'percentDailyValue': u'15', u'displayValue': u'42', u'unit': u'mg'}, u'iron': {u'hasCompleteData': True, u'name': u'Iron', u'amount': 4.365711, u'percentDailyValue': u'44', u'displayValue': u'4', u'unit': u'mg'}, u'cholesterol': {u'hasCompleteData': False, u'name': u'Cholesterol', u'amount': 145.7365, u'percentDailyValue': u'49', u'displayValue': u'146', u'unit': u'mg'}, u'protein': {u'hasCompleteData': True, u'name': u'Protein', u'amount': 27.217, u'percentDailyValue': u'54', u'displayValue': u'27.2', u'unit': u'g'}, u'vitaminA': {u'hasCompleteData': True, u'name': u'Vitamin A - IU', u'amount': 550.2431, u'percentDailyValue': u'11', u'displayValue': u'550', u'unit': u'IU'}, u'potassium': {u'hasCompleteData': False, u'name': u'Potassium', u'amount': 830.7647, u'percentDailyValue': u'23', u'displayValue': u'831', u'unit': u'mg'}, u'saturatedFat': {u'hasCompleteData': False, u'name': u'Saturated Fat', u'amount': 14.62734, u'percentDailyValue': u'73', u'displayValue': u'14.6', u'unit': u'g'}, u'vitaminC': {u'hasCompleteData': True, u'name': u'Vitamin C', u'amount': 4.876, u'percentDailyValue': u'8', u'displayValue': u'5', u'unit': u'mg'}}
"
23187,Marinated Chicken,https://images.media-allrecipes.com/userphotos/250x250/855647.jpg,soy sauce^brown sugar^white sugar^ground ginger^skinless boneless chicken breast halves,"{'directions': u'Prep\n30 m\nCook\n1 h\nReady In\n7 h 30 m\nIn a large bowl, mix the soy sauce, brown sugar, sugar, and ginger. Place chicken into the mixture. Chill in the refrigerator 6 to 8 hours, or overnight.\nPreheat oven to 325 degrees F (165 degrees C). Lightly grease a medium baking dish.\nPlace marinated chicken in the prepared baking dish. Bake in the preheated oven at least 1 hour, or until meat is no longer pink and juices run clear.'}","{u'niacin': {u'hasCompleteData': True, u'name': u'Niacin Equivalents', u'amount': 31.98346, u'percentDailyValue': u'246', u'displayValue': u'32', u'unit': u'mg'}, u'sugars': {u'hasCompleteData': True, u'name': u'Sugars', u'amount': 73.55051, u'percentDailyValue': u'0', u'displayValue': u'73.6', u'unit': u'g'}, u'sodium': {u'hasCompleteData': True, u'name': u'Sodium', u'amount': 3011.282, u'percentDailyValue': u'120', u'displayValue': u'3011', u'unit': u'mg'}, u'carbohydrates': {u'hasCompleteData': True, u'name': u'Carbohydrates', u'amount': 77.43219, u'percentDailyValue': u'25', u'displayValue': u'77.4', u'unit': u'g'}, u'vitaminB6': {u'hasCompleteData': True, u'name': u'Vitamin B6', u'amount': 1.011696, u'percentDailyValue': u'63', u'displayValue': u'1', u'unit': u'mg'}, u'calories': {u'hasCompleteData': True, u'name': u'Calories', u'amount': 563.4794, u'percentDailyValue': u'28', u'displayValue': u'563', u'unit': u'kcal'}, u'thiamin': {u'hasCompleteData': True, u'name': u'Thiamin', u'amount': 0.1282452, u'percentDailyValue': u'13', u'displayValue': u'< 1', u'unit': u'mg'}, u'fat': {u'hasCompleteData': True, u'name': u'Fat', u'amount': 5.487006, u'percentDailyValue': u'8', u'displayValue': u'5.5', u'unit': u'g'}, u'folate': {u'hasCompleteData': True, u'name': u'Folate', u'amount': 13.90756, u'percentDailyValue': u'8', u'displayValue': u'14', u'unit': u'mcg'}, u'caloriesFromFat': {u'hasCompleteData': True, u'name': u'Calories from Fat', u'amount': 49.38306, u'percentDailyValue': u'-', u'displayValue': u'49', u'unit': u'kcal'}, u'calcium': {u'hasCompleteData': True, u'name': u'Calcium', u'amount': 70.008, u'percentDailyValue': u'9', u'displayValue': u'70', u'unit': u'mg'}, u'fiber': {u'hasCompleteData': True, u'name': u'Dietary Fiber', u'amount': 0.4771, u'percentDailyValue': u'2', u'displayValue': u'0.5', u'unit': u'g'}, u'magnesium': {u'hasCompleteData': True, u'name': u'Magnesium', u'amount': 71.11456, u'percentDailyValue': u'25', u'displayValue': u'71', u'unit': u'mg'}, u'iron': {u'hasCompleteData': True, u'name': u'Iron', u'amount': 2.948897, u'percentDailyValue': u'29', u'displayValue': u'3', u'unit': u'mg'}, u'cholesterol': {u'hasCompleteData': True, u'name': u'Cholesterol', u'amount': 129.3904, u'percentDailyValue': u'43', u'displayValue': u'129', u'unit': u'mg'}, u'protein': {u'hasCompleteData': True, u'name': u'Protein', u'amount': 50.53729, u'percentDailyValue': u'101', u'displayValue': u'50.5', u'unit': u'g'}, u'vitaminA': {u'hasCompleteData': True, u'name': u'Vitamin A - IU', u'amount': 32.76084, u'percentDailyValue': u'< 1', u'displayValue': u'33', u'unit': u'IU'}, u'potassium': {u'hasCompleteData': True, u'name': u'Potassium', u'amount': 567.1696, u'percentDailyValue': u'16', u'displayValue': u'567', u'unit': u'mg'}, u'saturatedFat': {u'hasCompleteData': True, u'name': u'Saturated Fat', u'amount': 1.550498, u'percentDailyValue': u'8', u'displayValue': u'1.6', u'unit': u'g'}, u'vitaminC': {u'hasCompleteData': True, u'name': u'Vitamin C', u'amount': 0.0378, u'percentDailyValue': u'< 1', u'displayValue': u'< 1', u'unit': u'mg'}}
"
143234,Campfire Reubens,https://images.media-allrecipes.com/userphotos/720x405/808147.jpg,pumpernickel bread^Thousand Island dressing^deli sliced corned beef^sliced Swiss cheese^sauerkraut,"{'directions': u'Prep\n15 m\nCook\n30 m\nReady In\n45 m\nPreheat a grill for low heat.\nCut 4 large squares of aluminum foil. Place 2 slices of bread side-by-side on each piece of foil. Spread the bread slices with Thousand Island dressing. Evenly divide the corned beef, Swiss cheese, and sauerkraut among the bread. Top with a second slice of bread to make a sandwich. Wrap the foil snugly around the sandwich to make a sealed packet.\nPlace the packets on the preheated grill. Cook, turning every 10 minutes, until the bread is lightly toasted and cheese melted, about 30 minutes.'}","{u'niacin': {u'hasCompleteData': False, u'name': u'Niacin Equivalents', u'amount': 9.977921, u'percentDailyValue': u'77', u'displayValue': u'10', u'unit': u'mg'}, u'sugars': {u'hasCompleteData': False, u'name': u'Sugars', u'amount': 14.40629, u'percentDailyValue': u'0', u'displayValue': u'14.4', u'unit': u'g'}, u'sodium': {u'hasCompleteData': True, u'name': u'Sodium', u'amount': 2637.499, u'percentDailyValue': u'106', u'displayValue': u'2637', u'unit': u'mg'}, u'carbohydrates': {u'hasCompleteData': True, u'name': u'Carbohydrates', u'amount': 50.6592, u'percentDailyValue': u'16', u'displayValue': u'50.7', u'unit': u'g'}, u'vitaminB6': {u'hasCompleteData': False, u'name': u'Vitamin B6', u'amount': 0.17327, u'percentDailyValue': u'11', u'displayValue': u'< 1', u'unit': u'mg'}, u'calories': {u'hasCompleteData': True, u'name': u'Calories', u'amount': 776.779, u'percentDailyValue': u'39', u'displayValue': u'777', u'unit': u'kcal'}, u'thiamin': {u'hasCompleteData': False, u'name': u'Thiamin', u'amount': 0.305735, u'percentDailyValue': u'31', u'displayValue': u'< 1', u'unit': u'mg'}, u'fat': {u'hasCompleteData': True, u'name': u'Fat', u'amount': 48.8953, u'percentDailyValue': u'75', u'displayValue': u'48.9', u'unit': u'g'}, u'folate': {u'hasCompleteData': False, u'name': u'Folate', u'amount': 71.4, u'percentDailyValue': u'40', u'displayValue': u'71', u'unit': u'mcg'}, u'caloriesFromFat': {u'hasCompleteData': True, u'name': u'Calories from Fat', u'amount': 440.0577, u'percentDailyValue': u'-', u'displayValue': u'440', u'unit': u'kcal'}, u'calcium': {u'hasCompleteData': True, u'name': u'Calcium', u'amount': 511.614, u'percentDailyValue': u'64', u'displayValue': u'512', u'unit': u'mg'}, u'fiber': {u'hasCompleteData': True, u'name': u'Dietary Fiber', u'amount': 5.101509, u'percentDailyValue': u'20', u'displayValue': u'5.1', u'unit': u'g'}, u'magnesium': {u'hasCompleteData': False, u'name': u'Magnesium', u'amount': 60.455, u'percentDailyValue': u'22', u'displayValue': u'60', u'unit': u'mg'}, u'iron': {u'hasCompleteData': True, u'name': u'Iron', u'amount': 4.51545, u'percentDailyValue': u'45', u'displayValue': u'5', u'unit': u'mg'}, u'cholesterol': {u'hasCompleteData': True, u'name': u'Cholesterol', u'amount': 128.15, u'percentDailyValue': u'43', u'displayValue': u'128', u'unit': u'mg'}, u'protein': {u'hasCompleteData': True, u'name': u'Protein', u'amount': 37.41545, u'percentDailyValue': u'75', u'displayValue': u'37.4', u'unit': u'g'}, u'vitaminA': {u'hasCompleteData': False, u'name': u'Vitamin A - IU', u'amount': 471.19, u'percentDailyValue': u'9', u'displayValue': u'471', u'unit': u'IU'}, u'potassium': {u'hasCompleteData': False, u'name': u'Potassium', u'amount': 536.494, u'percentDailyValue': u'15', u'displayValue': u'536', u'unit': u'mg'}, u'saturatedFat': {u'hasCompleteData': True, u'name': u'Saturated Fat', u'amount': 16.88359, u'percentDailyValue': u'84', u'displayValue': u'16.9', u'unit': u'g'}, u'vitaminC': {u'hasCompleteData': False, u'name': u'Vitamin C', u'amount': 5.2185, u'percentDailyValue': u'9', u'displayValue': u'5', u'unit': u'mg'}}
"
143350,Aunt Ro's Baked Beans,https://images.media-allrecipes.com/userphotos/250x250/993584.jpg,bacon^ground beef^chopped onion^pinto beans drained and rinsed^canned butter beans^canned baked beans with pork^barbeque sauce^ketchup^brown sugar packed,"{'directions': u'Prep\n15 m\nCook\n4 h 10 m\nReady In\n4 h 25 m\nPlace the bacon in a large, deep skillet and cook over medium-high heat until evenly brown. Drain on paper towels, crumble, and set aside. Drain bacon fat from the skillet.\nUsing the same skillet, cook the ground beef and onion over medium heat, stirring until the meat is no longer pink, 5 to 7 minutes. Drain.\nTransfer the ground beef to a slow cooker. Add the pinto beans, butter beans, baked beans with pork, barbeque sauce, ketchup, and brown sugar to the ground beef mixture; stir to blend well. Cover and cook for 4 hours on High. Top each serving with crumbled bacon.'}","{u'niacin': {u'hasCompleteData': False, u'name': u'Niacin Equivalents', u'amount': 11.81197, u'percentDailyValue': u'91', u'displayValue': u'12', u'unit': u'mg'}, u'sugars': {u'hasCompleteData': True, u'name': u'Sugars', u'amount': 69.67973, u'percentDailyValue': u'0', u'displayValue': u'69.7', u'unit': u'g'}, u'sodium': {u'hasCompleteData': True, u'name': u'Sodium', u'amount': 2582.91, u'percentDailyValue': u'103', u'displayValue': u'2583', u'unit': u'mg'}, u'carbohydrates': {u'hasCompleteData': True, u'name': u'Carbohydrates', u'amount': 128.4027, u'percentDailyValue': u'41', u'displayValue': u'128.4', u'unit': u'g'}, u'vitaminB6': {u'hasCompleteData': False, u'name': u'Vitamin B6', u'amount': 0.4437177, u'percentDailyValue': u'28', u'displayValue': u'< 1', u'unit': u'mg'}, u'calories': {u'hasCompleteData': True, u'name': u'Calories', u'amount': 808.6552, u'percentDailyValue': u'40', u'displayValue': u'809', u'unit': u'kcal'}, u'thiamin': {u'hasCompleteData': False, u'name': u'Thiamin', u'amount': 0.343599, u'percentDailyValue': u'34', u'displayValue': u'< 1', u'unit': u'mg'}, u'fat': {u'hasCompleteData': True, u'name': u'Fat', u'amount': 17.32056, u'percentDailyValue': u'27', u'displayValue': u'17.3', u'unit': u'g'}, u'folate': {u'hasCompleteData': False, u'name': u'Folate', u'amount': 92.30859, u'percentDailyValue': u'51', u'displayValue': u'92', u'unit': u'mcg'}, u'caloriesFromFat': {u'hasCompleteData': True, u'name': u'Calories from Fat', u'amount': 155.885, u'percentDailyValue': u'-', u'displayValue': u'156', u'unit': u'kcal'}, u'calcium': {u'hasCompleteData': True, u'name': u'Calcium', u'amount': 232.1335, u'percentDailyValue': u'29', u'displayValue': u'232', u'unit': u'mg'}, u'fiber': {u'hasCompleteData': True, u'name': u'Dietary Fiber', u'amount': 16.41589, u'percentDailyValue': u'66', u'displayValue': u'16.4', u'unit': u'g'}, u'magnesium': {u'hasCompleteData': False, u'name': u'Magnesium', u'amount': 109.27, u'percentDailyValue': u'39', u'displayValue': u'109', u'unit': u'mg'}, u'iron': {u'hasCompleteData': True, u'name': u'Iron', u'amount': 7.696939, u'percentDailyValue': u'77', u'displayValue': u'8', u'unit': u'mg'}, u'cholesterol': {u'hasCompleteData': True, u'name': u'Cholesterol', u'amount': 69.66067, u'percentDailyValue': u'23', u'displayValue': u'70', u'unit': u'mg'}, u'protein': {u'hasCompleteData': True, u'name': u'Protein', u'amount': 38.15028, u'percentDailyValue': u'76', u'displayValue': u'38.2', u'unit': u'g'}, u'vitaminA': {u'hasCompleteData': True, u'name': u'Vitamin A - IU', u'amount': 487.3788, u'percentDailyValue': u'10', u'displayValue': u'487', u'unit': u'IU'}, u'potassium': {u'hasCompleteData': False, u'name': u'Potassium', u'amount': 1177.339, u'percentDailyValue': u'33', u'displayValue': u'1177', u'unit': u'mg'}, u'saturatedFat': {u'hasCompleteData': True, u'name': u'Saturated Fat', u'amount': 6.112471, u'percentDailyValue': u'31', u'displayValue': u'6.1', u'unit': u'g'}, u'vitaminC': {u'hasCompleteData': True, u'name': u'Vitamin C', u'amount': 12.36113, u'percentDailyValue': u'21', u'displayValue': u'12', u'unit': u'mg'}}
"
25174,Blue Cheese Potato Salad,https://images.media-allrecipes.com/userphotos/250x250/264643.jpg,bacon^red new potatoes^olive oil^white vinegar^green onions^salt^ground black pepper^blue cheese,"{'directions': u'Prep\n30 m\nCook\n15 m\nReady In\n45 m\nPlace bacon in a large, deep skillet. Cook over medium high heat until evenly brown. Drain, crumble and set aside.\nBring a large pot of salted water to a boil. Add potatoes and cook until tender but still firm, about 15 minutes. Drain, cool and chop. leaving skins on.\nIn a large bowl, whisk together the oil, vinegar, green onions, salt and pepper. Add the potatoes, bacon and cheese and toss to coat.'}","{u'niacin': {u'hasCompleteData': False, u'name': u'Niacin Equivalents', u'amount': 5.250097, u'percentDailyValue': u'40', u'displayValue': u'5', u'unit': u'mg'}, u'sugars': {u'hasCompleteData': True, u'name': u'Sugars', u'amount': 2.727713, u'percentDailyValue': u'0', u'displayValue': u'2.7', u'unit': u'g'}, u'sodium': {u'hasCompleteData': True, u'name': u'Sodium', u'amount': 552.1376, u'percentDailyValue': u'22', u'displayValue': u'552', u'unit': u'mg'}, u'carbohydrates': {u'hasCompleteData': True, u'name': u'Carbohydrates', u'amount': 36.81448, u'percentDailyValue': u'12', u'displayValue': u'36.8', u'unit': u'g'}, u'vitaminB6': {u'hasCompleteData': False, u'name': u'Vitamin B6', u'amount': 0.5786023, u'percentDailyValue': u'36', u'displayValue': u'< 1', u'unit': u'mg'}, u'calories': {u'hasCompleteData': True, u'name': u'Calories', u'amount': 481.3653, u'percentDailyValue': u'24', u'displayValue': u'481', u'unit': u'kcal'}, u'thiamin': {u'hasCompleteData': False, u'name': u'Thiamin', u'amount': 0.2833103, u'percentDailyValue': u'28', u'displayValue': u'< 1', u'unit': u'mg'}, u'fat': {u'hasCompleteData': True, u'name': u'Fat', u'amount': 34.39589, u'percentDailyValue': u'53', u'displayValue': u'34.4', u'unit': u'g'}, u'folate': {u'hasCompleteData': False, u'name': u'Folate', u'amount': 48.6918, u'percentDailyValue': u'27', u'displayValue': u'49', u'unit': u'mcg'}, u'caloriesFromFat': {u'hasCompleteData': True, u'name': u'Calories from Fat', u'amount': 309.563, u'percentDailyValue': u'-', u'displayValue': u'310', u'unit': u'kcal'}, u'calcium': {u'hasCompleteData': True, u'name': u'Calcium', u'amount': 89.0158, u'percentDailyValue': u'11', u'displayValue': u'89', u'unit': u'mg'}, u'fiber': {u'hasCompleteData': True, u'name': u'Dietary Fiber', u'amount': 4.2225, u'percentDailyValue': u'17', u'displayValue': u'4.2', u'unit': u'g'}, u'magnesium': {u'hasCompleteData': False, u'name': u'Magnesium', u'amount': 50.41295, u'percentDailyValue': u'18', u'displayValue': u'50', u'unit': u'mg'}, u'iron': {u'hasCompleteData': True, u'name': u'Iron', u'amount': 1.550578, u'percentDailyValue': u'16', u'displayValue': u'2', u'unit': u'mg'}, u'cholesterol': {u'hasCompleteData': True, u'name': u'Cholesterol', u'amount': 21.61075, u'percentDailyValue': u'7', u'displayValue': u'22', u'unit': u'mg'}, u'protein': {u'hasCompleteData': True, u'name': u'Protein', u'amount': 8.34354, u'percentDailyValue': u'17', u'displayValue': u'8.3', u'unit': u'g'}, u'vitaminA': {u'hasCompleteData': True, u'name': u'Vitamin A - IU', u'amount': 523.0869, u'percentDailyValue': u'10', u'displayValue': u'523', u'unit': u'IU'}, u'potassium': {u'hasCompleteData': False, u'name': u'Potassium', u'amount': 817.4026, u'percentDailyValue': u'23', u'displayValue': u'817', u'unit': u'mg'}, u'saturatedFat': {u'hasCompleteData': True, u'name': u'Saturated Fat', u'amount': 7.989759, u'percentDailyValue': u'40', u'displayValue': u'8', u'unit': u'g'}, u'vitaminC': {u'hasCompleteData': True, u'name': u'Vitamin C', u'amount': 29.7902, u'percentDailyValue': u'50', u'displayValue': u'30', u'unit': u'mg'}}
"
156795,Barbeque Chicken Pasagna,https://images.media-allrecipes.com/userphotos/250x250/562716.jpg,olive oil^skinless boneless chicken breast halves^red onion^green bell pepper^garlic^bottle barbeque sauce^phyllo dough^stick unsalted butter^shredded Cheddar cheese^Italian seasoning,"{'directions': u'Preheat oven to 400 degrees F (200 degrees C).\nHeat 2 tablespoons olive oil in a large skillet over medium-high heat. Cook chicken in the oil until lightly browned, about 5 minutes. Stir the onion, green bell pepper, garlic, and barbecue sauce into the skillet. Cook and stir until vegetables are tender, 5 to 6 minutes.\nRemove phyllo dough from package and unfold onto a baking sheet. Cover with a damp kitchen towel to prevent the dough from drying out. Melt the butter in a small saucepan. Use a pastry brush to grease a 9x13 inch baking dish with the butter. Place 4 sheets of phyllo dough in bottom of the prepared pan; brush top of phyllo with butter. Spread a thin layer of chicken mixture on the top of the phyllo; sprinkle layer with cheese. Place 2 sheets of phyllo dough on top of the cheese; brush with butter. Continue layering chicken mixture, cheese, and buttered phyllo until chicken mixture is gone. Top final layer of chicken with cheese and 2 sheets of phyllo dough, brush top with butter, and sprinkle with remaining cheese and Italian seasoning.\nBake in the preheated oven until hot and bubbly, about 30 to 35 minutes.'}","{u'niacin': {u'hasCompleteData': True, u'name': u'Niacin Equivalents', u'amount': 12.59799, u'percentDailyValue': u'97', u'displayValue': u'13', u'unit': u'mg'}, u'sugars': {u'hasCompleteData': True, u'name': u'Sugars', u'amount': 11.87057, u'percentDailyValue': u'0', u'displayValue': u'11.9', u'unit': u'g'}, u'sodium': {u'hasCompleteData': True, u'name': u'Sodium', u'amount': 937.9262, u'percentDailyValue': u'38', u'displayValue': u'938', u'unit': u'mg'}, u'carbohydrates': {u'hasCompleteData': True, u'name': u'Carbohydrates', u'amount': 27.3611, u'percentDailyValue': u'9', u'displayValue': u'27.4', u'unit': u'g'}, u'vitaminB6': {u'hasCompleteData': True, u'name': u'Vitamin B6', u'amount': 0.4134548, u'percentDailyValue': u'26', u'displayValue': u'< 1', u'unit': u'mg'}, u'calories': {u'hasCompleteData': True, u'name': u'Calories', u'amount': 461.8415, u'percentDailyValue': u'23', u'displayValue': u'462', u'unit': u'kcal'}, u'thiamin': {u'hasCompleteData': False, u'name': u'Thiamin', u'amount': 0.1737792, u'percentDailyValue': u'17', u'displayValue': u'< 1', u'unit': u'mg'}, u'fat': {u'hasCompleteData': True, u'name': u'Fat', u'amount': 27.17251, u'percentDailyValue': u'42', u'displayValue': u'27.2', u'unit': u'g'}, u'folate': {u'hasCompleteData': True, u'name': u'Folate', u'amount': 31.87465, u'percentDailyValue': u'18', u'displayValue': u'32', u'unit': u'mcg'}, u'caloriesFromFat': {u'hasCompleteData': True, u'name': u'Calories from Fat', u'amount': 244.5526, u'percentDailyValue': u'-', u'displayValue': u'245', u'unit': u'kcal'}, u'calcium': {u'hasCompleteData': True, u'name': u'Calcium', u'amount': 357.0646, u'percentDailyValue': u'45', u'displayValue': u'357', u'unit': u'mg'}, u'fiber': {u'hasCompleteData': True, u'name': u'Dietary Fiber', u'amount': 1.102083, u'percentDailyValue': u'4', u'displayValue': u'1.1', u'unit': u'g'}, u'magnesium': {u'hasCompleteData': True, u'name': u'Magnesium', u'amount': 39.8534, u'percentDailyValue': u'14', u'displayValue': u'40', u'unit': u'mg'}, u'iron': {u'hasCompleteData': True, u'name': u'Iron', u'amount': 1.649982, u'percentDailyValue': u'16', u'displayValue': u'2', u'unit': u'mg'}, u'cholesterol': {u'hasCompleteData': True, u'name': u'Cholesterol', u'amount': 101.5584, u'percentDailyValue': u'34', u'displayValue': u'102', u'unit': u'mg'}, u'protein': {u'hasCompleteData': True, u'name': u'Protein', u'amount': 26.22904, u'percentDailyValue': u'52', u'displayValue': u'26.2', u'unit': u'g'}, u'vitaminA': {u'hasCompleteData': True, u'name': u'Vitamin A - IU', u'amount': 870.5176, u'percentDailyValue': u'17', u'displayValue': u'871', u'unit': u'IU'}, u'potassium': {u'hasCompleteData': True, u'name': u'Potassium', u'amount': 332.3675, u'percentDailyValue': u'9', u'displayValue': u'332', u'unit': u'mg'}, u'saturatedFat': {u'hasCompleteData': True, u'name': u'Saturated Fat', u'amount': 15.3492, u'percentDailyValue': u'77', u'displayValue': u'15.3', u'unit': u'g'}, u'vitaminC': {u'hasCompleteData': True, u'name': u'Vitamin C', u'amount': 9.970434, u'percentDailyValue': u'17', u'displayValue': u'10', u'unit': u'mg'}}
"
17813,Thai Breaded Chicken Filets,https://images.media-allrecipes.com/userphotos/250x250/706957.jpg,skinless boneless chicken breast halves^green chile peppers^green onions^grated lime zest^limes juiced^chopped fresh cilantro^fish sauce^lemon grass^salt^white sugar^prepared Dijon-style mustard^dry bread crumbs^grated Parmesan cheese^toasted sesame seeds^salt and pepper to taste,"{'directions': u'Prep\n10 m\nCook\n20 m\nReady In\n1 h\nIn a food processor, combine chile peppers, green onions, lime zest and juice, 1/2 of the cilantro, fish sauce, lemon grass, salt, sugar and mustard. Blend until smooth. Rinse chicken and cut to appropriate serving size. Place in a bowl with blended ingredients and refrigerate for 1 to 4 hours.\nPreheat oven to 350 degrees F (175 degrees C).\nIn a shallow dish or bowl mix together the bread crumbs, cilantro, cheese, sesame seeds and salt and pepper to taste. Remove chicken from marinade (disposing of any remaining marinade) and roll in crumb mixture until well coated on both sides.\nPlace coated chicken in a lightly greased 9x13 inch baking dish (if desired, dab with olive oil on top for a crisp finish) and bake at 350 degrees F (175 degrees F) for 20 minutes or until chicken is cooked through and juices run clear.\nNOTE: You can make a dipping sauce by blending 2 green chile peppers with some fish sauce and sugar and topping the blend with some sesame seeds.'}","{u'niacin': {u'hasCompleteData': False, u'name': u'Niacin Equivalents', u'amount': 20.16592, u'percentDailyValue': u'155', u'displayValue': u'20', u'unit': u'mg'}, u'sugars': {u'hasCompleteData': False, u'name': u'Sugars', u'amount': 3.03842, u'percentDailyValue': u'0', u'displayValue': u'3', u'unit': u'g'}, u'sodium': {u'hasCompleteData': True, u'name': u'Sodium', u'amount': 766.312, u'percentDailyValue': u'31', u'displayValue': u'766', u'unit': u'mg'}, u'carbohydrates': {u'hasCompleteData': True, u'name': u'Carbohydrates', u'amount': 13.70012, u'percentDailyValue': u'4', u'displayValue': u'13.7', u'unit': u'g'}, u'vitaminB6': {u'hasCompleteData': False, u'name': u'Vitamin B6', u'amount': 0.7544125, u'percentDailyValue': u'47', u'displayValue': u'< 1', u'unit': u'mg'}, u'calories': {u'hasCompleteData': True, u'name': u'Calories', u'amount': 202.7234, u'percentDailyValue': u'10', u'displayValue': u'203', u'unit': u'kcal'}, u'thiamin': {u'hasCompleteData': False, u'name': u'Thiamin', u'amount': 0.2012528, u'percentDailyValue': u'20', u'displayValue': u'< 1', u'unit': u'mg'}, u'fat': {u'hasCompleteData': True, u'name': u'Fat', u'amount': 2.732695, u'percentDailyValue': u'4', u'displayValue': u'2.7', u'unit': u'g'}, u'folate': {u'hasCompleteData': False, u'name': u'Folate', u'amount': 33.09678, u'percentDailyValue': u'18', u'displayValue': u'33', u'unit': u'mcg'}, u'caloriesFromFat': {u'hasCompleteData': True, u'name': u'Calories from Fat', u'amount': 24.59426, u'percentDailyValue': u'-', u'displayValue': u'25', u'unit': u'kcal'}, u'calcium': {u'hasCompleteData': True, u'name': u'Calcium', u'amount': 66.52241, u'percentDailyValue': u'8', u'displayValue': u'67', u'unit': u'mg'}, u'fiber': {u'hasCompleteData': False, u'name': u'Dietary Fiber', u'amount': 1.5926, u'percentDailyValue': u'6', u'displayValue': u'1.6', u'unit': u'g'}, u'magnesium': {u'hasCompleteData': False, u'name': u'Magnesium', u'amount': 57.47187, u'percentDailyValue': u'21', u'displayValue': u'57', u'unit': u'mg'}, u'iron': {u'hasCompleteData': True, u'name': u'Iron', u'amount': 2.178588, u'percentDailyValue': u'22', u'displayValue': u'2', u'unit': u'mg'}, u'cholesterol': {u'hasCompleteData': True, u'name': u'Cholesterol', u'amount': 68.88, u'percentDailyValue': u'23', u'displayValue': u'69', u'unit': u'mg'}, u'protein': {u'hasCompleteData': True, u'name': u'Protein', u'amount': 29.96498, u'percentDailyValue': u'60', u'displayValue': u'30', u'unit': u'g'}, u'vitaminA': {u'hasCompleteData': True, u'name': u'Vitamin A - IU', u'amount': 554.5023, u'percentDailyValue': u'11', u'displayValue': u'555', u'unit': u'IU'}, u'potassium': {u'hasCompleteData': False, u'name': u'Potassium', u'amount': 468.1794, u'percentDailyValue': u'13', u'displayValue': u'468', u'unit': u'mg'}, u'saturatedFat': {u'hasCompleteData': True, u'name': u'Saturated Fat', u'amount': 0.6807946, u'percentDailyValue': u'3', u'displayValue': u'0.7', u'unit': u'g'}, u'vitaminC': {u'hasCompleteData': True, u'name': u'Vitamin C', u'amount': 52.15416, u'percentDailyValue': u'87', u'displayValue': u'52', u'unit': u'mg'}}
"
76164,Thai Ginger Soup,https://images.media-allrecipes.com/userphotos/720x405/32796.jpg,coconut milk^water^skinless boneless chicken breast halves^minced fresh ginger root^fish sauce^fresh lime juice^sliced green onions^chopped fresh cilantro,"{'directions': u'Prep\n15 m\nCook\n10 m\nReady In\n25 m\nPour the coconut milk and water into a saucepan, and bring to a boil. Add the chicken strips, and reduce heat to medium. Simmer for about 3 minutes, just until the chicken is cooked through. Stir in the ginger, fish sauce and lime juice. Sprinkle in the green onions and cilantro, and serve.'}","{u'niacin': {u'hasCompleteData': True, u'name': u'Niacin Equivalents', u'amount': 4.937257, u'percentDailyValue': u'38', u'displayValue': u'5', u'unit': u'mg'}, u'sugars': {u'hasCompleteData': False, u'name': u'Sugars', u'amount': 0.6653756, u'percentDailyValue': u'0', u'displayValue': u'0.7', u'unit': u'g'}, u'sodium': {u'hasCompleteData': True, u'name': u'Sodium', u'amount': 598.0038, u'percentDailyValue': u'24', u'displayValue': u'598', u'unit': u'mg'}, u'carbohydrates': {u'hasCompleteData': True, u'name': u'Carbohydrates', u'amount': 7.308428, u'percentDailyValue': u'2', u'displayValue': u'7.3', u'unit': u'g'}, u'vitaminB6': {u'hasCompleteData': True, u'name': u'Vitamin B6', u'amount': 0.2013523, u'percentDailyValue': u'13', u'displayValue': u'< 1', u'unit': u'mg'}, u'calories': {u'hasCompleteData': True, u'name': u'Calories', u'amount': 414.7477, u'percentDailyValue': u'21', u'displayValue': u'415', u'unit': u'kcal'}, u'thiamin': {u'hasCompleteData': True, u'name': u'Thiamin', u'amount': 0.05988727, u'percentDailyValue': u'6', u'displayValue': u'< 1', u'unit': u'mg'}, u'fat': {u'hasCompleteData': True, u'name': u'Fat', u'amount': 39.03051, u'percentDailyValue': u'60', u'displayValue': u'39', u'unit': u'g'}, u'folate': {u'hasCompleteData': True, u'name': u'Folate', u'amount': 32.85143, u'percentDailyValue': u'18', u'displayValue': u'33', u'unit': u'mcg'}, u'caloriesFromFat': {u'hasCompleteData': True, u'name': u'Calories from Fat', u'amount': 351.2746, u'percentDailyValue': u'-', u'displayValue': u'351', u'unit': u'kcal'}, u'calcium': {u'hasCompleteData': True, u'name': u'Calcium', u'amount': 47.52597, u'percentDailyValue': u'6', u'displayValue': u'48', u'unit': u'mg'}, u'fiber': {u'hasCompleteData': True, u'name': u'Dietary Fiber', u'amount': 2.142025, u'percentDailyValue': u'9', u'displayValue': u'2.1', u'unit': u'g'}, u'magnesium': {u'hasCompleteData': True, u'name': u'Magnesium', u'amount': 103.7533, u'percentDailyValue': u'37', u'displayValue': u'104', u'unit': u'mg'}, u'iron': {u'hasCompleteData': True, u'name': u'Iron', u'amount': 6.095057, u'percentDailyValue': u'61', u'displayValue': u'6', u'unit': u'mg'}, u'cholesterol': {u'hasCompleteData': True, u'name': u'Cholesterol', u'amount': 28.542, u'percentDailyValue': u'10', u'displayValue': u'29', u'unit': u'mg'}, u'protein': {u'hasCompleteData': True, u'name': u'Protein', u'amount': 14.41729, u'percentDailyValue': u'29', u'displayValue': u'14.4', u'unit': u'g'}, u'vitaminA': {u'hasCompleteData': True, u'name': u'Vitamin A - IU', u'amount': 118.1552, u'percentDailyValue': u'2', u'displayValue': u'118', u'unit': u'IU'}, u'potassium': {u'hasCompleteData': True, u'name': u'Potassium', u'amount': 509.6801, u'percentDailyValue': u'14', u'displayValue': u'510', u'unit': u'mg'}, u'saturatedFat': {u'hasCompleteData': True, u'name': u'Saturated Fat', u'amount': 32.86352, u'percentDailyValue': u'164', u'displayValue': u'32.9', u'unit': u'g'}, u'vitaminC': {u'hasCompleteData': True, u'name': u'Vitamin C', u'amount': 7.311, u'percentDailyValue': u'12', u'displayValue': u'7', u'unit': u'mg'}}
"
14664,Cilantro and Lime Butter,https://images.media-allrecipes.com/userphotos/250x250/87546.jpg,unsalted butter^chopped fresh cilantro^lime juice^crushed red pepper flakes^salt to taste,"{'directions': u'Prep\n5 m\nCook\n1 h\nReady In\n1 h 5 m\nIn a mixing bowl, cream butter. Mix in cilantro, lime juice, and red pepper flakes. Season with salt to taste. Cover, and chill for at least 1 hour.'}","{u'niacin': {u'hasCompleteData': True, u'name': u'Niacin Equivalents', u'amount': 0.04848693, u'percentDailyValue': u'< 1', u'displayValue': u'< 1', u'unit': u'mg'}, u'sugars': {u'hasCompleteData': True, u'name': u'Sugars', u'amount': 0.04494164, u'percentDailyValue': u'0', u'displayValue': u'0', u'unit': u'g'}, u'sodium': {u'hasCompleteData': True, u'name': u'Sodium', u'amount': 1.936953, u'percentDailyValue': u'< 1', u'displayValue': u'2', u'unit': u'mg'}, u'carbohydrates': {u'hasCompleteData': True, u'name': u'Carbohydrates', u'amount': 0.1881114, u'percentDailyValue': u'< 1', u'displayValue': u'0.2', u'unit': u'g'}, u'vitaminB6': {u'hasCompleteData': True, u'name': u'Vitamin B6', u'amount': 0.003422422, u'percentDailyValue': u'< 1', u'displayValue': u'< 1', u'unit': u'mg'}, u'calories': {u'hasCompleteData': True, u'name': u'Calories', u'amount': 102.4289, u'percentDailyValue': u'5', u'displayValue': u'102', u'unit': u'kcal'}, u'thiamin': {u'hasCompleteData': True, u'name': u'Thiamin', u'amount': 0.001634969, u'percentDailyValue': u'< 1', u'displayValue': u'< 1', u'unit': u'mg'}, u'fat': {u'hasCompleteData': True, u'name': u'Fat', u'amount': 11.52194, u'percentDailyValue': u'18', u'displayValue': u'11.5', u'unit': u'g'}, u'folate': {u'hasCompleteData': True, u'name': u'Folate', u'amount': 1.075016, u'percentDailyValue': u'< 1', u'displayValue': u'1', u'unit': u'mcg'}, u'caloriesFromFat': {u'hasCompleteData': True, u'name': u'Calories from Fat', u'amount': 103.6975, u'percentDailyValue': u'-', u'displayValue': u'104', u'unit': u'kcal'}, u'calcium': {u'hasCompleteData': True, u'name': u'Calcium', u'amount': 4.171609, u'percentDailyValue': u'< 1', u'displayValue': u'4', u'unit': u'mg'}, u'fiber': {u'hasCompleteData': True, u'name': u'Dietary Fiber', u'amount': 0.04119062, u'percentDailyValue': u'< 1', u'displayValue': u'0', u'unit': u'g'}, u'magnesium': {u'hasCompleteData': True, u'name': u'Magnesium', u'amount': 0.6714375, u'percentDailyValue': u'< 1', u'displayValue': u'< 1', u'unit': u'mg'}, u'iron': {u'hasCompleteData': True, u'name': u'Iron', u'amount': 0.02124414, u'percentDailyValue': u'< 1', u'displayValue': u'< 1', u'unit': u'mg'}, u'cholesterol': {u'hasCompleteData': True, u'name': u'Cholesterol', u'amount': 30.50313, u'percentDailyValue': u'10', u'displayValue': u'31', u'unit': u'mg'}, u'protein': {u'hasCompleteData': True, u'name': u'Protein', u'amount': 0.1487126, u'percentDailyValue': u'< 1', u'displayValue': u'0.1', u'unit': u'g'}, u'vitaminA': {u'hasCompleteData': True, u'name': u'Vitamin A - IU', u'amount': 427.1732, u'percentDailyValue': u'9', u'displayValue': u'427', u'unit': u'IU'}, u'potassium': {u'hasCompleteData': True, u'name': u'Potassium', u'amount': 9.969007, u'percentDailyValue': u'< 1', u'displayValue': u'10', u'unit': u'mg'}, u'saturatedFat': {u'hasCompleteData': True, u'name': u'Saturated Fat', u'amount': 7.289884, u'percentDailyValue': u'36', u'displayValue': u'7.3', u'unit': u'g'}, u'vitaminC': {u'hasCompleteData': True, u'name': u'Vitamin C', u'amount': 0.6694595, u'percentDailyValue': u'1', u'displayValue': u'< 1', u'unit': u'mg'}}
"
217281,Apricot Chicken Provencal,https://images.media-allrecipes.com/userphotos/720x405/4464940.jpg,chicken drumsticks^salt^herbes de Provence^olive oil^garlic cloves^herbes de Provence^fresh apricots pitted and chopped^apricot preserves,"{'directions': u'Prep\n15 m\nCook\n35 m\nReady In\n50 m\nPreheat an oven to 400 degrees F (200 degrees C). Grease a baking dish.\nSeason the chicken drumsticks with the salt and liberally rub with 3 tablespoons herbes de Provence.\nHeat the olive oil in a large skillet over medium heat. Cook the garlic in the hot oil until fragrant, 3 to 5 minutes. Add the seasoned chicken to the skillet and cook, turning to brown on all sides, 5 to 10 minutes. Sprinkle 1 tablespoon herbes de Provence, assuring all sides of chicken are covered with herbs. Transfer the chicken to the prepared baking dish, reserving the liquid in the skillet.\nBake in the preheated oven until no longer pink at the bone and the juices run clear, about 20 minutes. An instant-read thermometer inserted near the bone should read 165 degrees F (74 degrees C).\nWhile the chicken bakes, add the apricots and the apricot preserves to the skillet, scraping the bottom of the skillet with the back of a wooden spoon. Reduce heat to low and simmer until the chicken is cooked through. Add the chicken to the skillet and simmer with the sauce another 5 minutes. Spoon the sauce over the chicken to serve.'}","{u'niacin': {u'hasCompleteData': False, u'name': u'Niacin Equivalents', u'amount': 16.08122, u'percentDailyValue': u'124', u'displayValue': u'16', u'unit': u'mg'}, u'sugars': {u'hasCompleteData': True, u'name': u'Sugars', u'amount': 22.17421, u'percentDailyValue': u'0', u'displayValue': u'22.2', u'unit': u'g'}, u'sodium': {u'hasCompleteData': True, u'name': u'Sodium', u'amount': 724.735, u'percentDailyValue': u'29', u'displayValue': u'725', u'unit': u'mg'}, u'carbohydrates': {u'hasCompleteData': True, u'name': u'Carbohydrates', u'amount': 32.0939, u'percentDailyValue': u'10', u'displayValue': u'32.1', u'unit': u'g'}, u'vitaminB6': {u'hasCompleteData': False, u'name': u'Vitamin B6', u'amount': 0.532575, u'percentDailyValue': u'33', u'displayValue': u'< 1', u'unit': u'mg'}, u'calories': {u'hasCompleteData': True, u'name': u'Calories', u'amount': 487.385, u'percentDailyValue': u'24', u'displayValue': u'487', u'unit': u'kcal'}, u'thiamin': {u'hasCompleteData': False, u'name': u'Thiamin', u'amount': 0.115695, u'percentDailyValue': u'12', u'displayValue': u'< 1', u'unit': u'mg'}, u'fat': {u'hasCompleteData': True, u'name': u'Fat', u'amount': 22.708, u'percentDailyValue': u'35', u'displayValue': u'22.7', u'unit': u'g'}, u'folate': {u'hasCompleteData': False, u'name': u'Folate', u'amount': 16.41, u'percentDailyValue': u'9', u'displayValue': u'16', u'unit': u'mcg'}, u'caloriesFromFat': {u'hasCompleteData': True, u'name': u'Calories from Fat', u'amount': 204.372, u'percentDailyValue': u'-', u'displayValue': u'204', u'unit': u'kcal'}, u'calcium': {u'hasCompleteData': False, u'name': u'Calcium', u'amount': 34.8275, u'percentDailyValue': u'4', u'displayValue': u'35', u'unit': u'mg'}, u'fiber': {u'hasCompleteData': False, u'name': u'Dietary Fiber', u'amount': 1.19029, u'percentDailyValue': u'5', u'displayValue': u'1.2', u'unit': u'g'}, u'magnesium': {u'hasCompleteData': False, u'name': u'Magnesium', u'amount': 39.555, u'percentDailyValue': u'14', u'displayValue': u'40', u'unit': u'mg'}, u'iron': {u'hasCompleteData': False, u'name': u'Iron', u'amount': 2.33765, u'percentDailyValue': u'23', u'displayValue': u'2', u'unit': u'mg'}, u'cholesterol': {u'hasCompleteData': True, u'name': u'Cholesterol', u'amount': 127.855, u'percentDailyValue': u'43', u'displayValue': u'128', u'unit': u'mg'}, u'protein': {u'hasCompleteData': True, u'name': u'Protein', u'amount': 39.08755, u'percentDailyValue': u'78', u'displayValue': u'39.1', u'unit': u'g'}, u'vitaminA': {u'hasCompleteData': False, u'name': u'Vitamin A - IU', u'amount': 1233.785, u'percentDailyValue': u'25', u'displayValue': u'1234', u'unit': u'IU'}, u'potassium': {u'hasCompleteData': False, u'name': u'Potassium', u'amount': 494.7225, u'percentDailyValue': u'14', u'displayValue': u'495', u'unit': u'mg'}, u'saturatedFat': {u'hasCompleteData': True, u'name': u'Saturated Fat', u'amount': 5.2368, u'percentDailyValue': u'26', u'displayValue': u'5.2', u'unit': u'g'}, u'vitaminC': {u'hasCompleteData': False, u'name': u'Vitamin C', u'amount': 9.238, u'percentDailyValue': u'15', u'displayValue': u'9', u'unit': u'mg'}}
"
231105,Poppy Seed Chicken Pasta Salad,https://images.media-allrecipes.com/userphotos/720x405/1132992.jpg,fusilli (spiral) pasta^cubed cooked chicken^chopped onion^dried cranberries^chopped celery^slivered almonds^poppy seed salad dressing,"{'directions': u'Prep\n20 m\nCook\n10 m\nReady In\n30 m\nBring a large pot of lightly salted water to a boil. Cook pasta in the boiling water, stirring occasionally, until cooked through but firm to the bite, 12 minutes; drain, rinse in cold water, and drain again.\nToss pasta, chicken, onion, cranberries, celery, and almonds together in a salad bowl; drizzle with poppy seed dressing and stir to coat.'}","{u'niacin': {u'hasCompleteData': False, u'name': u'Niacin Equivalents', u'amount': 3.929157, u'percentDailyValue': u'30', u'displayValue': u'4', u'unit': u'mg'}, u'sugars': {u'hasCompleteData': True, u'name': u'Sugars', u'amount': 8.806562, u'percentDailyValue': u'0', u'displayValue': u'8.8', u'unit': u'g'}, u'sodium': {u'hasCompleteData': True, u'name': u'Sodium', u'amount': 162.2717, u'percentDailyValue': u'6', u'displayValue': u'162', u'unit': u'mg'}, u'carbohydrates': {u'hasCompleteData': True, u'name': u'Carbohydrates', u'amount': 25.33833, u'percentDailyValue': u'8', u'displayValue': u'25.3', u'unit': u'g'}, u'vitaminB6': {u'hasCompleteData': False, u'name': u'Vitamin B6', u'amount': 0.1247427, u'percentDailyValue': u'8', u'displayValue': u'< 1', u'unit': u'mg'}, u'calories': {u'hasCompleteData': True, u'name': u'Calories', u'amount': 253.1017, u'percentDailyValue': u'13', u'displayValue': u'253', u'unit': u'kcal'}, u'thiamin': {u'hasCompleteData': False, u'name': u'Thiamin', u'amount': 0.01869333, u'percentDailyValue': u'2', u'displayValue': u'< 1', u'unit': u'mg'}, u'fat': {u'hasCompleteData': True, u'name': u'Fat', u'amount': 12.5429, u'percentDailyValue': u'19', u'displayValue': u'12.5', u'unit': u'g'}, u'folate': {u'hasCompleteData': False, u'name': u'Folate', u'amount': 43.475, u'percentDailyValue': u'24', u'displayValue': u'43', u'unit': u'mcg'}, u'caloriesFromFat': {u'hasCompleteData': True, u'name': u'Calories from Fat', u'amount': 112.8861, u'percentDailyValue': u'-', u'displayValue': u'113', u'unit': u'kcal'}, u'calcium': {u'hasCompleteData': True, u'name': u'Calcium', u'amount': 21.86333, u'percentDailyValue': u'3', u'displayValue': u'22', u'unit': u'mg'}, u'fiber': {u'hasCompleteData': True, u'name': u'Dietary Fiber', u'amount': 1.542454, u'percentDailyValue': u'6', u'displayValue': u'1.5', u'unit': u'g'}, u'magnesium': {u'hasCompleteData': False, u'name': u'Magnesium', u'amount': 28.13333, u'percentDailyValue': u'10', u'displayValue': u'28', u'unit': u'mg'}, u'iron': {u'hasCompleteData': True, u'name': u'Iron', u'amount': 0.9721333, u'percentDailyValue': u'10', u'displayValue': u'< 1', u'unit': u'mg'}, u'cholesterol': {u'hasCompleteData': True, u'name': u'Cholesterol', u'amount': 21.83333, u'percentDailyValue': u'7', u'displayValue': u'22', u'unit': u'mg'}, u'protein': {u'hasCompleteData': True, u'name': u'Protein', u'amount': 8.486966, u'percentDailyValue': u'17', u'displayValue': u'8.5', u'unit': u'g'}, u'vitaminA': {u'hasCompleteData': True, u'name': u'Vitamin A - IU', u'amount': 30.71333, u'percentDailyValue': u'< 1', u'displayValue': u'31', u'unit': u'IU'}, u'potassium': {u'hasCompleteData': False, u'name': u'Potassium', u'amount': 135.9133, u'percentDailyValue': u'4', u'displayValue': u'136', u'unit': u'mg'}, u'saturatedFat': {u'hasCompleteData': True, u'name': u'Saturated Fat', u'amount': 1.676767, u'percentDailyValue': u'8', u'displayValue': u'1.7', u'unit': u'g'}, u'vitaminC': {u'hasCompleteData': False, u'name': u'Vitamin C', u'amount': 0.895, u'percentDailyValue': u'1', u'displayValue': u'< 1', u'unit': u'mg'}}
"
14700,Pork Chops and Sauerkraut,https://images.media-allrecipes.com/userphotos/250x250/122044.jpg,vegetable oil^thick pork chops^garlic^onion^sauerkraut^caraway seed^apple juice^salt and pepper to taste,"{'directions': u'Prep\n15 m\nCook\n30 m\nReady In\n45 m\nHeat oil in a large skillet over medium heat. Brown chops on all sides and remove from pan.\nAdd the garlic, onion, sauerkraut, caraway seed, apple juice, and salt and pepper to taste to the hot skillet. Saute for 3 to 4 minutes. Lay browned pork chops on top of sauerkraut mixture, cover, reduce heat to low and cook for 20 minutes, stirring occasionally.'}","{u'niacin': {u'hasCompleteData': True, u'name': u'Niacin Equivalents', u'amount': 11.578, u'percentDailyValue': u'89', u'displayValue': u'12', u'unit': u'mg'}, u'sugars': {u'hasCompleteData': True, u'name': u'Sugars', u'amount': 3.859416, u'percentDailyValue': u'0', u'displayValue': u'3.9', u'unit': u'g'}, u'sodium': {u'hasCompleteData': True, u'name': u'Sodium', u'amount': 805.5987, u'percentDailyValue': u'32', u'displayValue': u'806', u'unit': u'mg'}, u'carbohydrates': {u'hasCompleteData': True, u'name': u'Carbohydrates', u'amount': 9.032782, u'percentDailyValue': u'3', u'displayValue': u'9', u'unit': u'g'}, u'vitaminB6': {u'hasCompleteData': True, u'name': u'Vitamin B6', u'amount': 0.9804595, u'percentDailyValue': u'61', u'displayValue': u'< 1', u'unit': u'mg'}, u'calories': {u'hasCompleteData': True, u'name': u'Calories', u'amount': 244.8714, u'percentDailyValue': u'12', u'displayValue': u'245', u'unit': u'kcal'}, u'thiamin': {u'hasCompleteData': True, u'name': u'Thiamin', u'amount': 1.073102, u'percentDailyValue': u'107', u'displayValue': u'1', u'unit': u'mg'}, u'fat': {u'hasCompleteData': True, u'name': u'Fat', u'amount': 12.23999, u'percentDailyValue': u'19', u'displayValue': u'12.2', u'unit': u'g'}, u'folate': {u'hasCompleteData': True, u'name': u'Folate', u'amount': 32.2025, u'percentDailyValue': u'18', u'displayValue': u'32', u'unit': u'mcg'}, u'caloriesFromFat': {u'hasCompleteData': True, u'name': u'Calories from Fat', u'amount': 110.1599, u'percentDailyValue': u'-', u'displayValue': u'110', u'unit': u'kcal'}, u'calcium': {u'hasCompleteData': True, u'name': u'Calcium', u'amount': 72.24431, u'percentDailyValue': u'9', u'displayValue': u'72', u'unit': u'mg'}, u'fiber': {u'hasCompleteData': True, u'name': u'Dietary Fiber', u'amount': 3.676708, u'percentDailyValue': u'15', u'displayValue': u'3.7', u'unit': u'g'}, u'magnesium': {u'hasCompleteData': True, u'name': u'Magnesium', u'amount': 45.77395, u'percentDailyValue': u'16', u'displayValue': u'46', u'unit': u'mg'}, u'iron': {u'hasCompleteData': True, u'name': u'Iron', u'amount': 2.490374, u'percentDailyValue': u'25', u'displayValue': u'2', u'unit': u'mg'}, u'cholesterol': {u'hasCompleteData': True, u'name': u'Cholesterol', u'amount': 59.36, u'percentDailyValue': u'20', u'displayValue': u'59', u'unit': u'mg'}, u'protein': {u'hasCompleteData': True, u'name': u'Protein', u'amount': 24.62298, u'percentDailyValue': u'49', u'displayValue': u'24.6', u'unit': u'g'}, u'vitaminA': {u'hasCompleteData': True, u'name': u'Vitamin A - IU', u'amount': 22.8289, u'percentDailyValue': u'< 1', u'displayValue': u'23', u'unit': u'IU'}, u'potassium': {u'hasCompleteData': True, u'name': u'Potassium', u'amount': 633.4977, u'percentDailyValue': u'18', u'displayValue': u'633', u'unit': u'mg'}, u'saturatedFat': {u'hasCompleteData': True, u'name': u'Saturated Fat', u'amount': 2.65248, u'percentDailyValue': u'13', u'displayValue': u'2.7', u'unit': u'g'}, u'vitaminC': {u'hasCompleteData': True, u'name': u'Vitamin C', u'amount': 19.14759, u'percentDailyValue': u'32', u'displayValue': u'19', u'unit': u'mg'}}
"
172958,No-Noodle Zucchini Lasagna,https://images.media-allrecipes.com/userphotos/720x405/879369.jpg,large zucchini^salt^ground beef^ground black pepper^small green bell pepper^onion^tomato paste^tomato sauce^red wine^chopped fresh basil^chopped fresh oregano^hot water as needed^egg^low-fat ricotta cheese^chopped fresh parsley^frozen chopped spinach thawed and drained^fresh mushrooms sliced^shredded mozzarella cheese^grated Parmesan cheese,"{'directions': u'Prep\n30 m\nCook\n1 h\nReady In\n1 h 30 m\nPreheat oven to 325 degrees F (165 degrees C). Grease a deep 9x13 inch baking pan.\nSlice zucchini lengthwise into very thin slices. Sprinkle slices lightly with salt; set aside to drain in a colander.\nTo prepare the meat sauce, cook and stir ground beef and black pepper in a large skillet over medium high heat for 5 minutes. Add in green pepper and onion; cook and stir until meat is no longer pink. Stir in tomato paste, tomato sauce, wine, basil, and oregano, adding a small amount of hot water if sauce is too thick. Bring to a boil; reduce heat and simmer sauce for about 20 minutes, stirring frequently.\nMeanwhile, stir egg, ricotta, and parsley together in a bowl until well combined.\nTo assemble lasagna, spread 1/2 of the meat sauce into the bottom of prepared pan. Then layer 1/2 the zucchini slices, 1/2 the ricotta mixture, all of the spinach, followed by all of the mushrooms, then 1/2 the mozzarella cheese. Repeat by layering the remaining meat sauce, zucchini slices, ricotta mixture, and mozzarella. Spread Parmesan cheese evenly over the top; cover with foil.\nBake for 45 minutes. Remove foil; raise oven temperature to 350 degrees F (175 degrees C), and bake an additional 15 minutes. Let stand for 5 minutes before serving.'}","{u'niacin': {u'hasCompleteData': False, u'name': u'Niacin Equivalents', u'amount': 15.02, u'percentDailyValue': u'116', u'displayValue': u'15', u'unit': u'mg'}, u'sugars': {u'hasCompleteData': False, u'name': u'Sugars', u'amount': 10.59451, u'percentDailyValue': u'0', u'displayValue': u'10.6', u'unit': u'g'}, u'sodium': {u'hasCompleteData': True, u'name': u'Sodium', u'amount': 2199.728, u'percentDailyValue': u'88', u'displayValue': u'2200', u'unit': u'mg'}, u'carbohydrates': {u'hasCompleteData': True, u'name': u'Carbohydrates', u'amount': 23.20099, u'percentDailyValue': u'7', u'displayValue': u'23.2', u'unit': u'g'}, u'vitaminB6': {u'hasCompleteData': False, u'name': u'Vitamin B6', u'amount': 0.6489854, u'percentDailyValue': u'41', u'displayValue': u'< 1', u'unit': u'mg'}, u'calories': {u'hasCompleteData': True, u'name': u'Calories', u'amount': 494.0192, u'percentDailyValue': u'25', u'displayValue': u'494', u'unit': u'kcal'}, u'thiamin': {u'hasCompleteData': False, u'name': u'Thiamin', u'amount': 0.3011664, u'percentDailyValue': u'30', u'displayValue': u'< 1', u'unit': u'mg'}, u'fat': {u'hasCompleteData': True, u'name': u'Fat', u'amount': 27.26671, u'percentDailyValue': u'42', u'displayValue': u'27.3', u'unit': u'g'}, u'folate': {u'hasCompleteData': False, u'name': u'Folate', u'amount': 148.1633, u'percentDailyValue': u'82', u'displayValue': u'148', u'unit': u'mcg'}, u'caloriesFromFat': {u'hasCompleteData': True, u'name': u'Calories from Fat', u'amount': 245.4004, u'percentDailyValue': u'-', u'displayValue': u'245', u'unit': u'kcal'}, u'calcium': {u'hasCompleteData': True, u'name': u'Calcium', u'amount': 805.7242, u'percentDailyValue': u'101', u'displayValue': u'806', u'unit': u'mg'}, u'fiber': {u'hasCompleteData': False, u'name': u'Dietary Fiber', u'amount': 5.755855, u'percentDailyValue': u'23', u'displayValue': u'5.8', u'unit': u'g'}, u'magnesium': {u'hasCompleteData': True, u'name': u'Magnesium', u'amount': 122.8545, u'percentDailyValue': u'44', u'displayValue': u'123', u'unit': u'mg'}, u'iron': {u'hasCompleteData': False, u'name': u'Iron', u'amount': 5.098494, u'percentDailyValue': u'51', u'displayValue': u'5', u'unit': u'mg'}, u'cholesterol': {u'hasCompleteData': False, u'name': u'Cholesterol', u'amount': 117.6708, u'percentDailyValue': u'39', u'displayValue': u'118', u'unit': u'mg'}, u'protein': {u'hasCompleteData': True, u'name': u'Protein', u'amount': 41.26284, u'percentDailyValue': u'83', u'displayValue': u'41.3', u'unit': u'g'}, u'vitaminA': {u'hasCompleteData': True, u'name': u'Vitamin A - IU', u'amount': 8081.446, u'percentDailyValue': u'162', u'displayValue': u'8081', u'unit': u'IU'}, u'potassium': {u'hasCompleteData': True, u'name': u'Potassium', u'amount': 1417.669, u'percentDailyValue': u'40', u'displayValue': u'1418', u'unit': u'mg'}, u'saturatedFat': {u'hasCompleteData': False, u'name': u'Saturated Fat', u'amount': 14.19663, u'percentDailyValue': u'71', u'displayValue': u'14.2', u'unit': u'g'}, u'vitaminC': {u'hasCompleteData': True, u'name': u'Vitamin C', u'amount': 39.38481, u'percentDailyValue': u'66', u'displayValue': u'39', u'unit': u'mg'}}
"
34513,Somerset Pork with Cream and Apples,https://images.media-allrecipes.com/userphotos/720x405/4479863.jpg,butter^boneless pork loin chops^chopped fresh thyme^large onion^garlic^Cox apple cored and cut into thick rings^red apple cored and cut into rings^white sugar^salt and pepper to taste^dry hard cider^heavy cream,"{'directions': u'Prep\n25 m\nCook\n40 m\nReady In\n1 h 5 m\nPreheat oven to 375 degrees F (190 degrees C).\nIn a large heavy skillet, over medium-high heat, melt half of the butter. Fry the pork chops on both sides until a nice golden color. Transfer the chops to a 2 quart casserole dish with a lid, and sprinkle with thyme.\nMelt the remaining butter in the pan, and fry the onion and garlic until tender. Transfer them to the casserole dish. Fry the apple rings in the pan for a few seconds on each side to give them color, then remove to the casserole dish. Sprinkle with sugar.\nSpoon any excess fat from the frying pan and pour in the apple cider. Stir to remove any flavorful bits from the bottom. Bring the mixture to a simmer, then pour over the pork chops and apples in the dish. Season with salt and pepper.\nBake the casserole, covered for 30 to 40 minutes, or until the pork chops are cooked through. Remove the pork chops and apples to a serving platter and stir the cream into the juices. Serve sauce over pork chops.'}","{u'niacin': {u'hasCompleteData': False, u'name': u'Niacin Equivalents', u'amount': 13.5796, u'percentDailyValue': u'104', u'displayValue': u'14', u'unit': u'mg'}, u'sugars': {u'hasCompleteData': False, u'name': u'Sugars', u'amount': 14.17327, u'percentDailyValue': u'0', u'displayValue': u'14.2', u'unit': u'g'}, u'sodium': {u'hasCompleteData': True, u'name': u'Sodium', u'amount': 148.0651, u'percentDailyValue': u'6', u'displayValue': u'148', u'unit': u'mg'}, u'carbohydrates': {u'hasCompleteData': True, u'name': u'Carbohydrates', u'amount': 19.03464, u'percentDailyValue': u'6', u'displayValue': u'19', u'unit': u'g'}, u'vitaminB6': {u'hasCompleteData': False, u'name': u'Vitamin B6', u'amount': 0.9069548, u'percentDailyValue': u'57', u'displayValue': u'< 1', u'unit': u'mg'}, u'calories': {u'hasCompleteData': True, u'name': u'Calories', u'amount': 410.1081, u'percentDailyValue': u'21', u'displayValue': u'410', u'unit': u'kcal'}, u'thiamin': {u'hasCompleteData': False, u'name': u'Thiamin', u'amount': 0.9362397, u'percentDailyValue': u'94', u'displayValue': u'< 1', u'unit': u'mg'}, u'fat': {u'hasCompleteData': True, u'name': u'Fat', u'amount': 23.6394, u'percentDailyValue': u'36', u'displayValue': u'23.6', u'unit': u'g'}, u'folate': {u'hasCompleteData': False, u'name': u'Folate', u'amount': 10.17937, u'percentDailyValue': u'6', u'displayValue': u'10', u'unit': u'mcg'}, u'caloriesFromFat': {u'hasCompleteData': True, u'name': u'Calories from Fat', u'amount': 212.7546, u'percentDailyValue': u'-', u'displayValue': u'213', u'unit': u'kcal'}, u'calcium': {u'hasCompleteData': False, u'name': u'Calcium', u'amount': 33.50948, u'percentDailyValue': u'4', u'displayValue': u'34', u'unit': u'mg'}, u'fiber': {u'hasCompleteData': True, u'name': u'Dietary Fiber', u'amount': 2.33725, u'percentDailyValue': u'9', u'displayValue': u'2.3', u'unit': u'g'}, u'magnesium': {u'hasCompleteData': False, u'name': u'Magnesium', u'amount': 38.15219, u'percentDailyValue': u'14', u'displayValue': u'38', u'unit': u'mg'}, u'iron': {u'hasCompleteData': False, u'name': u'Iron', u'amount': 0.7804886, u'percentDailyValue': u'8', u'displayValue': u'< 1', u'unit': u'mg'}, u'cholesterol': {u'hasCompleteData': True, u'name': u'Cholesterol', u'amount': 121.4972, u'percentDailyValue': u'40', u'displayValue': u'121', u'unit': u'mg'}, u'protein': {u'hasCompleteData': True, u'name': u'Protein', u'amount': 25.35152, u'percentDailyValue': u'51', u'displayValue': u'25.4', u'unit': u'g'}, u'vitaminA': {u'hasCompleteData': False, u'name': u'Vitamin A - IU', u'amount': 570.642, u'percentDailyValue': u'11', u'displayValue': u'571', u'unit': u'IU'}, u'potassium': {u'hasCompleteData': False, u'name': u'Potassium', u'amount': 566.0885, u'percentDailyValue': u'16', u'displayValue': u'566', u'unit': u'mg'}, u'saturatedFat': {u'hasCompleteData': True, u'name': u'Saturated Fat', u'amount': 12.66251, u'percentDailyValue': u'63', u'displayValue': u'12.7', u'unit': u'g'}, u'vitaminC': {u'hasCompleteData': False, u'name': u'Vitamin C', u'amount': 6.570138, u'percentDailyValue': u'11', u'displayValue': u'7', u'unit': u'mg'}}
"
50384,Marylou's Chicken El Toro,https://images.media-allrecipes.com/userphotos/250x250/883835.jpg,skinless boneless chicken breast halves^vegetable oil^small onion^mild picante sauce^shredded Monterey Jack cheese^flour tortillas^sliced black olives (optional)^sour cream (optional),"{'directions': u'Prep\n15 m\nCook\n45 m\nReady In\n1 h\nPlace chicken breasts in a saucepan with enough water just to cover. Bring to a boil, and cook until meat shreds easily. Remove chicken from water, shred, and set aside. Reserve water.\nHeat oil in a large heavy skillet over medium heat. Add onion, and cook until transparent. Add shredded chicken meat, and stir in the picante sauce, and 1/2 cup of the reserved chicken water. Reduce heat to low, and simmer 30 minutes, or until the sauce is thick. Remove the pan from heat, and sprinkle cheese over the chicken mixture.\nServe over flour tortillas and garnish with sliced olives and sour cream.'}","{u'niacin': {u'hasCompleteData': False, u'name': u'Niacin Equivalents', u'amount': 25.42941, u'percentDailyValue': u'196', u'displayValue': u'25', u'unit': u'mg'}, u'sugars': {u'hasCompleteData': False, u'name': u'Sugars', u'amount': 4.52353, u'percentDailyValue': u'0', u'displayValue': u'4.5', u'unit': u'g'}, u'sodium': {u'hasCompleteData': True, u'name': u'Sodium', u'amount': 1593.802, u'percentDailyValue': u'64', u'displayValue': u'1594', u'unit': u'mg'}, u'carbohydrates': {u'hasCompleteData': True, u'name': u'Carbohydrates', u'amount': 64.52863, u'percentDailyValue': u'21', u'displayValue': u'64.5', u'unit': u'g'}, u'vitaminB6': {u'hasCompleteData': False, u'name': u'Vitamin B6', u'amount': 0.7475187, u'percentDailyValue': u'47', u'displayValue': u'< 1', u'unit': u'mg'}, u'calories': {u'hasCompleteData': True, u'name': u'Calories', u'amount': 705.6653, u'percentDailyValue': u'35', u'displayValue': u'706', u'unit': u'kcal'}, u'thiamin': {u'hasCompleteData': False, u'name': u'Thiamin', u'amount': 0.6251637, u'percentDailyValue': u'63', u'displayValue': u'< 1', u'unit': u'mg'}, u'fat': {u'hasCompleteData': True, u'name': u'Fat', u'amount': 28.67848, u'percentDailyValue': u'44', u'displayValue': u'28.7', u'unit': u'g'}, u'folate': {u'hasCompleteData': False, u'name': u'Folate', u'amount': 136.8325, u'percentDailyValue': u'76', u'displayValue': u'137', u'unit': u'mcg'}, u'caloriesFromFat': {u'hasCompleteData': True, u'name': u'Calories from Fat', u'amount': 258.1063, u'percentDailyValue': u'-', u'displayValue': u'258', u'unit': u'kcal'}, u'calcium': {u'hasCompleteData': True, u'name': u'Calcium', u'amount': 333.2522, u'percentDailyValue': u'42', u'displayValue': u'333', u'unit': u'mg'}, u'fiber': {u'hasCompleteData': True, u'name': u'Dietary Fiber', u'amount': 4.466336, u'percentDailyValue': u'18', u'displayValue': u'4.5', u'unit': u'g'}, u'magnesium': {u'hasCompleteData': False, u'name': u'Magnesium', u'amount': 71.77164, u'percentDailyValue': u'26', u'displayValue': u'72', u'unit': u'mg'}, u'iron': {u'hasCompleteData': True, u'name': u'Iron', u'amount': 5.063834, u'percentDailyValue': u'51', u'displayValue': u'5', u'unit': u'mg'}, u'cholesterol': {u'hasCompleteData': True, u'name': u'Cholesterol', u'amount': 106.2325, u'percentDailyValue': u'35', u'displayValue': u'106', u'unit': u'mg'}, u'protein': {u'hasCompleteData': True, u'name': u'Protein', u'amount': 45.38814, u'percentDailyValue': u'91', u'displayValue': u'45.4', u'unit': u'g'}, u'vitaminA': {u'hasCompleteData': True, u'name': u'Vitamin A - IU', u'amount': 1003.57, u'percentDailyValue': u'20', u'displayValue': u'1004', u'unit': u'IU'}, u'potassium': {u'hasCompleteData': False, u'name': u'Potassium', u'amount': 520.5358, u'percentDailyValue': u'15', u'displayValue': u'521', u'unit': u'mg'}, u'saturatedFat': {u'hasCompleteData': False, u'name': u'Saturated Fat', u'amount': 12.02883, u'percentDailyValue': u'60', u'displayValue': u'12', u'unit': u'g'}, u'vitaminC': {u'hasCompleteData': True, u'name': u'Vitamin C', u'amount': 10.56211, u'percentDailyValue': u'18', u'displayValue': u'11', u'unit': u'mg'}}
"
230197,Tender Flank Steak,https://images.media-allrecipes.com/userphotos/250x250/932711.jpg,soy sauce^Worcestershire sauce^chopped garlic^flank steak,"{'directions': u'Prep\n5 m\nCook\n15 m\nReady In\n8 h 20 m\nWhisk soy sauce, Worcestershire sauce, and garlic together in a bowl; pour into a resealable plastic bag. Add the flank steak, coat with the marinade, squeeze out excess air, and seal the bag. Marinate in refrigerator 8 hours to overnight.\nPreheat an outdoor grill for medium-high heat and lightly oil the grate.\nRemove flank steak from the marinade; shake to remove excess moisture. Discard remaining marinade.\nCook steak on the grill until beginning to firm and is hot and slightly pink in the center, about 7 minutes per side. An instant-read thermometer inserted into the center should read 140 degrees F (60 degrees C). Slice against the grain of the meat to serve.'}","{u'niacin': {u'hasCompleteData': True, u'name': u'Niacin Equivalents', u'amount': 5.924522, u'percentDailyValue': u'46', u'displayValue': u'6', u'unit': u'mg'}, u'sugars': {u'hasCompleteData': True, u'name': u'Sugars', u'amount': 1.998069, u'percentDailyValue': u'0', u'displayValue': u'2', u'unit': u'g'}, u'sodium': {u'hasCompleteData': True, u'name': u'Sodium', u'amount': 1095.111, u'percentDailyValue': u'44', u'displayValue': u'1095', u'unit': u'mg'}, u'carbohydrates': {u'hasCompleteData': True, u'name': u'Carbohydrates', u'amount': 5.21904, u'percentDailyValue': u'2', u'displayValue': u'5.2', u'unit': u'g'}, u'vitaminB6': {u'hasCompleteData': True, u'name': u'Vitamin B6', u'amount': 0.3213319, u'percentDailyValue': u'20', u'displayValue': u'< 1', u'unit': u'mg'}, u'calories': {u'hasCompleteData': True, u'name': u'Calories', u'amount': 124.8544, u'percentDailyValue': u'6', u'displayValue': u'125', u'unit': u'kcal'}, u'thiamin': {u'hasCompleteData': False, u'name': u'Thiamin', u'amount': 0.05929383, u'percentDailyValue': u'6', u'displayValue': u'< 1', u'unit': u'mg'}, u'fat': {u'hasCompleteData': True, u'name': u'Fat', u'amount': 4.625335, u'percentDailyValue': u'7', u'displayValue': u'4.6', u'unit': u'g'}, u'folate': {u'hasCompleteData': True, u'name': u'Folate', u'amount': 8.117908, u'percentDailyValue': u'5', u'displayValue': u'8', u'unit': u'mcg'}, u'caloriesFromFat': {u'hasCompleteData': True, u'name': u'Calories from Fat', u'amount': 41.62802, u'percentDailyValue': u'-', u'displayValue': u'42', u'unit': u'kcal'}, u'calcium': {u'hasCompleteData': True, u'name': u'Calcium', u'amount': 33.93542, u'percentDailyValue': u'4', u'displayValue': u'34', u'unit': u'mg'}, u'fiber': {u'hasCompleteData': True, u'name': u'Dietary Fiber', u'amount': 0.1720352, u'percentDailyValue': u'< 1', u'displayValue': u'0.2', u'unit': u'g'}, u'magnesium': {u'hasCompleteData': True, u'name': u'Magnesium', u'amount': 20.50423, u'percentDailyValue': u'7', u'displayValue': u'21', u'unit': u'mg'}, u'iron': {u'hasCompleteData': True, u'name': u'Iron', u'amount': 2.136447, u'percentDailyValue': u'21', u'displayValue': u'2', u'unit': u'mg'}, u'cholesterol': {u'hasCompleteData': True, u'name': u'Cholesterol', u'amount': 25.245, u'percentDailyValue': u'8', u'displayValue': u'25', u'unit': u'mg'}, u'protein': {u'hasCompleteData': True, u'name': u'Protein', u'amount': 14.77541, u'percentDailyValue': u'30', u'displayValue': u'14.8', u'unit': u'g'}, u'vitaminA': {u'hasCompleteData': True, u'name': u'Vitamin A - IU', u'amount': 13.61872, u'percentDailyValue': u'< 1', u'displayValue': u'14', u'unit': u'IU'}, u'potassium': {u'hasCompleteData': True, u'name': u'Potassium', u'amount': 340.4986, u'percentDailyValue': u'10', u'displayValue': u'340', u'unit': u'mg'}, u'saturatedFat': {u'hasCompleteData': True, u'name': u'Saturated Fat', u'amount': 1.903466, u'percentDailyValue': u'10', u'displayValue': u'1.9', u'unit': u'g'}, u'vitaminC': {u'hasCompleteData': True, u'name': u'Vitamin C', u'amount': 2.864238, u'percentDailyValue': u'5', u'displayValue': u'3', u'unit': u'mg'}}
"
11730,Herbed Chicken and Fettuccini,https://images.media-allrecipes.com/userphotos/250x250/795396.jpg,dry fettuccine pasta^olive oil^skinless boneless chicken breast halves^red onion^julienned yellow bell pepper^garlic^chicken broth^sherry^salt and pepper to taste^chive and onion cream cheese,"{'directions': u'Prep\n10 m\nCook\n15 m\nReady In\n25 m\nBring a large pot of lightly salted water to a boil. Add pasta and cook for 8 to 10 minutes or until al dente; drain. Cover to keep warm and set aside.\nMeanwhile, heat oil in a wok or skillet over high heat. Saute chicken and onion 3 minutes. Add yellow pepper, and continue cooking until chicken is no longer pink and vegetables are crisp-tender. Add garlic, chicken broth, sherry, salt and pepper. Cook just until hot. Blend in cream cheese, and heat through. Do not allow to boil.\nCombine chicken mixture with hot pasta. Serve.'}","{u'niacin': {u'hasCompleteData': False, u'name': u'Niacin Equivalents', u'amount': 20.85693, u'percentDailyValue': u'160', u'displayValue': u'21', u'unit': u'mg'}, u'sugars': {u'hasCompleteData': True, u'name': u'Sugars', u'amount': 7.539973, u'percentDailyValue': u'0', u'displayValue': u'7.5', u'unit': u'g'}, u'sodium': {u'hasCompleteData': True, u'name': u'Sodium', u'amount': 434.2667, u'percentDailyValue': u'17', u'displayValue': u'434', u'unit': u'mg'}, u'carbohydrates': {u'hasCompleteData': True, u'name': u'Carbohydrates', u'amount': 55.84753, u'percentDailyValue': u'18', u'displayValue': u'55.8', u'unit': u'g'}, u'vitaminB6': {u'hasCompleteData': False, u'name': u'Vitamin B6', u'amount': 0.6703718, u'percentDailyValue': u'42', u'displayValue': u'< 1', u'unit': u'mg'}, u'calories': {u'hasCompleteData': True, u'name': u'Calories', u'amount': 617.3887, u'percentDailyValue': u'31', u'displayValue': u'617', u'unit': u'kcal'}, u'thiamin': {u'hasCompleteData': False, u'name': u'Thiamin', u'amount': 0.07265849, u'percentDailyValue': u'7', u'displayValue': u'< 1', u'unit': u'mg'}, u'fat': {u'hasCompleteData': True, u'name': u'Fat', u'amount': 25.61508, u'percentDailyValue': u'39', u'displayValue': u'25.6', u'unit': u'g'}, u'folate': {u'hasCompleteData': False, u'name': u'Folate', u'amount': 141.637, u'percentDailyValue': u'79', u'displayValue': u'142', u'unit': u'mcg'}, u'caloriesFromFat': {u'hasCompleteData': True, u'name': u'Calories from Fat', u'amount': 230.5357, u'percentDailyValue': u'-', u'displayValue': u'231', u'unit': u'kcal'}, u'calcium': {u'hasCompleteData': True, u'name': u'Calcium', u'amount': 106.9534, u'percentDailyValue': u'13', u'displayValue': u'107', u'unit': u'mg'}, u'fiber': {u'hasCompleteData': True, u'name': u'Dietary Fiber', u'amount': 2.90425, u'percentDailyValue': u'12', u'displayValue': u'2.9', u'unit': u'g'}, u'magnesium': {u'hasCompleteData': False, u'name': u'Magnesium', u'amount': 60.19972, u'percentDailyValue': u'21', u'displayValue': u'60', u'unit': u'mg'}, u'iron': {u'hasCompleteData': True, u'name': u'Iron', u'amount': 3.018303, u'percentDailyValue': u'30', u'displayValue': u'3', u'unit': u'mg'}, u'cholesterol': {u'hasCompleteData': True, u'name': u'Cholesterol', u'amount': 120.0684, u'percentDailyValue': u'40', u'displayValue': u'120', u'unit': u'mg'}, u'protein': {u'hasCompleteData': True, u'name': u'Protein', u'amount': 36.82805, u'percentDailyValue': u'74', u'displayValue': u'36.8', u'unit': u'g'}, u'vitaminA': {u'hasCompleteData': True, u'name': u'Vitamin A - IU', u'amount': 755.1849, u'percentDailyValue': u'15', u'displayValue': u'755', u'unit': u'IU'}, u'potassium': {u'hasCompleteData': True, u'name': u'Potassium', u'amount': 569.1135, u'percentDailyValue': u'16', u'displayValue': u'569', u'unit': u'mg'}, u'saturatedFat': {u'hasCompleteData': True, u'name': u'Saturated Fat', u'amount': 13.67656, u'percentDailyValue': u'68', u'displayValue': u'13.7', u'unit': u'g'}, u'vitaminC': {u'hasCompleteData': True, u'name': u'Vitamin C', u'amount': 57.13163, u'percentDailyValue': u'95', u'displayValue': u'57', u'unit': u'mg'}}
"
16881,Burrito Pie,https://images.media-allrecipes.com/userphotos/720x405/392583.jpg,ground beef^onion^minced garlic^black olives sliced^diced green chili peppers^diced tomatoes with green chile peppers^taco sauce^refried beans^flour tortillas^shredded Colby cheese,"{'directions': u'Prep\n30 m\nCook\n30 m\nReady In\n1 h\nPreheat oven to 350 degrees F (175 degrees C).\nIn a large skillet over medium heat, saute the ground beef for 5 minutes. Add the onion and garlic, and saute for 5 more minutes. Drain any excess fat, if desired. Mix in the olives, green chile peppers, tomatoes with green chile peppers, taco sauce and refried beans. Stir mixture thoroughly, reduce heat to low, and let simmer for 15 to 20 minutes.\nSpread a thin layer of the meat mixture in the bottom of a 4 quart casserole dish. Cover with a layer of tortillas followed by more meat mixture, then a layer of cheese. Repeat tortilla, meat, cheese pattern until all the tortillas are used, topping off with a layer of meat mixture and cheese.\nBake for 20 to 30 minutes in the preheated oven, or until cheese is slightly brown and bubbly.'}","{u'niacin': {u'hasCompleteData': False, u'name': u'Niacin Equivalents', u'amount': 8.195477, u'percentDailyValue': u'63', u'displayValue': u'8', u'unit': u'mg'}, u'sugars': {u'hasCompleteData': False, u'name': u'Sugars', u'amount': 0.5011237, u'percentDailyValue': u'0', u'displayValue': u'0.5', u'unit': u'g'}, u'sodium': {u'hasCompleteData': True, u'name': u'Sodium', u'amount': 847.3737, u'percentDailyValue': u'34', u'displayValue': u'847', u'unit': u'mg'}, u'carbohydrates': {u'hasCompleteData': True, u'name': u'Carbohydrates', u'amount': 33.33974, u'percentDailyValue': u'11', u'displayValue': u'33.3', u'unit': u'g'}, u'vitaminB6': {u'hasCompleteData': False, u'name': u'Vitamin B6', u'amount': 0.2906255, u'percentDailyValue': u'18', u'displayValue': u'< 1', u'unit': u'mg'}, u'calories': {u'hasCompleteData': True, u'name': u'Calories', u'amount': 431.598, u'percentDailyValue': u'22', u'displayValue': u'432', u'unit': u'kcal'}, u'thiamin': {u'hasCompleteData': False, u'name': u'Thiamin', u'amount': 0.245612, u'percentDailyValue': u'25', u'displayValue': u'< 1', u'unit': u'mg'}, u'fat': {u'hasCompleteData': True, u'name': u'Fat', u'amount': 23.91994, u'percentDailyValue': u'37', u'displayValue': u'23.9', u'unit': u'g'}, u'folate': {u'hasCompleteData': False, u'name': u'Folate', u'amount': 62.21719, u'percentDailyValue': u'35', u'displayValue': u'62', u'unit': u'mcg'}, u'caloriesFromFat': {u'hasCompleteData': True, u'name': u'Calories from Fat', u'amount': 215.2795, u'percentDailyValue': u'-', u'displayValue': u'215', u'unit': u'kcal'}, u'calcium': {u'hasCompleteData': True, u'name': u'Calcium', u'amount': 159.3734, u'percentDailyValue': u'20', u'displayValue': u'159', u'unit': u'mg'}, u'fiber': {u'hasCompleteData': True, u'name': u'Dietary Fiber', u'amount': 4.675975, u'percentDailyValue': u'19', u'displayValue': u'4.7', u'unit': u'g'}, u'magnesium': {u'hasCompleteData': False, u'name': u'Magnesium', u'amount': 44.87119, u'percentDailyValue': u'16', u'displayValue': u'45', u'unit': u'mg'}, u'iron': {u'hasCompleteData': True, u'name': u'Iron', u'amount': 3.482709, u'percentDailyValue': u'35', u'displayValue': u'3', u'unit': u'mg'}, u'cholesterol': {u'hasCompleteData': True, u'name': u'Cholesterol', u'amount': 67.86703, u'percentDailyValue': u'23', u'displayValue': u'68', u'unit': u'mg'}, u'protein': {u'hasCompleteData': True, u'name': u'Protein', u'amount': 19.79651, u'percentDailyValue': u'40', u'displayValue': u'19.8', u'unit': u'g'}, u'vitaminA': {u'hasCompleteData': True, u'name': u'Vitamin A - IU', u'amount': 251.8859, u'percentDailyValue': u'5', u'displayValue': u'252', u'unit': u'IU'}, u'potassium': {u'hasCompleteData': False, u'name': u'Potassium', u'amount': 387.971, u'percentDailyValue': u'11', u'displayValue': u'388', u'unit': u'mg'}, u'saturatedFat': {u'hasCompleteData': True, u'name': u'Saturated Fat', u'amount': 10.30632, u'percentDailyValue': u'52', u'displayValue': u'10.3', u'unit': u'g'}, u'vitaminC': {u'hasCompleteData': True, u'name': u'Vitamin C', u'amount': 8.34945, u'percentDailyValue': u'14', u'displayValue': u'8', u'unit': u'mg'}}
"
254664,Brad's Slow Cooker Chicken Parmesan,https://images.media-allrecipes.com/userphotos/720x405/3979445.jpg,all-purpose flour^eggs^Italian-seasoned bread crumbs^skinless boneless chicken breasts^butter^marinara sauce^mozzarella cheese^Parmesan cheese^oregano^basil^garlic powder,"{'directions': u'Prep\n15 m\nCook\n2 h 48 m\nReady In\n3 h 3 m\nSpread flour on a shallow plate. Beat eggs in a bowl. Pour bread crumbs into a shallow bowl. Dredge chicken breasts in flour. Dip in egg and roll in bread crumbs to coat.\nMelt 2 tablespoons butter in a large skillet over medium heat. Fry breaded chicken breasts, 2 at a time, until golden brown, 4 to 6 minutes per side. Transfer to a plate. Repeat with remaining butter and chicken breasts.\nLayer chicken breasts in a slow cooker, covering each layer with marinara sauce.\nCook on low until flavors combine, 2 1/2 to 3 hours.\nPreheat oven to 325 degrees F (165 degrees C).\nPlace chicken breasts side-by-side in a baking dish, spooning additional sauce on top. Place 2 slices mozzarella cheese over each piece of chicken. Sprinkle Parmesan cheese, oregano, basil, and garlic powder on top.\nBake in the preheated oven until cheese is melted, about 10 minutes.'}","{u'niacin': {u'hasCompleteData': False, u'name': u'Niacin Equivalents', u'amount': 27.4539, u'percentDailyValue': u'211', u'displayValue': u'27', u'unit': u'mg'}, u'sugars': {u'hasCompleteData': False, u'name': u'Sugars', u'amount': 23.24138, u'percentDailyValue': u'0', u'displayValue': u'23.2', u'unit': u'g'}, u'sodium': {u'hasCompleteData': True, u'name': u'Sodium', u'amount': 2685.283, u'percentDailyValue': u'107', u'displayValue': u'2685', u'unit': u'mg'}, u'carbohydrates': {u'hasCompleteData': True, u'name': u'Carbohydrates', u'amount': 99.04295, u'percentDailyValue': u'32', u'displayValue': u'99', u'unit': u'g'}, u'vitaminB6': {u'hasCompleteData': False, u'name': u'Vitamin B6', u'amount': 0.8775896, u'percentDailyValue': u'55', u'displayValue': u'< 1', u'unit': u'mg'}, u'calories': {u'hasCompleteData': True, u'name': u'Calories', u'amount': 1051.033, u'percentDailyValue': u'53', u'displayValue': u'1051', u'unit': u'kcal'}, u'thiamin': {u'hasCompleteData': False, u'name': u'Thiamin', u'amount': 0.4195263, u'percentDailyValue': u'42', u'displayValue': u'< 1', u'unit': u'mg'}, u'fat': {u'hasCompleteData': True, u'name': u'Fat', u'amount': 46.80664, u'percentDailyValue': u'72', u'displayValue': u'46.8', u'unit': u'g'}, u'folate': {u'hasCompleteData': False, u'name': u'Folate', u'amount': 101.8488, u'percentDailyValue': u'57', u'displayValue': u'102', u'unit': u'mcg'}, u'caloriesFromFat': {u'hasCompleteData': True, u'name': u'Calories from Fat', u'amount': 421.2597, u'percentDailyValue': u'-', u'displayValue': u'421', u'unit': u'kcal'}, u'calcium': {u'hasCompleteData': True, u'name': u'Calcium', u'amount': 805.612, u'percentDailyValue': u'101', u'displayValue': u'806', u'unit': u'mg'}, u'fiber': {u'hasCompleteData': True, u'name': u'Dietary Fiber', u'amount': 9.772446, u'percentDailyValue': u'39', u'displayValue': u'9.8', u'unit': u'g'}, u'magnesium': {u'hasCompleteData': False, u'name': u'Magnesium', u'amount': 96.92257, u'percentDailyValue': u'35', u'displayValue': u'97', u'unit': u'mg'}, u'iron': {u'hasCompleteData': True, u'name': u'Iron', u'amount': 8.350019, u'percentDailyValue': u'84', u'displayValue': u'8', u'unit': u'mg'}, u'cholesterol': {u'hasCompleteData': True, u'name': u'Cholesterol', u'amount': 243.32, u'percentDailyValue': u'81', u'displayValue': u'243', u'unit': u'mg'}, u'protein': {u'hasCompleteData': True, u'name': u'Protein', u'amount': 56.72738, u'percentDailyValue': u'113', u'displayValue': u'56.7', u'unit': u'g'}, u'vitaminA': {u'hasCompleteData': True, u'name': u'Vitamin A - IU', u'amount': 2094.048, u'percentDailyValue': u'42', u'displayValue': u'2094', u'unit': u'IU'}, u'potassium': {u'hasCompleteData': False, u'name': u'Potassium', u'amount': 1063.374, u'percentDailyValue': u'30', u'displayValue': u'1063', u'unit': u'mg'}, u'saturatedFat': {u'hasCompleteData': False, u'name': u'Saturated Fat', u'amount': 20.57561, u'percentDailyValue': u'103', u'displayValue': u'20.6', u'unit': u'g'}, u'vitaminC': {u'hasCompleteData': True, u'name': u'Vitamin C', u'amount': 5.497567, u'percentDailyValue': u'9', u'displayValue': u'5', u'unit': u'mg'}}
"
